o Mesh
v 0.767631471157074 -0.1405230164527893 0.013264999724924564
v 0.7727875113487244 -0.3558250069618225 -6.503621539414475e-17
v 0.767631471157074 -0.1405230164527893 0.004422000143676996
v 0.767631471157074 -0.1405230164527893 -0.004422000143676996
v 0.767631471157074 -0.1405230164527893 -0.013264999724924564
v 0.07164949178695679 0.3365059792995453 -0.013264999724924564
v 0.14219549298286438 0.3558250069618225 -0.004422000143676996
v 0.14219549298286438 0.3558250069618225 -0.013264999724924564
v 0.07164949178695679 0.3365059792995453 -0.004422000143676996
v 0.4015614986419678 0.25978100299835205 -0.004422000143676996
v 0.4015614986419678 0.25978100299835205 -0.013264999724924564
v 0.14219549298286438 0.3558250069618225 0.004422000143676996
v 0.07164949178695679 0.3365059792995453 0.004422000143676996
v 0.14219549298286438 0.3558250069618225 0.013264999724924564
v 0.07164949178695679 0.3365059792995453 0.013264999724924564
v 0.4015614986419678 0.25978100299835205 0.013264999724924564
v 0.4015614986419678 0.25978100299835205 0.004422000143676996
v 0.43357548117637634 0.27523598074913025 0.013264999724924564
v 0.43357548117637634 0.27523598074913025 0.004422000143676996
v 0.43357548117637634 0.27523598074913025 -0.004422000143676996
v 0.43357548117637634 0.27523598074913025 -0.013264999724924564
v 0.5713034868240356 0.20523598790168762 -0.013264999724924564
v 0.5713034868240356 0.20523598790168762 -0.004422000143676996
v 0.5713034868240356 0.20523598790168762 0.004422000143676996
v 0.5713034868240356 0.20523598790168762 0.013264999724924564
v 0.6881464719772339 0.055009983479976654 0.013264999724924564
v 0.6881464719772339 0.055009983479976654 0.004422000143676996
v 0.767631471157074 -0.1405230164527893 0.013264999724924564
v 0.767631471157074 -0.1405230164527893 0.004422000143676996
v 0.6881464719772339 0.055009983479976654 -0.004422000143676996
v 0.767631471157074 -0.1405230164527893 -0.004422000143676996
v 0.6881464719772339 0.055009983479976654 -0.013264999724924564
v 0.767631471157074 -0.1405230164527893 -0.013264999724924564
v -0.5512315034866333 -0.13616502285003662 0.01773500069975853
v -0.5420895218849182 -0.07461200654506683 0.01773500069975853
v -0.5512315034866333 -0.13616502285003662 -0.01773500069975853
v -0.5420895218849182 -0.07461200654506683 -0.01773500069975853
v -0.5999194979667664 -0.1741980016231537 -0.01773500069975853
v -0.5887594819068909 -0.019606009125709534 0.01773500069975853
v -0.5999194979667664 -0.1741980016231537 0.01773500069975853
v -0.5887594819068909 -0.019606009125709534 -0.01773500069975853
v -0.6535195112228394 -0.16930001974105835 -0.01773500069975853
v -0.6398525238037109 -0.01912301778793335 -0.01773500069975853
v -0.6535195112228394 -0.16930001974105835 0.01773500069975853
v -0.6398525238037109 -0.01912301778793335 0.01773500069975853
v -0.6960574984550476 -0.11674901843070984 -0.01773500069975853
v -0.6875215172767639 -0.054960012435913086 -0.01773500069975853
v -0.6960574984550476 -0.11674901843070984 0.01773500069975853
v -0.6875215172767639 -0.054960012435913086 0.01773500069975853
v 0.6881464719772339 0.055009983479976654 0.013264999724924564
v 0.7477225065231323 -0.14454200863838196 0.025817999616265297
v 0.767631471157074 -0.1405230164527893 0.013264999724924564
v 0.7477225065231323 -0.14454200863838196 0.025817999616265297
v 0.6881464719772339 0.055009983479976654 0.013264999724924564
v 0.6706984639167786 0.044935986399650574 0.025817999616265297
v 0.6881464719772339 0.055009983479976654 -0.013264999724924564
v 0.7477225065231323 -0.14454200863838196 -0.025817999616265297
v 0.6706984639167786 0.044935986399650574 -0.025817999616265297
v 0.767631471157074 -0.1405230164527893 -0.013264999724924564
v 0.767631471157074 -0.1405230164527893 -0.013264999724924564
v 0.7489485144615173 -0.2444930076599121 -0.013251000083982944
v 0.7477225065231323 -0.14454200863838196 -0.025817999616265297
v 0.7727875113487244 -0.3558250069618225 -6.503621539414475e-17
v 0.7727875113487244 -0.3558250069618225 -6.503621539414475e-17
v 0.767631471157074 -0.1405230164527893 0.013264999724924564
v 0.7489485144615173 -0.2444930076599121 0.013251000083982944
v 0.7477225065231323 -0.14454200863838196 0.025817999616265297
v 0.6881464719772339 0.055009983479976654 0.013264999724924564
v 0.5713034868240356 0.20523598790168762 0.013264999724924564
v 0.558287501335144 0.1894649863243103 0.025817999616265297
v 0.6881464719772339 0.055009983479976654 0.013264999724924564
v 0.558287501335144 0.1894649863243103 0.025817999616265297
v 0.6706984639167786 0.044935986399650574 0.025817999616265297
v 0.6881464719772339 0.055009983479976654 -0.013264999724924564
v 0.558287501335144 0.1894649863243103 -0.025817999616265297
v 0.5713034868240356 0.20523598790168762 -0.013264999724924564
v 0.6706984639167786 0.044935986399650574 -0.025817999616265297
v 0.5713034868240356 0.20523598790168762 -0.013264999724924564
v 0.4333474934101105 0.25296497344970703 -0.025817999616265297
v 0.43357548117637634 0.27523598074913025 -0.013264999724924564
v 0.558287501335144 0.1894649863243103 -0.025817999616265297
v 0.5713034868240356 0.20523598790168762 0.013264999724924564
v 0.43357548117637634 0.27523598074913025 0.013264999724924564
v 0.4333474934101105 0.25296497344970703 0.025817999616265297
v 0.558287501335144 0.1894649863243103 0.025817999616265297
v 0.4015614986419678 0.25978100299835205 -0.013264999724924564
v 0.14253848791122437 0.3345149755477905 -0.025817999616265297
v 0.14219549298286438 0.3558250069618225 -0.013264999724924564
v 0.14253848791122437 0.3345149755477905 -0.025817999616265297
v 0.4015614986419678 0.25978100299835205 -0.013264999724924564
v 0.40272048115730286 0.2381799817085266 -0.025817999616265297
v 0.4015614986419678 0.25978100299835205 0.013264999724924564
v 0.14219549298286438 0.3558250069618225 0.013264999724924564
v 0.14253848791122437 0.3345149755477905 0.025817999616265297
v 0.14253848791122437 0.3345149755477905 0.025817999616265297
v 0.40272048115730286 0.2381799817085266 0.025817999616265297
v 0.4015614986419678 0.25978100299835205 0.013264999724924564
v -0.4383994936943054 0.008427992463111877 -0.018737999722361565
v -0.4866034984588623 0.06514598429203033 -0.018737999722361565
v -0.4866034984588623 0.06514598429203033 0.018737999722361565
v -0.48482951521873474 0.08065798878669739 0.018737999722361565
v -0.4383994936943054 0.008427992463111877 0.018737999722361565
v -0.48482951521873474 0.08065798878669739 -0.018737999722361565
v -0.41735151410102844 0.009457990527153015 -0.018737999722361565
v -0.38698649406433105 0.15195699036121368 0.018737999722361565
v -0.41735151410102844 0.009457990527153015 0.018737999722361565
v -0.38698649406433105 0.15195699036121368 -0.018737999722361565
v -0.33206552267074585 0.0822729840874672 -0.018737999722361565
v -0.368180513381958 0.15088897943496704 -0.018737999722361565
v -0.33206552267074585 0.0822729840874672 0.018737999722361565
v -0.368180513381958 0.15088897943496704 0.018737999722361565
v -0.33117151260375977 0.10023398697376251 -0.018737999722361565
v -0.33117151260375977 0.10023398697376251 0.018737999722361565
v 0.07164949178695679 0.3365059792995453 -0.013264999724924564
v 0.14219549298286438 0.3558250069618225 -0.013264999724924564
v 0.14253848791122437 0.3345149755477905 -0.025817999616265297
v 0.07164949178695679 0.31758198142051697 -0.025817999616265297
v 0.14253848791122437 0.3345149755477905 0.025817999616265297
v 0.07164949178695679 0.3365059792995453 0.013264999724924564
v 0.07164949178695679 0.31758198142051697 0.025817999616265297
v 0.14219549298286438 0.3558250069618225 0.013264999724924564
v 0.30615949630737305 0.15944798290729523 -0.018763000145554543
v 0.4525184631347656 0.09819098562002182 0.018763000145554543
v 0.4525184631347656 0.09819098562002182 -0.018763000145554543
v 0.30615949630737305 0.15944798290729523 0.018763000145554543
v 0.15081249177455902 0.13100197911262512 0.018763000145554543
v 0.15081149339675903 0.13100197911262512 -0.018763000145554543
v 0.10774149000644684 0.14784298837184906 0.018763000145554543
v 0.10774149000644684 0.14784298837184906 -0.018763000145554543
v 0.09071049094200134 0.02561098337173462 -1.8323777721168574e-17
v 0.029610492289066315 0.08619298785924911 0.024351999163627625
v 0.029610492289066315 0.08619298785924911 -0.024351999163627625
v -0.08930450677871704 0.10447298735380173 0.024351999163627625
v -0.08930450677871704 0.10447298735380173 -0.024351999163627625
v -0.23649850487709045 0.05249498784542084 0.024351999163627625
v -0.23649850487709045 0.05249498784542084 -0.024351999163627625
v -0.35793450474739075 -0.060201019048690796 0.024351999163627625
v -0.35793450474739075 -0.060201019048690796 -0.024351999163627625
v -0.45793449878692627 -0.07020100951194763 0.024351999163627625
v -0.45793449878692627 -0.07020100951194763 -0.024351999163627625
v -0.567934513092041 0.059798985719680786 0.024351999163627625
v -0.567934513092041 0.059798985719680786 -0.024351999163627625
v -0.5456784963607788 0.1543859839439392 0.024351999163627625
v -0.5456784963607788 0.1543859839439392 -0.024351999163627625
v -0.38432350754737854 0.2608959972858429 0.024351999163627625
v -0.38432350754737854 0.2608959972858429 -0.024351999163627625
v 0.08402149379253387 0.34576699137687683 0.024351999163627625
v 0.08402149379253387 0.34576699137687683 -0.024351999163627625
v 0.12013249099254608 0.3156079649925232 0.024351999163627625
v 0.12013249099254608 0.3156079649925232 -0.024351999163627625
v 0.082132488489151 0.2686079740524292 0.024351999163627625
v 0.082132488489151 0.2686079740524292 -0.024351999163627625
v 0.12213249504566193 0.14734798669815063 0.024351999163627625
v 0.12213249504566193 0.14734798669815063 -0.024351999163627625
v 0.09071049094200134 0.02561098337173462 -1.8323777721168574e-17
v 0.13015149533748627 0.04922398924827576 -0.025817999616265297
v 0.2993984818458557 0.08904698491096497 -0.025817999616265297
v 0.2976444959640503 0.04420998692512512 -1.6046056495165007e-17
v 0.13015149533748627 0.04922398924827576 -0.025817999616265297
v 0.2976444959640503 0.04420998692512512 -1.6046056495165007e-17
v 0.12666548788547516 0.004267990589141846 -2.0937541071021808e-17
v 0.2976444959640503 0.04420998692512512 -1.6046056495165007e-17
v 0.13015149533748627 0.04922398924827576 0.025817999616265297
v 0.12666548788547516 0.004267990589141846 -2.0937541071021808e-17
v 0.2993984818458557 0.08904698491096497 0.025817999616265297
v -0.24704350531101227 0.06993598490953445 0.04095600172877312
v -0.2761455178260803 0.10629298537969589 0.04095600172877312
v -0.31177350878715515 0.07753298431634903 0.04095600172877312
v -0.31560149788856506 0.10688198357820511 0.04095600172877312
v -0.309735506772995 0.19135898351669312 0.04095600172877312
v -0.24162350594997406 0.09631898999214172 0.04095600172877312
v -0.3582315146923065 0.16582798957824707 0.04095600172877312
v -0.36659350991249084 -0.0410110205411911 0.04095600172877312
v -0.09214450418949127 0.12463398277759552 0.04095600172877312
v -0.4154765009880066 -0.007467016577720642 0.04095600172877312
v -0.09338551014661789 0.14862897992134094 0.04095600172877312
v -0.44947749376296997 -0.04929901659488678 0.04095600172877312
v 0.034629493951797485 0.13293999433517456 0.04095600172877312
v -0.4435485005378723 -0.00810500979423523 0.04095600172877312
v -0.5037715435028076 0.059642985463142395 0.04095600172877312
v -0.5462045073509216 0.06501498818397522 0.04095600172877312
v -0.5005815029144287 0.08962898701429367 0.04095600172877312
v -0.5280674695968628 0.14209797978401184 0.04095600172877312
v -0.3926835060119629 0.1690179854631424 0.04095600172877312
v 0.0412524938583374 0.10549098998308182 0.04095600172877312
v -0.37689051032066345 0.24188898503780365 0.04095600172877312
v 0.10141949355602264 0.1459129899740219 0.04095600172877312
v 0.08131548762321472 0.07807398587465286 0.04095600172877312
v 0.056098490953445435 0.1628429889678955 0.04095600172877312
v 0.059685491025447845 0.2719409763813019 0.04095600172877312
v 0.01594749093055725 0.267208993434906 0.04095600172877312
v -0.2850494980812073 0.21745598316192627 0.04095600172877312
v -0.007263507694005966 0.27518898248672485 0.04095600172877312
v 0.0737524926662445 0.32311198115348816 0.04095600172877312
v 0.0909934937953949 0.309469997882843 0.04095600172877312
v 0.034629493951797485 0.13293999433517456 -0.04095600172877312
v 0.10141949355602264 0.1459129899740219 -0.04095600172877312
v 0.0412524938583374 0.10549098998308182 -0.04095600172877312
v 0.08131548762321472 0.07807398587465286 -0.04095600172877312
v -0.09214450418949127 0.12463398277759552 -0.04095600172877312
v 0.056098490953445435 0.1628429889678955 -0.04095600172877312
v -0.09338551014661789 0.14862897992134094 -0.04095600172877312
v 0.059685491025447845 0.2719409763813019 -0.04095600172877312
v -0.24162350594997406 0.09631898999214172 -0.04095600172877312
v -0.24704350531101227 0.06993598490953445 -0.04095600172877312
v 0.01594749093055725 0.267208993434906 -0.04095600172877312
v -0.2761455178260803 0.10629298537969589 -0.04095600172877312
v 0.0737524926662445 0.32311198115348816 -0.04095600172877312
v 0.0909934937953949 0.309469997882843 -0.04095600172877312
v -0.007263507694005966 0.27518898248672485 -0.04095600172877312
v -0.37689051032066345 0.24188898503780365 -0.04095600172877312
v -0.2850494980812073 0.21745598316192627 -0.04095600172877312
v -0.309735506772995 0.19135898351669312 -0.04095600172877312
v -0.31177350878715515 0.07753298431634903 -0.04095600172877312
v -0.36659350991249084 -0.0410110205411911 -0.04095600172877312
v -0.31560149788856506 0.10688198357820511 -0.04095600172877312
v -0.4154765009880066 -0.007467016577720642 -0.04095600172877312
v -0.3582315146923065 0.16582798957824707 -0.04095600172877312
v -0.3926835060119629 0.1690179854631424 -0.04095600172877312
v -0.44947749376296997 -0.04929901659488678 -0.04095600172877312
v -0.5280674695968628 0.14209797978401184 -0.04095600172877312
v -0.4435485005378723 -0.00810500979423523 -0.04095600172877312
v -0.5005815029144287 0.08962898701429367 -0.04095600172877312
v -0.5037715435028076 0.059642985463142395 -0.04095600172877312
v -0.5462045073509216 0.06501498818397522 -0.04095600172877312
v -0.48482951521873474 0.08065798878669739 0.018737999722361565
v -0.5037715435028076 0.059642985463142395 0.04095600172877312
v -0.4866034984588623 0.06514598429203033 0.018737999722361565
v -0.4383994936943054 0.008427992463111877 0.018737999722361565
v -0.5005815029144287 0.08962898701429367 0.04095600172877312
v -0.4435485005378723 -0.00810500979423523 0.04095600172877312
v -0.3926835060119629 0.1690179854631424 0.04095600172877312
v -0.4154765009880066 -0.007467016577720642 0.04095600172877312
v -0.38698649406433105 0.15195699036121368 0.018737999722361565
v -0.41735151410102844 0.009457990527153015 0.018737999722361565
v -0.368180513381958 0.15088897943496704 0.018737999722361565
v -0.33206552267074585 0.0822729840874672 0.018737999722361565
v -0.3582315146923065 0.16582798957824707 0.04095600172877312
v -0.31177350878715515 0.07753298431634903 0.04095600172877312
v -0.31560149788856506 0.10688198357820511 0.04095600172877312
v -0.33117151260375977 0.10023398697376251 0.018737999722361565
v -0.3926835060119629 0.1690179854631424 -0.04095600172877312
v -0.368180513381958 0.15088897943496704 -0.018737999722361565
v -0.38698649406433105 0.15195699036121368 -0.018737999722361565
v -0.48482951521873474 0.08065798878669739 -0.018737999722361565
v -0.3582315146923065 0.16582798957824707 -0.04095600172877312
v -0.5005815029144287 0.08962898701429367 -0.04095600172877312
v -0.31560149788856506 0.10688198357820511 -0.04095600172877312
v -0.5037715435028076 0.059642985463142395 -0.04095600172877312
v -0.33117151260375977 0.10023398697376251 -0.018737999722361565
v -0.4866034984588623 0.06514598429203033 -0.018737999722361565
v -0.31177350878715515 0.07753298431634903 -0.04095600172877312
v -0.4383994936943054 0.008427992463111877 -0.018737999722361565
v -0.33206552267074585 0.0822729840874672 -0.018737999722361565
v -0.4435485005378723 -0.00810500979423523 -0.04095600172877312
v -0.4154765009880066 -0.007467016577720642 -0.04095600172877312
v -0.41735151410102844 0.009457990527153015 -0.018737999722361565
v 0.03945948928594589 0.16451998054981232 0.018737999722361565
v 0.027041494846343994 0.14784298837184906 0.018737999722361565
v 0.056098490953445435 0.1628429889678955 0.04095600172877312
v 0.0046714916825294495 0.254859983921051 0.018737999722361565
v 0.034629493951797485 0.13293999433517456 0.04095600172877312
v 0.01594749093055725 0.267208993434906 0.04095600172877312
v -0.09338551014661789 0.14862897992134094 0.04095600172877312
v -0.007263507694005966 0.27518898248672485 0.04095600172877312
v -0.096157506108284 0.16512098908424377 0.018737999722361565
v -0.00831850990653038 0.25849899649620056 0.018737999722361565
v -0.24162350594997406 0.09631898999214172 0.04095600172877312
v -0.276899516582489 0.2028529942035675 0.018737999722361565
v -0.2421085089445114 0.11303498595952988 0.018737999722361565
v -0.2850494980812073 0.21745598316192627 0.04095600172877312
v -0.264893501996994 0.11866498738527298 0.018737999722361565
v -0.29331451654434204 0.18818798661231995 0.018737999722361565
v -0.2761455178260803 0.10629298537969589 0.04095600172877312
v -0.309735506772995 0.19135898351669312 0.04095600172877312
v 0.01594749093055725 0.267208993434906 -0.04095600172877312
v 0.056098490953445435 0.1628429889678955 -0.04095600172877312
v 0.0046714916825294495 0.254859983921051 -0.018737999722361565
v -0.007263507694005966 0.27518898248672485 -0.04095600172877312
v 0.03945948928594589 0.16451998054981232 -0.018737999722361565
v -0.00831850990653038 0.25849899649620056 -0.018737999722361565
v 0.027041494846343994 0.14784298837184906 -0.018737999722361565
v -0.276899516582489 0.2028529942035675 -0.018737999722361565
v 0.034629493951797485 0.13293999433517456 -0.04095600172877312
v -0.2850494980812073 0.21745598316192627 -0.04095600172877312
v -0.09338551014661789 0.14862897992134094 -0.04095600172877312
v -0.29331451654434204 0.18818798661231995 -0.018737999722361565
v -0.096157506108284 0.16512098908424377 -0.018737999722361565
v -0.309735506772995 0.19135898351669312 -0.04095600172877312
v -0.24162350594997406 0.09631898999214172 -0.04095600172877312
v -0.264893501996994 0.11866498738527298 -0.018737999722361565
v -0.2421085089445114 0.11303498595952988 -0.018737999722361565
v -0.2761455178260803 0.10629298537969589 -0.04095600172877312
v 0.08131548762321472 0.07807398587465286 -0.04095600172877312
v 0.10141949355602264 0.1459129899740219 -0.04095600172877312
v 0.12213249504566193 0.14734798669815063 -0.024351999163627625
v 0.09071049094200134 0.02561098337173462 -1.8323777721168574e-17
v 0.082132488489151 0.2686079740524292 -0.024351999163627625
v 0.059685491025447845 0.2719409763813019 -0.04095600172877312
v 0.0909934937953949 0.309469997882843 -0.04095600172877312
v 0.12013249099254608 0.3156079649925232 -0.024351999163627625
v 0.08402149379253387 0.34576699137687683 -0.024351999163627625
v 0.0737524926662445 0.32311198115348816 -0.04095600172877312
v -0.38432350754737854 0.2608959972858429 -0.024351999163627625
v -0.37689051032066345 0.24188898503780365 -0.04095600172877312
v -0.5280674695968628 0.14209797978401184 -0.04095600172877312
v -0.5456784963607788 0.1543859839439392 -0.024351999163627625
v -0.5462045073509216 0.06501498818397522 -0.04095600172877312
v -0.567934513092041 0.059798985719680786 -0.024351999163627625
v -0.44947749376296997 -0.04929901659488678 -0.04095600172877312
v -0.45793449878692627 -0.07020100951194763 -0.024351999163627625
v -0.35793450474739075 -0.060201019048690796 -0.024351999163627625
v -0.36659350991249084 -0.0410110205411911 -0.04095600172877312
v -0.23649850487709045 0.05249498784542084 -0.024351999163627625
v -0.24704350531101227 0.06993598490953445 -0.04095600172877312
v -0.09214450418949127 0.12463398277759552 -0.04095600172877312
v -0.08930450677871704 0.10447298735380173 -0.024351999163627625
v 0.029610492289066315 0.08619298785924911 -0.024351999163627625
v 0.0412524938583374 0.10549098998308182 -0.04095600172877312
v 0.08131548762321472 0.07807398587465286 -0.04095600172877312
v 0.09071049094200134 0.02561098337173462 -1.8323777721168574e-17
v 0.029610492289066315 0.08619298785924911 0.024351999163627625
v -0.09214450418949127 0.12463398277759552 0.04095600172877312
v -0.08930450677871704 0.10447298735380173 0.024351999163627625
v -0.23649850487709045 0.05249498784542084 0.024351999163627625
v 0.0412524938583374 0.10549098998308182 0.04095600172877312
v -0.24704350531101227 0.06993598490953445 0.04095600172877312
v 0.08131548762321472 0.07807398587465286 0.04095600172877312
v -0.36659350991249084 -0.0410110205411911 0.04095600172877312
v 0.09071049094200134 0.02561098337173462 -1.8323777721168574e-17
v -0.35793450474739075 -0.060201019048690796 0.024351999163627625
v 0.12213249504566193 0.14734798669815063 0.024351999163627625
v -0.44947749376296997 -0.04929901659488678 0.04095600172877312
v 0.10141949355602264 0.1459129899740219 0.04095600172877312
v -0.45793449878692627 -0.07020100951194763 0.024351999163627625
v 0.082132488489151 0.2686079740524292 0.024351999163627625
v -0.567934513092041 0.059798985719680786 0.024351999163627625
v 0.059685491025447845 0.2719409763813019 0.04095600172877312
v -0.5462045073509216 0.06501498818397522 0.04095600172877312
v 0.0909934937953949 0.309469997882843 0.04095600172877312
v -0.5456784963607788 0.1543859839439392 0.024351999163627625
v 0.12013249099254608 0.3156079649925232 0.024351999163627625
v -0.5280674695968628 0.14209797978401184 0.04095600172877312
v 0.08402149379253387 0.34576699137687683 0.024351999163627625
v -0.38432350754737854 0.2608959972858429 0.024351999163627625
v 0.0737524926662445 0.32311198115348816 0.04095600172877312
v -0.37689051032066345 0.24188898503780365 0.04095600172877312
v -0.6495785117149353 0.03528699278831482 0.0284620001912117
v -0.5799484848976135 -0.0011180192232131958 0.0284620001912117
v -0.5723295211791992 0.03973197937011719 0.0284620001912117
v -0.5224114656448364 -0.06893901526927948 0.0284620001912117
v -0.6461905241012573 0.0003519803285598755 0.0284620001912117
v -0.47860151529312134 -0.07043901085853577 0.0284620001912117
v -0.7405164837837219 -0.02789001166820526 0.0284620001912117
v -0.5335065126419067 -0.14642402529716492 0.0284620001912117
v -0.705218493938446 -0.04465301334857941 0.0284620001912117
v -0.4938324987888336 -0.16918399930000305 0.0284620001912117
v -0.7531715035438538 -0.126196026802063 0.0284620001912117
v -0.5769554972648621 -0.23018500208854675 0.0284620001912117
v -0.7157835364341736 -0.12225300073623657 0.0284620001912117
v -0.5941644906997681 -0.19385302066802979 0.0284620001912117
v -0.6842405200004578 -0.225832998752594 0.0284620001912117
v -0.6632065176963806 -0.1873440146446228 0.0284620001912117
v -0.705218493938446 -0.04465301334857941 -0.0284620001912117
v -0.7531715035438538 -0.126196026802063 -0.0284620001912117
v -0.7405164837837219 -0.02789001166820526 -0.0284620001912117
v -0.7157835364341736 -0.12225300073623657 -0.0284620001912117
v -0.6461905241012573 0.0003519803285598755 -0.0284620001912117
v -0.6842405200004578 -0.225832998752594 -0.0284620001912117
v -0.6495785117149353 0.03528699278831482 -0.0284620001912117
v -0.6632065176963806 -0.1873440146446228 -0.0284620001912117
v -0.5799484848976135 -0.0011180192232131958 -0.0284620001912117
v -0.5941644906997681 -0.19385302066802979 -0.0284620001912117
v -0.5723295211791992 0.03973197937011719 -0.0284620001912117
v -0.5769554972648621 -0.23018500208854675 -0.0284620001912117
v -0.5224114656448364 -0.06893901526927948 -0.0284620001912117
v -0.5335065126419067 -0.14642402529716492 -0.0284620001912117
v -0.47860151529312134 -0.07043901085853577 -0.0284620001912117
v -0.4938324987888336 -0.16918399930000305 -0.0284620001912117
v -0.4586605131626129 -0.06479200720787048 -0.018425999209284782
v -0.47639450430870056 -0.1797640025615692 -0.018425999209284782
v -0.47860151529312134 -0.07043901085853577 -0.0284620001912117
v -0.4938324987888336 -0.16918399930000305 -0.0284620001912117
v -0.5723295211791992 0.03973197937011719 -0.0284620001912117
v -0.5711244940757751 -0.24928399920463562 -0.018425999209284782
v -0.5640504956245422 0.059086985886096954 -0.018425999209284782
v -0.5769554972648621 -0.23018500208854675 -0.0284620001912117
v -0.6559665203094482 0.05379698425531387 -0.018425999209284782
v -0.6842405200004578 -0.225832998752594 -0.0284620001912117
v -0.6495785117149353 0.03528699278831482 -0.0284620001912117
v -0.694393515586853 -0.2442840039730072 -0.018425999209284782
v -0.7405164837837219 -0.02789001166820526 -0.0284620001912117
v -0.7727875113487244 -0.13096800446510315 -0.018425999209284782
v -0.758140504360199 -0.017186015844345093 -0.018425999209284782
v -0.7531715035438538 -0.126196026802063 -0.0284620001912117
v -0.47639450430870056 -0.1797640025615692 0.018425999209284782
v -0.47860151529312134 -0.07043901085853577 0.0284620001912117
v -0.4938324987888336 -0.16918399930000305 0.0284620001912117
v -0.4586605131626129 -0.06479200720787048 0.018425999209284782
v -0.5711244940757751 -0.24928399920463562 0.018425999209284782
v -0.5723295211791992 0.03973197937011719 0.0284620001912117
v -0.5769554972648621 -0.23018500208854675 0.0284620001912117
v -0.5640504956245422 0.059086985886096954 0.018425999209284782
v -0.6842405200004578 -0.225832998752594 0.0284620001912117
v -0.6559665203094482 0.05379698425531387 0.018425999209284782
v -0.694393515586853 -0.2442840039730072 0.018425999209284782
v -0.6495785117149353 0.03528699278831482 0.0284620001912117
v -0.7727875113487244 -0.13096800446510315 0.018425999209284782
v -0.7405164837837219 -0.02789001166820526 0.0284620001912117
v -0.7531715035438538 -0.126196026802063 0.0284620001912117
v -0.758140504360199 -0.017186015844345093 0.018425999209284782
v -0.5799484848976135 -0.0011180192232131958 0.0284620001912117
v -0.5420895218849182 -0.07461200654506683 0.01773500069975853
v -0.5224114656448364 -0.06893901526927948 0.0284620001912117
v -0.5335065126419067 -0.14642402529716492 0.0284620001912117
v -0.5887594819068909 -0.019606009125709534 0.01773500069975853
v -0.5512315034866333 -0.13616502285003662 0.01773500069975853
v -0.6461905241012573 0.0003519803285598755 0.0284620001912117
v -0.5941644906997681 -0.19385302066802979 0.0284620001912117
v -0.6398525238037109 -0.01912301778793335 0.01773500069975853
v -0.5999194979667664 -0.1741980016231537 0.01773500069975853
v -0.6875215172767639 -0.054960012435913086 0.01773500069975853
v -0.6535195112228394 -0.16930001974105835 0.01773500069975853
v -0.705218493938446 -0.04465301334857941 0.0284620001912117
v -0.6632065176963806 -0.1873440146446228 0.0284620001912117
v -0.6960574984550476 -0.11674901843070984 0.01773500069975853
v -0.7157835364341736 -0.12225300073623657 0.0284620001912117
v -0.6461905241012573 0.0003519803285598755 -0.0284620001912117
v -0.5799484848976135 -0.0011180192232131958 -0.0284620001912117
v -0.5887594819068909 -0.019606009125709534 -0.01773500069975853
v -0.6398525238037109 -0.01912301778793335 -0.01773500069975853
v -0.5420895218849182 -0.07461200654506683 -0.01773500069975853
v -0.6875215172767639 -0.054960012435913086 -0.01773500069975853
v -0.5224114656448364 -0.06893901526927948 -0.0284620001912117
v -0.705218493938446 -0.04465301334857941 -0.0284620001912117
v -0.5335065126419067 -0.14642402529716492 -0.0284620001912117
v -0.6960574984550476 -0.11674901843070984 -0.01773500069975853
v -0.5512315034866333 -0.13616502285003662 -0.01773500069975853
v -0.7157835364341736 -0.12225300073623657 -0.0284620001912117
v -0.5941644906997681 -0.19385302066802979 -0.0284620001912117
v -0.6632065176963806 -0.1873440146446228 -0.0284620001912117
v -0.5999194979667664 -0.1741980016231537 -0.01773500069975853
v -0.6535195112228394 -0.16930001974105835 -0.01773500069975853
v 0.3891505002975464 0.2102929949760437 -0.025817999616265297
v 0.4333474934101105 0.25296497344970703 -0.025817999616265297
v 0.558287501335144 0.1894649863243103 -0.025817999616265297
v 0.40272048115730286 0.2381799817085266 -0.025817999616265297
v 0.1721304953098297 0.28752198815345764 -0.025817999616265297
v 0.14253848791122437 0.3345149755477905 -0.025817999616265297
v 0.07164949178695679 0.275784969329834 -0.025817999616265297
v 0.07164949178695679 0.3034829795360565 -0.025817999616265297
v 0.07164949178695679 0.31758198142051697 -0.025817999616265297
v 0.536114513874054 0.04200299084186554 -0.025817999616265297
v 0.6706984639167786 0.044935986399650574 -0.025817999616265297
v 0.6518235206604004 -0.04861702024936676 -0.025817999616265297
v 0.7477225065231323 -0.14454200863838196 -0.025817999616265297
v 0.7489485144615173 -0.2444930076599121 -0.013251000083982944
v 0.5237165093421936 -0.01701401174068451 -0.025817999616265297
v 0.48279649019241333 0.03045298159122467 -0.025817999616265297
v 0.30311548709869385 0.12686999142169952 -0.025817999616265297
v 0.2993984818458557 0.08904698491096497 -0.025817999616265297
v 0.15015649795532227 0.09867198765277863 -0.025817999616265297
v 0.13015149533748627 0.04922398924827576 -0.025817999616265297
v 0.08875449001789093 0.0849979892373085 -0.025817999616265297
v 0.09574049711227417 0.10812298953533173 -0.025817999616265297
v 0.08178448677062988 0.06192898750305176 -0.025817999616265297
v 0.13015149533748627 0.04922398924827576 0.025817999616265297
v 0.08875449001789093 0.0849979892373085 0.025817999616265297
v 0.08178448677062988 0.06192898750305176 0.025817999616265297
v 0.15015749633312225 0.09867198765277863 0.025817999616265297
v 0.09574049711227417 0.10812298953533173 0.025817999616265297
v 0.2993984818458557 0.08904698491096497 0.025817999616265297
v 0.30311548709869385 0.12686999142169952 0.025817999616265297
v 0.48279649019241333 0.03045298159122467 0.025817999616265297
v 0.536114513874054 0.04200299084186554 0.025817999616265297
v 0.5237165093421936 -0.01701401174068451 0.025817999616265297
v 0.6518235206604004 -0.04861702024936676 0.025817999616265297
v 0.7489485144615173 -0.2444930076599121 0.013251000083982944
v 0.7477225065231323 -0.14454200863838196 0.025817999616265297
v 0.6706984639167786 0.044935986399650574 0.025817999616265297
v 0.558287501335144 0.1894649863243103 0.025817999616265297
v 0.3891505002975464 0.2102929949760437 0.025817999616265297
v 0.4333474934101105 0.25296497344970703 0.025817999616265297
v 0.40272048115730286 0.2381799817085266 0.025817999616265297
v 0.1721304953098297 0.28752198815345764 0.025817999616265297
v 0.14253848791122437 0.3345149755477905 0.025817999616265297
v 0.07164949178695679 0.275784969329834 0.025817999616265297
v 0.07164949178695679 0.3034829795360565 0.025817999616265297
v 0.07164949178695679 0.31758198142051697 0.025817999616265297
v 0.1721304953098297 0.28752198815345764 0.025817999616265297
v 0.37098249793052673 0.18326298892498016 0.018763000145554543
v 0.3891505002975464 0.2102929949760437 0.025817999616265297
v 0.4525184631347656 0.09819098562002182 0.018763000145554543
v 0.1684894859790802 0.2552899718284607 0.018763000145554543
v 0.536114513874054 0.04200299084186554 0.025817999616265297
v 0.07164949178695679 0.275784969329834 0.025817999616265297
v 0.07164949178695679 0.27183997631073 0.013264999724924564
v 0.07164949178695679 0.24564698338508606 0.018763000145554543
v 0.30311548709869385 0.12686999142169952 0.025817999616265297
v 0.30615949630737305 0.15944798290729523 0.018763000145554543
v 0.15081249177455902 0.13100197911262512 0.018763000145554543
v 0.15015749633312225 0.09867198765277863 0.025817999616265297
v 0.09720049798488617 0.1129549890756607 0.013264999724924564
v 0.09574049711227417 0.10812298953533173 0.025817999616265297
v 0.10774149000644684 0.14784298837184906 0.018763000145554543
v 0.30311548709869385 0.12686999142169952 -0.025817999616265297
v 0.15081149339675903 0.13100197911262512 -0.018763000145554543
v 0.30615949630737305 0.15944798290729523 -0.018763000145554543
v 0.4525184631347656 0.09819098562002182 -0.018763000145554543
v 0.536114513874054 0.04200299084186554 -0.025817999616265297
v 0.3891505002975464 0.2102929949760437 -0.025817999616265297
v 0.37098249793052673 0.18326298892498016 -0.018763000145554543
v 0.1721304953098297 0.28752198815345764 -0.025817999616265297
v 0.1684894859790802 0.2552899718284607 -0.018763000145554543
v 0.07164949178695679 0.275784969329834 -0.025817999616265297
v 0.07164949178695679 0.27183997631073 -0.013264999724924564
v 0.07164949178695679 0.24564698338508606 -0.018763000145554543
v 0.15015649795532227 0.09867198765277863 -0.025817999616265297
v 0.09720049798488617 0.1129549890756607 -0.013264999724924564
v 0.10774149000644684 0.14784298837184906 -0.018763000145554543
v 0.09574049711227417 0.10812298953533173 -0.025817999616265297
v 0.5237165093421936 -0.01701401174068451 -0.025817999616265297
v 0.6239044666290283 -0.08536100387573242 -3.191392836021874e-17
v 0.5001285076141357 -0.05546601116657257 -2.825284682139374e-17
v 0.6239044666290283 -0.08536100387573242 -3.191392836021874e-17
v 0.5237165093421936 -0.01701401174068451 -0.025817999616265297
v 0.6518235206604004 -0.04861702024936676 -0.025817999616265297
v 0.4015614986419678 0.25978100299835205 -0.013264999724924564
v 0.4333474934101105 0.25296497344970703 -0.025817999616265297
v 0.40272048115730286 0.2381799817085266 -0.025817999616265297
v 0.4015614986419678 0.25978100299835205 -0.013264999724924564
v 0.43357548117637634 0.27523598074913025 -0.013264999724924564
v 0.4333474934101105 0.25296497344970703 -0.025817999616265297
v 0.4333474934101105 0.25296497344970703 0.025817999616265297
v 0.4015614986419678 0.25978100299835205 0.013264999724924564
v 0.40272048115730286 0.2381799817085266 0.025817999616265297
v 0.4015614986419678 0.25978100299835205 0.013264999724924564
v 0.4333474934101105 0.25296497344970703 0.025817999616265297
v 0.43357548117637634 0.27523598074913025 0.013264999724924564
v 0.13015149533748627 0.04922398924827576 -0.025817999616265297
v 0.07553249597549438 0.04333499073982239 -1.61532144347988e-17
v 0.08178448677062988 0.06192898750305176 -0.025817999616265297
v 0.12666548788547516 0.004267990589141846 -2.0937541071021808e-17
v 0.07553249597549438 0.04333499073982239 -1.61532144347988e-17
v 0.12666548788547516 0.004267990589141846 -2.0937541071021808e-17
v 0.13015149533748627 0.04922398924827576 0.025817999616265297
v 0.08178448677062988 0.06192898750305176 0.025817999616265297
v 0.4580345153808594 -0.007001012563705444 -2.231759597011548e-17
v 0.2993984818458557 0.08904698491096497 -0.025817999616265297
v 0.48279649019241333 0.03045298159122467 -0.025817999616265297
v 0.2976444959640503 0.04420998692512512 -1.6046056495165007e-17
v 0.4580345153808594 -0.007001012563705444 -2.231759597011548e-17
v 0.2993984818458557 0.08904698491096497 0.025817999616265297
v 0.2976444959640503 0.04420998692512512 -1.6046056495165007e-17
v 0.48279649019241333 0.03045298159122467 0.025817999616265297
v 0.5237165093421936 -0.01701401174068451 0.025817999616265297
v 0.4580345153808594 -0.007001012563705444 -2.231759597011548e-17
v 0.5001285076141357 -0.05546601116657257 -2.825284682139374e-17
v 0.6239044666290283 -0.08536100387573242 -3.191392836021874e-17
v 0.5237165093421936 -0.01701401174068451 0.025817999616265297
v 0.6518235206604004 -0.04861702024936676 0.025817999616265297
v -0.2421085089445114 0.11303498595952988 -0.018737999722361565
v -0.096157506108284 0.16512098908424377 0.018737999722361565
v -0.096157506108284 0.16512098908424377 -0.018737999722361565
v 0.027041494846343994 0.14784298837184906 0.018737999722361565
v -0.2421085089445114 0.11303498595952988 0.018737999722361565
v 0.027041494846343994 0.14784298837184906 -0.018737999722361565
v -0.264893501996994 0.11866498738527298 -0.018737999722361565
v 0.03945948928594589 0.16451998054981232 0.018737999722361565
v -0.264893501996994 0.11866498738527298 0.018737999722361565
v 0.03945948928594589 0.16451998054981232 -0.018737999722361565
v -0.29331451654434204 0.18818798661231995 -0.018737999722361565
v 0.0046714916825294495 0.254859983921051 0.018737999722361565
v -0.29331451654434204 0.18818798661231995 0.018737999722361565
v 0.0046714916825294495 0.254859983921051 -0.018737999722361565
v -0.276899516582489 0.2028529942035675 -0.018737999722361565
v -0.00831850990653038 0.25849899649620056 0.018737999722361565
v -0.276899516582489 0.2028529942035675 0.018737999722361565
v -0.00831850990653038 0.25849899649620056 -0.018737999722361565
v 0.4580345153808594 -0.007001012563705444 -2.231759597011548e-17
v 0.5237165093421936 -0.01701401174068451 -0.025817999616265297
v 0.5001285076141357 -0.05546601116657257 -2.825284682139374e-17
v 0.5237165093421936 -0.01701401174068451 -0.025817999616265297
v 0.4580345153808594 -0.007001012563705444 -2.231759597011548e-17
v 0.48279649019241333 0.03045298159122467 -0.025817999616265297
v 0.4580345153808594 -0.007001012563705444 -2.231759597011548e-17
v 0.5237165093421936 -0.01701401174068451 0.025817999616265297
v 0.48279649019241333 0.03045298159122467 0.025817999616265297
v 0.6239044666290283 -0.08536100387573242 -3.191392836021874e-17
v 0.7727875113487244 -0.3558250069618225 -6.503621539414475e-17
v 0.7489485144615173 -0.2444930076599121 0.013251000083982944
v 0.7727875113487244 -0.3558250069618225 -6.503621539414475e-17
v 0.6239044666290283 -0.08536100387573242 -3.191392836021874e-17
v 0.7489485144615173 -0.2444930076599121 -0.013251000083982944
v 0.6518235206604004 -0.04861702024936676 -0.025817999616265297
v 0.4525184631347656 0.09819098562002182 -0.018763000145554543
v 0.37098249793052673 0.18326298892498016 0.018763000145554543
v 0.37098249793052673 0.18326298892498016 -0.018763000145554543
v 0.4525184631347656 0.09819098562002182 0.018763000145554543
v 0.1684894859790802 0.2552899718284607 -0.018763000145554543
v 0.1684894859790802 0.2552899718284607 0.018763000145554543
v 0.07164949178695679 0.24564698338508606 -0.018763000145554543
v 0.07164949178695679 0.24564698338508606 0.018763000145554543
v 0.7489485144615173 -0.2444930076599121 0.013251000083982944
v 0.6518235206604004 -0.04861702024936676 0.025817999616265297
v 0.6239044666290283 -0.08536100387573242 -3.191392836021874e-17
v -0.6559665203094482 0.05379698425531387 0.018425999209284782
v -0.5640504956245422 0.059086985886096954 -0.018425999209284782
v -0.6559665203094482 0.05379698425531387 -0.018425999209284782
v -0.758140504360199 -0.017186015844345093 -0.018425999209284782
v -0.5640504956245422 0.059086985886096954 0.018425999209284782
v -0.758140504360199 -0.017186015844345093 0.018425999209284782
v -0.4586605131626129 -0.06479200720787048 -0.018425999209284782
v -0.7727875113487244 -0.13096800446510315 0.018425999209284782
v -0.4586605131626129 -0.06479200720787048 0.018425999209284782
v -0.7727875113487244 -0.13096800446510315 -0.018425999209284782
v -0.47639450430870056 -0.1797640025615692 -0.018425999209284782
v -0.694393515586853 -0.2442840039730072 0.018425999209284782
v -0.47639450430870056 -0.1797640025615692 0.018425999209284782
v -0.694393515586853 -0.2442840039730072 -0.018425999209284782
v -0.5711244940757751 -0.24928399920463562 -0.018425999209284782
v -0.5711244940757751 -0.24928399920463562 0.018425999209284782

vn 0.9779991507530212 0.20723573863506317 0.0004885197849944234
vn 0.9994940161705017 0.02355230413377285 0.0004885197849944234
vn 0.9789761900901794 0.20332758128643036 0.0004885197849944234
vn 0.9789761900901794 0.20332758128643036 0.0004885197849944234
vn 0.9779991507530212 0.20723573863506317 0.0004885197849944234
vn -0.2638181447982788 0.9644414186477661 0.0004885197849944234
vn 0.04394931346178055 0.9986377954483032 0.0004885197849944234
vn 0.04394931346178055 0.9986377954483032 0.0004885197849944234
vn -0.2638181447982788 0.9644414186477661 0.0004885197849944234
vn -0.047892406582832336 0.9986377954483032 0.0004885197849944234
vn -0.047892406582832336 0.9986377954483032 0.0004885197849944234
vn 0.04394931346178055 0.9986377954483032 0.0004885197849944234
vn -0.2638181447982788 0.9644414186477661 0.0004885197849944234
vn 0.04394931346178055 0.9986377954483032 0.0004885197849944234
vn -0.2638181447982788 0.9644414186477661 0.0004885197849944234
vn -0.047892406582832336 0.9986377954483032 0.0004885197849944234
vn -0.047892406582832336 0.9986377954483032 0.0004885197849944234
vn 0.009752929210662842 0.9996148347854614 0.0004885197849944234
vn 0.009752929210662842 0.9996148347854614 0.0004885197849944234
vn 0.009752929210662842 0.9996148347854614 0.0004885197849944234
vn 0.009752929210662842 0.9996148347854614 0.0004885197849944234
vn 0.6360353231430054 0.7709875702857971 0.0004885197849944234
vn 0.6360353231430054 0.7709875702857971 0.0004885197849944234
vn 0.6360353231430054 0.7709875702857971 0.0004885197849944234
vn 0.6360353231430054 0.7709875702857971 0.0004885197849944234
vn 0.8656395673751831 0.5003476142883301 0.0004885197849944234
vn 0.8656395673751831 0.5003476142883301 0.0004885197849944234
vn 0.9779991507530212 0.20723573863506317 0.0004885197849944234
vn 0.9789761900901794 0.20332758128643036 0.0004885197849944234
vn 0.8656395673751831 0.5003476142883301 0.0004885197849944234
vn 0.9789761900901794 0.20332758128643036 0.0004885197849944234
vn 0.8656395673751831 0.5003476142883301 0.0004885197849944234
vn 0.9779991507530212 0.20723573863506317 0.0004885197849944234
vn -0.8637204170227051 0.5032787322998047 0.0004885197849944234
vn -0.9614244103431702 -0.2744447588920593 0.0004885197849944234
vn -0.8637204170227051 0.5032787322998047 0.0004885197849944234
vn -0.9614244103431702 -0.2744447588920593 0.0004885197849944234
vn -0.28238189220428467 0.9595562219619751 0.0004885197849944234
vn -0.4240526258945465 -0.9056123495101929 0.0004885197849944234
vn -0.28238189220428467 0.9595562219619751 0.0004885197849944234
vn -0.4240526258945465 -0.9056123495101929 0.0004885197849944234
vn 0.47091561555862427 0.882370114326477 0.0004885197849944234
vn 0.3126351833343506 -0.949579119682312 0.0004885197849944234
vn 0.47091561555862427 0.882370114326477 0.0004885197849944234
vn 0.3126351833343506 -0.949579119682312 0.0004885197849944234
vn 0.9633435606956482 0.26878923177719116 0.0004885197849944234
vn 0.8617314100265503 -0.5069801807403564 0.0004885197849944234
vn 0.9633435606956482 0.26878923177719116 0.0004885197849944234
vn 0.8617314100265503 -0.5069801807403564 0.0004885197849944234
vn 0.4582141041755676 0.26488107442855835 0.8485588431358337
vn 0.4416044056415558 0.06947316229343414 0.8944797515869141
vn 0.4396503269672394 0.06458796560764313 0.8954567909240723
vn 0.4416044056415558 0.06947316229343414 0.8944797515869141
vn 0.4582141041755676 0.26488107442855835 0.8485588431358337
vn 0.4582141041755676 0.26488107442855835 0.8485588431358337
vn 0.4582141041755676 0.26488107442855835 -0.8485588431358337
vn 0.4416044056415558 0.06947316229343414 -0.8944797515869141
vn 0.4582141041755676 0.26488107442855835 -0.8485588431358337
vn 0.4396503269672394 0.06458796560764313 -0.8954567909240723
vn 0.4396503269672394 0.06458796560764313 -0.8954567909240723
vn 0.0019366127671673894 -0.15817706286907196 -0.9872984886169434
vn 0.4416044056415558 0.06947316229343414 -0.8944797515869141
vn -0.0996754989027977 -0.17869488894939423 -0.9785051345825195
vn -0.0996754989027977 -0.17869488894939423 0.9785051345825195
vn 0.4396503269672394 0.06458796560764313 0.8954567909240723
vn 0.0019366127671673894 -0.15817706286907196 0.9872984886169434
vn 0.4416044056415558 0.06947316229343414 0.8944797515869141
vn 0.4582141041755676 0.26488107442855835 0.8485588431358337
vn 0.33315303921699524 0.4036206901073456 0.8524670004844666
vn 0.33315303921699524 0.4036206901073456 0.8524670004844666
vn 0.4582141041755676 0.26488107442855835 0.8485588431358337
vn 0.33315303921699524 0.4036206901073456 0.8524670004844666
vn 0.4582141041755676 0.26488107442855835 0.8485588431358337
vn 0.4582141041755676 0.26488107442855835 -0.8485588431358337
vn 0.33315303921699524 0.4036206901073456 -0.8524670004844666
vn 0.33315303921699524 0.4036206901073456 -0.8524670004844666
vn 0.4582141041755676 0.26488107442855835 -0.8485588431358337
vn 0.33315303921699524 0.4036206901073456 -0.8524670004844666
vn 0.0048677315935492516 0.49057722091674805 -0.8710307478904724
vn 0.0048677315935492516 0.49057722091674805 -0.8710307478904724
vn 0.33315303921699524 0.4036206901073456 -0.8524670004844666
vn 0.33315303921699524 0.4036206901073456 0.8524670004844666
vn 0.0048677315935492516 0.49057722091674805 0.8710307478904724
vn 0.0048677315935492516 0.49057722091674805 0.8710307478904724
vn 0.33315303921699524 0.4036206901073456 0.8524670004844666
vn -0.022489376366138458 0.5013246536254883 -0.8651685118675232
vn 0.031247800216078758 0.5189113616943359 -0.854421079158783
vn 0.019523324444890022 0.5198884010314941 -0.854421079158783
vn 0.031247800216078758 0.5189113616943359 -0.854421079158783
vn -0.022489376366138458 0.5013246536254883 -0.8651685118675232
vn -0.024443455040454865 0.5013246536254883 -0.8651685118675232
vn -0.022489376366138458 0.5013246536254883 0.8651685118675232
vn 0.019523324444890022 0.5198884010314941 0.854421079158783
vn 0.031247800216078758 0.5189113616943359 0.854421079158783
vn 0.031247800216078758 0.5189113616943359 0.854421079158783
vn -0.024443455040454865 0.5013246536254883 0.8651685118675232
vn -0.022489376366138458 0.5013246536254883 0.8651685118675232
vn 0.39763763546943665 0.9175435304641724 0.0004885197849944234
vn 0.9565042853355408 0.29126113653182983 0.0004885197849944234
vn 0.9565042853355408 0.29126113653182983 0.0004885197849944234
vn 0.8636854887008667 -0.5030720233917236 0.0004885197849944234
vn 0.39763763546943665 0.9175435304641724 0.0004885197849944234
vn 0.8636854887008667 -0.5030720233917236 0.0004885197849944234
vn -0.36933842301368713 0.9292680025100708 0.0004885197849944234
vn 0.2823469638824463 -0.959349513053894 0.0004885197849944234
vn -0.36933842301368713 0.9292680025100708 0.0004885197849944234
vn 0.2823469638824463 -0.959349513053894 0.0004885197849944234
vn -0.8969398140907288 0.4407482147216797 0.0004885197849944234
vn -0.47778981924057007 -0.8782552480697632 0.0004885197849944234
vn -0.8969398140907288 0.4407482147216797 0.0004885197849944234
vn -0.47778981924057007 -0.8782552480697632 0.0004885197849944234
vn -0.9584932923316956 -0.28616923093795776 0.0004885197849944234
vn -0.9584932923316956 -0.28616923093795776 0.0004885197849944234
vn -0.1338718831539154 0.523796558380127 -0.8407425284385681
vn 0.019523324444890022 0.5198884010314941 -0.854421079158783
vn 0.031247800216078758 0.5189113616943359 -0.854421079158783
vn -0.1338718831539154 0.523796558380127 -0.8407425284385681
vn 0.031247800216078758 0.5189113616943359 0.854421079158783
vn -0.1338718831539154 0.523796558380127 0.8407425284385681
vn -0.1338718831539154 0.523796558380127 0.8407425284385681
vn 0.019523324444890022 0.5198884010314941 0.854421079158783
vn 0.10745688527822495 0.9937525987625122 0.0004885197849944234
vn 0.3859131634235382 0.9224287271499634 0.0004885197849944234
vn 0.3859131634235382 0.9224287271499634 0.0004885197849944234
vn 0.10745688527822495 0.9937525987625122 0.0004885197849944234
vn 0.09573241323232651 0.9957066774368286 0.0004885197849944234
vn 0.09573241323232651 0.9957066774368286 0.0004885197849944234
vn 0.36441829800605774 0.9312220811843872 0.0004885197849944234
vn 0.36441829800605774 0.9312220811843872 0.0004885197849944234
vn -0.704463005065918 -0.7102044224739075 0.0004885197849944234
vn -0.4220985472202301 -0.9065893888473511 0.0004885197849944234
vn -0.4220985472202301 -0.9065893888473511 0.0004885197849944234
vn 0.0937783345580101 -0.9954999685287476 0.0004885197849944234
vn 0.0937783345580101 -0.9954999685287476 0.0004885197849944234
vn 0.517813503742218 -0.8557832837104797 0.0004885197849944234
vn 0.517813503742218 -0.8557832837104797 0.0004885197849944234
vn 0.4113161861896515 -0.9114745855331421 0.0004885197849944234
vn 0.4113161861896515 -0.9114745855331421 0.0004885197849944234
vn -0.37520065903663635 -0.9271072149276733 0.0004885197849944234
vn -0.37520065903663635 -0.9271072149276733 0.0004885197849944234
vn -0.9721718430519104 -0.2334091067314148 0.0004885197849944234
vn -0.9721718430519104 -0.2334091067314148 0.0004885197849944234
vn -0.8197536468505859 0.5726485252380371 0.0004885197849944234
vn -0.8197536468505859 0.5726485252380371 0.0004885197849944234
vn -0.37226954102516174 0.9282909631729126 0.0004885197849944234
vn -0.37226954102516174 0.9282909631729126 0.0004885197849944234
vn 0.2549898624420166 0.9663954973220825 0.0004885197849944234
vn 0.2549898624420166 0.9663954973220825 0.0004885197849944234
vn 0.9955858588218689 0.09780731052160263 0.0004885197849944234
vn 0.9955858588218689 0.09780731052160263 0.0004885197849944234
vn 0.9838613867759705 -0.17967192828655243 0.0004885197849944234
vn 0.9838613867759705 -0.17967192828655243 0.0004885197849944234
vn 0.9985169768333435 0.05188645049929619 0.0004885197849944234
vn 0.9985169768333435 0.05188645049929619 0.0004885197849944234
vn 0.9682287573814392 -0.25001877546310425 0.0004885197849944234
vn -0.08599694818258286 -0.5489928722381592 -0.8309721350669861
vn -0.01955825835466385 -0.4991638660430908 -0.8661455512046814
vn -0.01955825835466385 -0.4991638660430908 -0.8661455512046814
vn -0.08599694818258286 -0.5489928722381592 -0.8309721350669861
vn -0.01955825835466385 -0.4991638660430908 -0.8661455512046814
vn -0.07231839746236801 -0.5460617542266846 -0.8339032530784607
vn -0.01955825835466385 -0.4991638660430908 0.8661455512046814
vn -0.08599694818258286 -0.5489928722381592 0.8309721350669861
vn -0.07231839746236801 -0.5460617542266846 0.8339032530784607
vn -0.01955825835466385 -0.4991638660430908 0.8661455512046814
vn -0.00001746637462929357 0.00010335433762520552 1
vn -0.00001746637462929357 0.00010335433762520552 1
vn -0.00001746637462929357 0.00010335433762520552 1
vn -0.00001746637462929357 0.00010335433762520552 1
vn -0.00001746637462929357 0.00010335433762520552 1
vn -0.00001746637462929357 0.00010335433762520552 1
vn -0.00001746637462929357 0.00010335433762520552 1
vn -0.00001746637462929357 0.00010335433762520552 1
vn -0.00001746637462929357 0.00010335433762520552 1
vn -0.00001746637462929357 0.00010335433762520552 1
vn -0.00001746637462929357 0.00010335433762520552 1
vn -0.00001746637462929357 0.00010335433762520552 1
vn -0.00001746637462929357 0.00010335433762520552 1
vn -0.00001746637462929357 0.00010335433762520552 1
vn -0.00001746637462929357 0.00010335433762520552 1
vn -0.00001746637462929357 0.00010335433762520552 1
vn -0.00001746637462929357 0.00010335433762520552 1
vn -0.00001746637462929357 0.00010335433762520552 1
vn -0.00001746637462929357 0.00010335433762520552 1
vn -0.00001746637462929357 0.00010335433762520552 1
vn -0.00001746637462929357 0.00010335433762520552 1
vn -0.00001746637462929357 0.00010335433762520552 1
vn -0.00001746637462929357 0.00010335433762520552 1
vn -0.00001746637462929357 0.00010335433762520552 1
vn -0.00001746637462929357 0.00010335433762520552 1
vn -0.00001746637462929357 0.00010335433762520552 1
vn -0.00001746637462929357 0.00010335433762520552 1
vn -0.00001746637462929357 0.00010335433762520552 1
vn -0.00001746637462929357 0.00010335433762520552 1
vn -0.00001746637462929357 0.00010335433762520552 1
vn -0.00001746637462929357 0.00010335433762520552 -1
vn -0.00001746637462929357 0.00010335433762520552 -1
vn -0.00001746637462929357 0.00010335433762520552 -1
vn -0.00001746637462929357 0.00010335433762520552 -1
vn -0.00001746637462929357 0.00010335433762520552 -1
vn -0.00001746637462929357 0.00010335433762520552 -1
vn -0.00001746637462929357 0.00010335433762520552 -1
vn -0.00001746637462929357 0.00010335433762520552 -1
vn -0.00001746637462929357 0.00010335433762520552 -1
vn -0.00001746637462929357 0.00010335433762520552 -1
vn -0.00001746637462929357 0.00010335433762520552 -1
vn -0.00001746637462929357 0.00010335433762520552 -1
vn -0.00001746637462929357 0.00010335433762520552 -1
vn -0.00001746637462929357 0.00010335433762520552 -1
vn -0.00001746637462929357 0.00010335433762520552 -1
vn -0.00001746637462929357 0.00010335433762520552 -1
vn -0.00001746637462929357 0.00010335433762520552 -1
vn -0.00001746637462929357 0.00010335433762520552 -1
vn -0.00001746637462929357 0.00010335433762520552 -1
vn -0.00001746637462929357 0.00010335433762520552 -1
vn -0.00001746637462929357 0.00010335433762520552 -1
vn -0.00001746637462929357 0.00010335433762520552 -1
vn -0.00001746637462929357 0.00010335433762520552 -1
vn -0.00001746637462929357 0.00010335433762520552 -1
vn -0.00001746637462929357 0.00010335433762520552 -1
vn -0.00001746637462929357 0.00010335433762520552 -1
vn -0.00001746637462929357 0.00010335433762520552 -1
vn -0.00001746637462929357 0.00010335433762520552 -1
vn -0.00001746637462929357 0.00010335433762520552 -1
vn -0.00001746637462929357 0.00010335433762520552 -1
vn 0.6692546606063843 -0.3868043124675751 0.6345872282981873
vn 0.7474178075790405 0.23752397298812866 0.6199315786361694
vn 0.7474178075790405 0.23654693365097046 0.6199315786361694
vn 0.3253367245197296 0.7084570527076721 0.6267709136009216
vn 0.6702316999435425 -0.38485023379325867 0.6345872282981873
vn 0.29797959327697754 0.7192044854164124 0.6277479529380798
vn 0.2178623527288437 -0.7531941533088684 0.6209086179733276
vn -0.259909987449646 0.7504697442054749 0.608207106590271
vn 0.20809195935726166 -0.756125271320343 0.6199315786361694
vn -0.30973902344703674 0.7338600754737854 0.6052759885787964
vn -0.36933842301368713 -0.6828473210334778 0.6297020316123962
vn -0.6878533363342285 0.3410901725292206 0.6404494643211365
vn -0.387902170419693 -0.6720998883247375 0.6306790709495544
vn -0.709348201751709 0.2844218611717224 0.6453346610069275
vn -0.728888988494873 -0.2685825228691101 0.6297020316123962
vn -0.7318201065063477 -0.2578350901603699 0.6306790709495544
vn 0.2178623527288437 -0.7531941533088684 -0.6209086179733276
vn -0.36933842301368713 -0.6828473210334778 -0.6297020316123962
vn 0.20809195935726166 -0.756125271320343 -0.6199315786361694
vn 0.6692546606063843 -0.3868043124675751 -0.6345872282981873
vn -0.387902170419693 -0.6720998883247375 -0.6306790709495544
vn 0.6702316999435425 -0.38485023379325867 -0.6345872282981873
vn -0.728888988494873 -0.2685825228691101 -0.6297020316123962
vn 0.7474178075790405 0.23752397298812866 -0.6199315786361694
vn -0.7318201065063477 -0.2578350901603699 -0.6306790709495544
vn 0.7474178075790405 0.23654693365097046 -0.6199315786361694
vn -0.709348201751709 0.2844218611717224 -0.6453346610069275
vn 0.3253367245197296 0.7084570527076721 -0.6267709136009216
vn -0.6878533363342285 0.3410901725292206 -0.6404494643211365
vn 0.29797959327697754 0.7192044854164124 -0.6277479529380798
vn -0.259909987449646 0.7504697442054749 -0.608207106590271
vn -0.30973902344703674 0.7338600754737854 -0.6052759885787964
vn -0.7894654273986816 0.10953178256750107 0.6042989492416382
vn -0.3038767874240875 0.7299519181251526 0.6121152639389038
vn -0.7904424667358398 0.09976138919591904 0.6042989492416382
vn -0.5471596121788025 -0.5753729343414307 0.6072300672531128
vn -0.3234175741672516 0.7211585640907288 0.6121152639389038
vn -0.5442284941673279 -0.5783040523529053 0.6072300672531128
vn -0.07915767282247543 0.8081150650978088 0.5837811231613159
vn -0.04300720617175102 -0.8030231595039368 0.5945285558700562
vn -0.08795102685689926 0.8071380257606506 0.5837811231613159
vn -0.041053127497434616 -0.8030231595039368 0.5945285558700562
vn -0.028351614251732826 0.8012757897377014 0.5974596738815308
vn 0.3820050060749054 -0.7121585011482239 0.5886663198471069
vn -0.030305692926049232 0.8012757897377014 0.598436713218689
vn 0.38493612408638 -0.7111814618110657 0.5886663198471069
vn 0.5314920544624329 0.596097469329834 0.6023448705673218
vn 0.7650045156478882 -0.16110818088054657 0.622862696647644
vn 0.5334461331367493 0.5941433906555176 0.6023448705673218
vn 0.7659815549850464 -0.15622298419475555 0.622862696647644
vn -0.5442284941673279 -0.5783040523529053 -0.6072300672531128
vn -0.7904424667358398 0.09976138919591904 -0.6042989492416382
vn -0.5471596121788025 -0.5753729343414307 -0.6072300672531128
vn -0.04300720617175102 -0.8030231595039368 -0.5945285558700562
vn -0.7894654273986816 0.10953178256750107 -0.6042989492416382
vn -0.041053127497434616 -0.8030231595039368 -0.5945285558700562
vn -0.3038767874240875 0.7299519181251526 -0.6121152639389038
vn 0.3820050060749054 -0.7121585011482239 -0.5886663198471069
vn -0.3234175741672516 0.7211585640907288 -0.6121152639389038
vn 0.38493612408638 -0.7111814618110657 -0.5886663198471069
vn -0.07915767282247543 0.8081150650978088 -0.5837811231613159
vn 0.7650045156478882 -0.16110818088054657 -0.622862696647644
vn -0.08795102685689926 0.8071380257606506 -0.5837811231613159
vn 0.7659815549850464 -0.15622298419475555 -0.622862696647644
vn -0.028351614251732826 0.8012757897377014 -0.5974596738815308
vn 0.5314920544624329 0.596097469329834 -0.6023448705673218
vn -0.030305692926049232 0.8012757897377014 -0.598436713218689
vn 0.5334461331367493 0.5941433906555176 -0.6023448705673218
vn 0.7278770208358765 -0.27835291624069214 -0.6267709136009216
vn 0.6897724866867065 -0.04679454490542412 -0.7225207686424255
vn 0.6897724866867065 -0.04679454490542412 -0.7225207686424255
vn 0.7278770208358765 -0.27835291624069214 -0.6267709136009216
vn 0.5842521786689758 -0.11811843514442444 -0.8026379942893982
vn 0.5862062573432922 -0.1054169163107872 -0.8036150336265564
vn 0.4885023236274719 -0.001850724802352488 -0.8729848265647888
vn 0.4777548909187317 0.060679808259010315 -0.8768930435180664
vn 0.1572858989238739 0.5423603057861328 -0.8251098990440369
vn 0.11136504262685776 0.5599470138549805 -0.821201741695404
vn -0.2335299253463745 0.5843729972839355 -0.7772349715232849
vn -0.23450696468353271 0.5833959579467773 -0.7772349715232849
vn -0.5012387633323669 0.3498835265636444 -0.7909135222434998
vn -0.5012387633323669 0.3498835265636444 -0.7909135222434998
vn -0.5803789496421814 -0.1396133005619049 -0.8026379942893982
vn -0.5803789496421814 -0.1396133005619049 -0.8026379942893982
vn -0.22278249263763428 -0.5499699115753174 -0.8055691123008728
vn -0.22278249263763428 -0.5499699115753174 -0.8055691123008728
vn 0.2549898624420166 -0.5646255016326904 -0.7850512862205505
vn 0.2549898624420166 -0.5646255016326904 -0.7850512862205505
vn 0.3263137638568878 -0.5401995182037354 -0.7752808928489685
vn 0.3263137638568878 -0.5401995182037354 -0.7752808928489685
vn 0.06446714699268341 -0.6232478618621826 -0.7791890501976013
vn 0.05762786790728569 -0.6232478618621826 -0.7791890501976013
vn -0.21398913860321045 -0.610546350479126 -0.7625793814659119
vn -0.22473657131195068 -0.6085922718048096 -0.7606253027915955
vn -0.330256849527359 -0.5841662883758545 -0.7410845160484314
vn -0.330256849527359 -0.5841662883758545 -0.7410845160484314
vn -0.21398913860321045 -0.610546350479126 0.7625793814659119
vn 0.06446714699268341 -0.6232478618621826 0.7791890501976013
vn 0.05762786790728569 -0.6232478618621826 0.7791890501976013
vn 0.3263137638568878 -0.5401995182037354 0.7752808928489685
vn -0.22473657131195068 -0.6085922718048096 0.7606253027915955
vn 0.3263137638568878 -0.5401995182037354 0.7752808928489685
vn 0.26671433448791504 -0.509911298751831 0.8182706236839294
vn 0.2549898624420166 -0.5646255016326904 0.7850512862205505
vn 0.21004603803157806 -0.5255439281463623 0.8241328597068787
vn 0.2549898624420166 -0.5646255016326904 0.7850512862205505
vn 0.6897724866867065 -0.04679454490542412 0.7225207686424255
vn -0.22278249263763428 -0.5499699115753174 0.8055691123008728
vn 0.6897724866867065 -0.04679454490542412 0.7225207686424255
vn -0.22278249263763428 -0.5499699115753174 0.8055691123008728
vn 0.5842521786689758 -0.11811843514442444 0.8026379942893982
vn -0.5803789496421814 -0.1396133005619049 0.8026379942893982
vn 0.5862062573432922 -0.1054169163107872 0.8036150336265564
vn -0.5803789496421814 -0.1396133005619049 0.8026379942893982
vn 0.4885023236274719 -0.001850724802352488 0.8729848265647888
vn -0.5012387633323669 0.3498835265636444 0.7909135222434998
vn 0.4777548909187317 0.060679808259010315 0.8768930435180664
vn -0.5012387633323669 0.3498835265636444 0.7909135222434998
vn 0.1572858989238739 0.5423603057861328 0.8251098990440369
vn -0.2335299253463745 0.5843729972839355 0.7772349715232849
vn 0.11136504262685776 0.5599470138549805 0.821201741695404
vn -0.23450696468353271 0.5833959579467773 0.7772349715232849
vn -0.00001746637462929357 0.00010335433762520552 1
vn -0.00001746637462929357 0.00010335433762520552 1
vn -0.00001746637462929357 0.00010335433762520552 1
vn -0.00001746637462929357 0.00010335433762520552 1
vn -0.00001746637462929357 0.00010335433762520552 1
vn -0.00001746637462929357 0.00010335433762520552 1
vn -0.00001746637462929357 0.00010335433762520552 1
vn -0.00001746637462929357 0.00010335433762520552 1
vn -0.00001746637462929357 0.00010335433762520552 1
vn -0.00001746637462929357 0.00010335433762520552 1
vn -0.00001746637462929357 0.00010335433762520552 1
vn -0.00001746637462929357 0.00010335433762520552 1
vn -0.00001746637462929357 0.00010335433762520552 1
vn -0.00001746637462929357 0.00010335433762520552 1
vn -0.00001746637462929357 0.00010335433762520552 1
vn -0.00001746637462929357 0.00010335433762520552 1
vn -0.00001746637462929357 0.00010335433762520552 -1
vn -0.00001746637462929357 0.00010335433762520552 -1
vn -0.00001746637462929357 0.00010335433762520552 -1
vn -0.00001746637462929357 0.00010335433762520552 -1
vn -0.00001746637462929357 0.00010335433762520552 -1
vn -0.00001746637462929357 0.00010335433762520552 -1
vn -0.00001746637462929357 0.00010335433762520552 -1
vn -0.00001746637462929357 0.00010335433762520552 -1
vn -0.00001746637462929357 0.00010335433762520552 -1
vn -0.00001746637462929357 0.00010335433762520552 -1
vn -0.00001746637462929357 0.00010335433762520552 -1
vn -0.00001746637462929357 0.00010335433762520552 -1
vn -0.00001746637462929357 0.00010335433762520552 -1
vn -0.00001746637462929357 0.00010335433762520552 -1
vn -0.00001746637462929357 0.00010335433762520552 -1
vn -0.00001746637462929357 0.00010335433762520552 -1
vn 0.4191325008869171 0.1183251440525055 -0.9003419876098633
vn 0.3771198093891144 -0.22852391004562378 -0.8974108695983887
vn 0.4191325008869171 0.1183251440525055 -0.9003419876098633
vn 0.3771198093891144 -0.22852391004562378 -0.8974108695983887
vn 0.16901038587093353 0.39580437541007996 -0.9022960662841797
vn 0.13090583682060242 -0.429794043302536 -0.8935027122497559
vn 0.16901038587093353 0.39580437541007996 -0.9022960662841797
vn 0.13090583682060242 -0.429794043302536 -0.8935027122497559
vn -0.14852748811244965 0.43097779154777527 -0.889594554901123
vn -0.20714984834194183 -0.37703391909599304 -0.9022960662841797
vn -0.14852748811244965 0.43097779154777527 -0.889594554901123
vn -0.20714984834194183 -0.37703391909599304 -0.9022960662841797
vn -0.37422361969947815 0.22677654027938843 -0.8993649482727051
vn -0.4328460097312927 -0.1054169163107872 -0.8954567909240723
vn -0.37422361969947815 0.22677654027938843 -0.8993649482727051
vn -0.4328460097312927 -0.1054169163107872 -0.8954567909240723
vn 0.3771198093891144 -0.22852391004562378 0.8974108695983887
vn 0.4191325008869171 0.1183251440525055 0.9003419876098633
vn 0.3771198093891144 -0.22852391004562378 0.8974108695983887
vn 0.4191325008869171 0.1183251440525055 0.9003419876098633
vn 0.13090583682060242 -0.429794043302536 0.8935027122497559
vn 0.16901038587093353 0.39580437541007996 0.9022960662841797
vn 0.13090583682060242 -0.429794043302536 0.8935027122497559
vn 0.16901038587093353 0.39580437541007996 0.9022960662841797
vn -0.20714984834194183 -0.37703391909599304 0.9022960662841797
vn -0.14852748811244965 0.43097779154777527 0.889594554901123
vn -0.20714984834194183 -0.37703391909599304 0.9022960662841797
vn -0.14852748811244965 0.43097779154777527 0.889594554901123
vn -0.4328460097312927 -0.1054169163107872 0.8954567909240723
vn -0.37422361969947815 0.22677654027938843 0.8993649482727051
vn -0.4328460097312927 -0.1054169163107872 0.8954567909240723
vn -0.37422361969947815 0.22677654027938843 0.8993649482727051
vn -0.198356494307518 -0.41513845324516296 0.8876404762268066
vn -0.44457048177719116 -0.12788882851600647 0.8866634368896484
vn -0.44457048177719116 -0.12788882851600647 0.8866634368896484
vn -0.40255776047706604 0.23361581563949585 0.884709358215332
vn -0.1973794549703598 -0.41611549258232117 0.8876404762268066
vn -0.40255776047706604 0.23361581563949585 0.884709358215332
vn 0.14556142687797546 -0.44640374183654785 0.8827552795410156
vn -0.1309407651424408 0.4466104507446289 0.8856863975524902
vn 0.14556142687797546 -0.44640374183654785 0.8827552795410156
vn -0.1309407651424408 0.4466104507446289 0.8856863975524902
vn 0.39959171414375305 -0.2334091067314148 0.8866634368896484
vn 0.2188393920660019 0.4085058867931366 0.8856863975524902
vn 0.39959171414375305 -0.2324320673942566 0.8866634368896484
vn 0.2188393920660019 0.4085058867931366 0.8856863975524902
vn 0.4455125629901886 0.12418738007545471 0.8866634368896484
vn 0.4455125629901886 0.12418738007545471 0.8866634368896484
vn 0.14556142687797546 -0.44640374183654785 -0.8827552795410156
vn -0.198356494307518 -0.41513845324516296 -0.8876404762268066
vn -0.1973794549703598 -0.41611549258232117 -0.8876404762268066
vn 0.14556142687797546 -0.44640374183654785 -0.8827552795410156
vn -0.44457048177719116 -0.12788882851600647 -0.8866634368896484
vn 0.39959171414375305 -0.2334091067314148 -0.8866634368896484
vn -0.44457048177719116 -0.12788882851600647 -0.8866634368896484
vn 0.39959171414375305 -0.2324320673942566 -0.8866634368896484
vn -0.40255776047706604 0.23361581563949585 -0.884709358215332
vn 0.4455125629901886 0.12418738007545471 -0.8866634368896484
vn -0.40255776047706604 0.23361581563949585 -0.884709358215332
vn 0.4455125629901886 0.12418738007545471 -0.8866634368896484
vn -0.1309407651424408 0.4466104507446289 -0.8856863975524902
vn 0.2188393920660019 0.4085058867931366 -0.8856863975524902
vn -0.1309407651424408 0.4466104507446289 -0.8856863975524902
vn 0.2188393920660019 0.4085058867931366 -0.8856863975524902
vn -0.007833782583475113 -0.007712962105870247 -1
vn -0.007833782583475113 -0.007712962105870247 -1
vn -0.007833782583475113 -0.007712962105870247 -1
vn -0.007833782583475113 -0.007712962105870247 -1
vn -0.007833782583475113 -0.007712962105870247 -1
vn -0.007833782583475113 -0.007712962105870247 -1
vn -0.007833782583475113 -0.007712962105870247 -1
vn -0.007833782583475113 -0.007712962105870247 -1
vn -0.007833782583475113 -0.007712962105870247 -1
vn -0.007833782583475113 -0.007712962105870247 -1
vn -0.007833782583475113 -0.007712962105870247 -1
vn -0.007833782583475113 -0.007712962105870247 -1
vn -0.007833782583475113 -0.007712962105870247 -1
vn -0.007833782583475113 -0.007712962105870247 -1
vn -0.007833782583475113 -0.007712962105870247 -1
vn -0.007833782583475113 -0.007712962105870247 -1
vn -0.007833782583475113 -0.007712962105870247 -1
vn -0.007833782583475113 -0.007712962105870247 -1
vn -0.007833782583475113 -0.007712962105870247 -1
vn -0.007833782583475113 -0.007712962105870247 -1
vn -0.007833782583475113 -0.007712962105870247 -1
vn -0.007833782583475113 -0.007712962105870247 -1
vn -0.007833782583475113 -0.007712962105870247 -1
vn -0.007833782583475113 -0.007712962105870247 1
vn -0.007833782583475113 -0.007712962105870247 1
vn -0.007833782583475113 -0.007712962105870247 1
vn -0.007833782583475113 -0.007712962105870247 1
vn -0.007833782583475113 -0.007712962105870247 1
vn -0.007833782583475113 -0.007712962105870247 1
vn -0.007833782583475113 -0.007712962105870247 1
vn -0.007833782583475113 -0.007712962105870247 1
vn -0.007833782583475113 -0.007712962105870247 1
vn -0.007833782583475113 -0.007712962105870247 1
vn -0.007833782583475113 -0.007712962105870247 1
vn -0.007833782583475113 -0.007712962105870247 1
vn -0.007833782583475113 -0.007712962105870247 1
vn -0.007833782583475113 -0.007712962105870247 1
vn -0.007833782583475113 -0.007712962105870247 1
vn -0.007833782583475113 -0.007712962105870247 1
vn -0.007833782583475113 -0.007712962105870247 1
vn -0.007833782583475113 -0.007712962105870247 1
vn -0.007833782583475113 -0.007712962105870247 1
vn -0.007833782583475113 -0.007712962105870247 1
vn -0.007833782583475113 -0.007712962105870247 1
vn -0.007833782583475113 -0.007712962105870247 1
vn -0.007833782583475113 -0.007712962105870247 1
vn -0.05277760326862335 -0.21386830508708954 0.9755740165710449
vn -0.12703260779380798 -0.18455712497234344 0.9745969772338867
vn -0.12703260779380798 -0.18455712497234344 0.9745969772338867
vn -0.04593832790851593 0.038207896053791046 0.9980459213256836
vn -0.05277760326862335 -0.21386830508708954 0.9755740165710449
vn -0.050823524594306946 0.03039158135652542 0.9980459213256836
vn -0.03225977346301079 -0.22168463468551636 0.9745969772338867
vn -0.03225977346301079 -0.22168463468551636 0.9745969772338867
vn -0.03225977346301079 -0.22168463468551636 0.9745969772338867
vn 0.02538556233048439 0.22579950094223022 0.9736199378967285
vn 0.02538556233048439 0.22579950094223022 0.9736199378967285
vn -0.05766279995441437 0.2170061320066452 0.9745969772338867
vn -0.056685760617256165 0.2170061320066452 0.9745969772338867
vn -0.07427247613668442 0.2189602106809616 0.9726428985595703
vn -0.07427247613668442 0.2189602106809616 0.9726428985595703
vn -0.07427247613668442 0.2189602106809616 0.9726428985595703
vn 0.02538556233048439 0.22579950094223022 -0.9736199378967285
vn -0.05766279995441437 0.2170061320066452 -0.9745969772338867
vn 0.02538556233048439 0.22579950094223022 -0.9736199378967285
vn -0.04593832790851593 0.038207896053791046 -0.9980459213256836
vn -0.050823524594306946 0.03039158135652542 -0.9980459213256836
vn -0.12703260779380798 -0.18455712497234344 -0.9745969772338867
vn -0.12703260779380798 -0.18455712497234344 -0.9745969772338867
vn -0.05277760326862335 -0.21386830508708954 -0.9755740165710449
vn -0.05277760326862335 -0.21386830508708954 -0.9755740165710449
vn -0.03225977346301079 -0.22168463468551636 -0.9745969772338867
vn -0.03225977346301079 -0.22168463468551636 -0.9745969772338867
vn -0.03225977346301079 -0.22168463468551636 -0.9745969772338867
vn -0.056685760617256165 0.2170061320066452 -0.9745969772338867
vn -0.07427247613668442 0.2189602106809616 -0.9726428985595703
vn -0.07427247613668442 0.2189602106809616 -0.9726428985595703
vn -0.07427247613668442 0.2189602106809616 -0.9726428985595703
vn -0.2589329481124878 -0.424908846616745 -0.8671225905418396
vn -0.2579559087753296 -0.3711716830730438 -0.8925256729125977
vn -0.2589329481124878 -0.424908846616745 -0.8671225905418396
vn -0.2579559087753296 -0.3711716830730438 -0.8925256729125977
vn -0.2589329481124878 -0.424908846616745 -0.8671225905418396
vn -0.2530707120895386 -0.37605687975883484 -0.8915486335754395
vn -0.022489376366138458 0.5013246536254883 -0.8651685118675232
vn 0.0048677315935492516 0.49057722091674805 -0.8710307478904724
vn -0.024443455040454865 0.5013246536254883 -0.8651685118675232
vn -0.022489376366138458 0.5013246536254883 -0.8651685118675232
vn 0.0048677315935492516 0.49057722091674805 -0.8710307478904724
vn 0.0048677315935492516 0.49057722091674805 -0.8710307478904724
vn 0.0048677315935492516 0.49057722091674805 0.8710307478904724
vn -0.022489376366138458 0.5013246536254883 0.8651685118675232
vn -0.024443455040454865 0.5013246536254883 0.8651685118675232
vn -0.022489376366138458 0.5013246536254883 0.8651685118675232
vn 0.0048677315935492516 0.49057722091674805 0.8710307478904724
vn 0.0048677315935492516 0.49057722091674805 0.8710307478904724
vn -0.08599694818258286 -0.5489928722381592 -0.8309721350669861
vn -0.2989915609359741 -0.5734188556671143 -0.7625793814659119
vn -0.2989915609359741 -0.5734188556671143 -0.7625793814659119
vn -0.07231839746236801 -0.5460617542266846 -0.8339032530784607
vn -0.2989915609359741 -0.5734188556671143 0.7625793814659119
vn -0.07231839746236801 -0.5460617542266846 0.8339032530784607
vn -0.08599694818258286 -0.5489928722381592 0.8309721350669861
vn -0.2989915609359741 -0.5734188556671143 0.7625793814659119
vn -0.27456557750701904 -0.41611549258232117 -0.8671225905418396
vn -0.01955825835466385 -0.4991638660430908 -0.8661455512046814
vn -0.27456557750701904 -0.41611549258232117 -0.8671225905418396
vn -0.01955825835466385 -0.4991638660430908 -0.8661455512046814
vn -0.27456557750701904 -0.41611549258232117 0.8671225905418396
vn -0.01955825835466385 -0.4991638660430908 0.8661455512046814
vn -0.01955825835466385 -0.4991638660430908 0.8661455512046814
vn -0.27456557750701904 -0.41611549258232117 0.8671225905418396
vn -0.2589329481124878 -0.424908846616745 0.8671225905418396
vn -0.27456557750701904 -0.41611549258232117 0.8671225905418396
vn -0.2589329481124878 -0.424908846616745 0.8671225905418396
vn -0.2579559087753296 -0.3711716830730438 0.8925256729125977
vn -0.2589329481124878 -0.424908846616745 0.8671225905418396
vn -0.2530707120895386 -0.37605687975883484 0.8915486335754395
vn -0.04984648525714874 0.9986377954483032 0.0004885197849944234
vn -0.1016295850276947 0.9947296380996704 0.0004885197849944234
vn -0.1016295850276947 0.9947296380996704 0.0004885197849944234
vn -0.3849710524082184 0.9224287271499634 0.0004885197849944234
vn -0.04984648525714874 0.9986377954483032 0.0004885197849944234
vn -0.3849710524082184 0.9224287271499634 0.0004885197849944234
vn 0.653622031211853 0.7563319802284241 0.0004885197849944234
vn -0.9907355904579163 0.13591185212135315 0.0004885197849944234
vn 0.653622031211853 0.7563319802284241 0.0004885197849944234
vn -0.9907355904579163 0.13591185212135315 0.0004885197849944234
vn 0.9740909934043884 -0.22461575269699097 0.0004885197849944234
vn -0.6731977462768555 -0.7395156025886536 0.0004885197849944234
vn 0.9740909934043884 -0.22461575269699097 0.0004885197849944234
vn -0.6731977462768555 -0.7395156025886536 0.0004885197849944234
vn 0.450397789478302 -0.8929108381271362 0.0004885197849944234
vn -0.034213852137327194 -0.9994081258773804 0.0004885197849944234
vn 0.450397789478302 -0.8929108381271362 0.0004885197849944234
vn -0.034213852137327194 -0.9994081258773804 0.0004885197849944234
vn -0.27456557750701904 -0.41611549258232117 -0.8671225905418396
vn -0.2589329481124878 -0.424908846616745 -0.8671225905418396
vn -0.2589329481124878 -0.424908846616745 -0.8671225905418396
vn -0.2589329481124878 -0.424908846616745 -0.8671225905418396
vn -0.27456557750701904 -0.41611549258232117 -0.8671225905418396
vn -0.27456557750701904 -0.41611549258232117 -0.8671225905418396
vn -0.27456557750701904 -0.41611549258232117 0.8671225905418396
vn -0.2589329481124878 -0.424908846616745 0.8671225905418396
vn -0.27456557750701904 -0.41611549258232117 0.8671225905418396
vn -0.2579559087753296 -0.3711716830730438 0.8925256729125977
vn -0.0996754989027977 -0.17869488894939423 0.9785051345825195
vn 0.0019366127671673894 -0.15817706286907196 0.9872984886169434
vn -0.0996754989027977 -0.17869488894939423 -0.9785051345825195
vn -0.2579559087753296 -0.3711716830730438 -0.8925256729125977
vn 0.0019366127671673894 -0.15817706286907196 -0.9872984886169434
vn -0.2530707120895386 -0.37605687975883484 -0.8915486335754395
vn -0.7220497131347656 -0.6916406750679016 0.0004885197849944234
vn -0.5432514548301697 -0.8391736149787903 0.0004885197849944234
vn -0.5432514548301697 -0.8391736149787903 0.0004885197849944234
vn -0.7220497131347656 -0.6916406750679016 0.0004885197849944234
vn -0.12117037177085876 -0.992568850517273 0.0004885197849944234
vn -0.12117037177085876 -0.992568850517273 0.0004885197849944234
vn 0.09866353124380112 -0.9954999685287476 0.0004885197849944234
vn 0.09866353124380112 -0.9954999685287476 0.0004885197849944234
vn 0.0019366127671673894 -0.15817706286907196 0.9872984886169434
vn -0.2530707120895386 -0.37605687975883484 0.8915486335754395
vn -0.2579559087753296 -0.3711716830730438 0.8925256729125977
vn -0.3263486921787262 0.944900631904602 0.0004885197849944234
vn 0.39372947812080383 0.9194976091384888 0.0004885197849944234
vn -0.3263486921787262 0.944900631904602 0.0004885197849944234
vn -0.8549270629882812 0.5189113616943359 0.0004885197849944234
vn 0.39372947812080383 0.9194976091384888 0.0004885197849944234
vn -0.8549270629882812 0.5189113616943359 0.0004885197849944234
vn 0.96236652135849 0.272697389125824 0.0004885197849944234
vn -0.9711948037147522 -0.2363402247428894 0.0004885197849944234
vn 0.96236652135849 0.272697389125824 0.0004885197849944234
vn -0.9711948037147522 -0.2363402247428894 0.0004885197849944234
vn 0.8548921346664429 -0.5187046527862549 0.0004885197849944234
vn -0.4816979765892029 -0.8763011693954468 0.0004885197849944234
vn 0.8548921346664429 -0.5187046527862549 0.0004885197849944234
vn -0.4816979765892029 -0.8763011693954468 0.0004885197849944234
vn 0.2921173572540283 -0.9564183950424194 0.0004885197849944234
vn 0.2921173572540283 -0.9564183950424194 0.0004885197849944234

vt 0 0.7568950057029724
vt 1 0.2431049942970276
vt 0 0.5856319665908813
vt 0 0.4143679738044739
vt 0 0.2431049942970276
vt 1 0.2431049942970276
vt 1 0.4143679738044739
vt 1 0.2431049942970276
vt 1 0.4143679738044739
vt 1 0.4143679738044739
vt 1 0.2431049942970276
vt 1 0.5856319665908813
vt 1 0.5856319665908813
vt 1 0.7568950057029724
vt 1 0.7568950057029724
vt 1 0.7568950057029724
vt 1 0.5856319665908813
vt 1 0.7568950057029724
vt 1 0.5856319665908813
vt 1 0.4143679738044739
vt 1 0.2431049942970276
vt 0 0.2431049942970276
vt 0 0.4143679738044739
vt 0 0.5856319665908813
vt 0 0.7568950057029724
vt 0 0.7568950057029724
vt 0 0.5856319665908813
vt 0 0.7568950057029724
vt 0 0.5856319665908813
vt 0 0.4143679738044739
vt 0 0.4143679738044739
vt 0 0.2431049942970276
vt 0 0.2431049942970276
vt 0 0
vt 0 0
vt 0 0
vt 0 0
vt 0 0
vt 0 0
vt 0 0
vt 0 0
vt 0 0
vt 0 0
vt 0 0
vt 0 0
vt 0 0
vt 0 0
vt 0 0
vt 0 0
vt 0 0.7568950057029724
vt 0.2329999953508377 1
vt 0 0.7568950057029724
vt 0.2329999953508377 1
vt 0 0.7568950057029724
vt 0.10754899680614471 1
vt 0 0.2431049942970276
vt 0.2329999953508377 0
vt 0.10754899680614471 0
vt 0 0.2431049942970276
vt 0 0.2431049942970276
vt 0.7581740021705627 0
vt 0.2329999953508377 0
vt 1 0.2431049942970276
vt 1 0.7568950057029724
vt 0 0.7568950057029724
vt 0.7581740021705627 1
vt 0.2329999953508377 1
vt 0 0.7568950057029724
vt 0 0.7568950057029724
vt 0.1285720020532608 1
vt 0 0.7568950057029724
vt 0.1285720020532608 1
vt 0.10754899680614471 1
vt 0 0.2431049942970276
vt 0.1285720020532608 0
vt 0 0.2431049942970276
vt 0.10754899680614471 0
vt 0 0.2431049942970276
vt 0.9168850183486938 0
vt 1 0.2431049942970276
vt 0.1285720020532608 0
vt 0 0.7568950057029724
vt 1 0.7568950057029724
vt 0.9168840050697327 1
vt 0.1285720020532608 1
vt 1 0.2431049942970276
vt 0.9948350191116333 0
vt 1 0.2431049942970276
vt 0.9948350191116333 0
vt 1 0.2431049942970276
vt 0.9309139847755432 0
vt 1 0.7568950057029724
vt 1 0.7568950057029724
vt 0.9948350191116333 1
vt 0.9948350191116333 1
vt 0.9309139847755432 1
vt 1 0.7568950057029724
vt 0 0
vt 0 0
vt 0 0
vt 0 0
vt 0 0
vt 0 0
vt 0 0
vt 0 0
vt 0 0
vt 0 0
vt 0 0
vt 0 0
vt 0 0
vt 0 0
vt 0 0
vt 0 0
vt 1 0.2431049942970276
vt 1 0.2431049942970276
vt 0.9948350191116333 0
vt 0.9951729774475098 0
vt 0.9948350191116333 1
vt 1 0.7568950057029724
vt 0.9951729774475098 1
vt 1 0.7568950057029724
vt 0 0
vt 0 0
vt 0 0
vt 0 0
vt 0 0
vt 0 0
vt 0 0
vt 0 0
vt 0 0
vt 0 0
vt 0 0
vt 0 0
vt 0 0
vt 0 0
vt 0 0
vt 0 0
vt 0 0
vt 0 0
vt 0 0
vt 0 0
vt 0 0
vt 0 0
vt 0 0
vt 0 0
vt 0 0
vt 0 0
vt 0 0
vt 0 0
vt 0 0
vt 0 0
vt 0 0
vt 0 0
vt 0 0
vt 0 0
vt 0.9891260266304016 0
vt 0.9599289894104004 0
vt 1 0.2431049942970276
vt 0.9891260266304016 0
vt 1 0.2431049942970276
vt 1 0.2431049942970276
vt 1 0.7568950057029724
vt 0.9891260266304016 1
vt 1 0.7568950057029724
vt 0.9599289894104004 1
vt 0 0
vt 0 0
vt 0 0
vt 0 0
vt 0 0
vt 0 0
vt 0 0
vt 0 0
vt 0 0
vt 0 0
vt 0 0
vt 0 0
vt 0 0
vt 0 0
vt 0 0
vt 0 0
vt 0 0
vt 0 0
vt 0 0
vt 0 0
vt 0 0
vt 0 0
vt 0 0
vt 0 0
vt 0 0
vt 0 0
vt 0 0
vt 0 0
vt 0 0
vt 0 0
vt 0 0
vt 0 0
vt 0 0
vt 0 0
vt 0 0
vt 0 0
vt 0 0
vt 0 0
vt 0 0
vt 0 0
vt 0 0
vt 0 0
vt 0 0
vt 0 0
vt 0 0
vt 0 0
vt 0 0
vt 0 0
vt 0 0
vt 0 0
vt 0 0
vt 0 0
vt 0 0
vt 0 0
vt 0 0
vt 0 0
vt 0 0
vt 0 0
vt 0 0
vt 0 0
vt 0 0
vt 0 0
vt 0 0
vt 0 0
vt 0 0
vt 0 0
vt 0 0
vt 0 0
vt 0 0
vt 0 0
vt 0 0
vt 0 0
vt 0 0
vt 0 0
vt 0 0
vt 0 0
vt 0 0
vt 0 0
vt 0 0
vt 0 0
vt 0 0
vt 0 0
vt 0 0
vt 0 0
vt 0 0
vt 0 0
vt 0 0
vt 0 0
vt 0 0
vt 0 0
vt 0 0
vt 0 0
vt 0 0
vt 0 0
vt 0 0
vt 0 0
vt 0 0
vt 0 0
vt 0 0
vt 0 0
vt 0 0
vt 0 0
vt 0 0
vt 0 0
vt 0 0
vt 0 0
vt 0 0
vt 0 0
vt 0 0
vt 0 0
vt 0 0
vt 0 0
vt 0 0
vt 0 0
vt 0 0
vt 0 0
vt 0 0
vt 0 0
vt 0 0
vt 0 0
vt 0 0
vt 0 0
vt 0 0
vt 0 0
vt 0 0
vt 0 0
vt 0 0
vt 0 0
vt 0 0
vt 0 0
vt 0 0
vt 0 0
vt 0 0
vt 0 0
vt 0 0
vt 0 0
vt 0 0
vt 0 0
vt 0 0
vt 0 0
vt 0 0
vt 0 0
vt 0 0
vt 0 0
vt 0 0
vt 0 0
vt 0 0
vt 0 0
vt 0 0
vt 0 0
vt 0 0
vt 0 0
vt 0 0
vt 0 0
vt 0 0
vt 0 0
vt 0 0
vt 0 0
vt 0 0
vt 0 0
vt 0 0
vt 0 0
vt 0 0
vt 0 0
vt 0 0
vt 0 0
vt 0 0
vt 0 0
vt 0 0
vt 0 0
vt 0 0
vt 0 0
vt 0 0
vt 0 0
vt 0 0
vt 0 0
vt 0 0
vt 0 0
vt 0 0
vt 0 0
vt 0 0
vt 0 0
vt 0 0
vt 0 0
vt 0 0
vt 0 0
vt 0 0
vt 0 0
vt 0 0
vt 0 0
vt 0 0
vt 0 0
vt 0 0
vt 0 0
vt 0 0
vt 0 0
vt 0 0
vt 0 0
vt 0 0
vt 0 0
vt 0 0
vt 0 0
vt 0 0
vt 0 0
vt 0 0
vt 0 0
vt 0 0
vt 0 0
vt 0 0
vt 0 0
vt 0 0
vt 0 0
vt 0 0
vt 0 0
vt 0 0
vt 0 0
vt 0 0
vt 0 0
vt 0 0
vt 0 0
vt 0 0
vt 0 0
vt 0 0
vt 0 0
vt 0 0
vt 0 0
vt 0 0
vt 0 0
vt 0 0
vt 0 0
vt 0 0
vt 0 0
vt 0 0
vt 0 0
vt 0 0
vt 0 0
vt 0 0
vt 0 0
vt 0 0
vt 0 0
vt 0 0
vt 0 0
vt 0 0
vt 0 0
vt 0 0
vt 0 0
vt 0 0
vt 0 0
vt 0 0
vt 0 0
vt 0 0
vt 0 0
vt 0 0
vt 0 0
vt 0 0
vt 0 0
vt 0 0
vt 0 0
vt 0 0
vt 0 0
vt 0 0
vt 0 0
vt 0 0
vt 0 0
vt 0 0
vt 0 0
vt 0 0
vt 0 0
vt 0 0
vt 0 0
vt 0 0
vt 0 0
vt 0 0
vt 0 0
vt 0 0
vt 0 0
vt 0 0
vt 0 0
vt 0.8739339709281921 0
vt 0.9168850183486938 0
vt 0.1285720020532608 0
vt 0.9309139847755432 0
vt 0.9750990271568298 0
vt 0.9948350191116333 0
vt 0.9934300184249878 0
vt 0.9918519854545593 0
vt 0.9951729774475098 0
vt 0.6667460203170776 0
vt 0.10754899680614471 0
vt 0.6792659759521484 0
vt 0.2329999953508377 0
vt 0.7581740021705627 0
vt 0.9169560074806213 0
vt 0.8857470154762268 0
vt 0.9112970232963562 0
vt 0.9599289894104004 0
vt 0.9705619812011719 0
vt 0.9891260266304016 0
vt 0.9884549975395203 0
vt 0.9875360131263733 0
vt 0.9915140271186829 0
vt 0.9891260266304016 1
vt 0.9884549975395203 1
vt 0.9915140271186829 1
vt 0.9705619812011719 1
vt 0.9875360131263733 1
vt 0.9599289894104004 1
vt 0.9112970232963562 1
vt 0.8857470154762268 1
vt 0.6667460203170776 1
vt 0.9169560074806213 1
vt 0.6792659759521484 1
vt 0.7581740021705627 1
vt 0.2329999953508377 1
vt 0.10754899680614471 1
vt 0.1285720020532608 1
vt 0.8739330172538757 1
vt 0.9168840050697327 1
vt 0.9309139847755432 1
vt 0.9750990271568298 1
vt 0.9948350191116333 1
vt 0.9934300184249878 1
vt 0.9918519854545593 1
vt 0.9951729774475098 1
vt 0 0
vt 0 0
vt 0 0
vt 0 0
vt 0 0
vt 0 0
vt 0 0
vt 0 0
vt 0 0
vt 0 0
vt 0 0
vt 0 0
vt 0 0
vt 0 0
vt 0 0
vt 0 0
vt 0 0
vt 0 0
vt 0 0
vt 0 0
vt 0 0
vt 0 0
vt 0 0
vt 0 0
vt 0 0
vt 0 0
vt 0 0
vt 0 0
vt 0 0
vt 0 0
vt 0 0
vt 0 0
vt 0.9169560074806213 0
vt 1 0.2431049942970276
vt 1 0.2431049942970276
vt 1 0.2431049942970276
vt 0.9169560074806213 0
vt 0.6792659759521484 0
vt 1 0.2431049942970276
vt 0.9168850183486938 0
vt 0.9309139847755432 0
vt 1 0.2431049942970276
vt 1 0.2431049942970276
vt 0.9168850183486938 0
vt 0.9168840050697327 1
vt 1 0.7568950057029724
vt 0.9309139847755432 1
vt 1 0.7568950057029724
vt 0.9168840050697327 1
vt 1 0.7568950057029724
vt 0.9891260266304016 0
vt 1 0.2431049942970276
vt 0.9915140271186829 0
vt 1 0.2431049942970276
vt 1 0.7568950057029724
vt 1 0.7568950057029724
vt 0.9891260266304016 1
vt 0.9915140271186829 1
vt 1 0.2431049942970276
vt 0.9599289894104004 0
vt 0.8857470154762268 0
vt 1 0.2431049942970276
vt 1 0.7568950057029724
vt 0.9599289894104004 1
vt 1 0.7568950057029724
vt 0.8857470154762268 1
vt 0.9169560074806213 1
vt 1 0.7568950057029724
vt 1 0.7568950057029724
vt 1 0.7568950057029724
vt 0.9169560074806213 1
vt 0.6792659759521484 1
vt 0 0
vt 0 0
vt 0 0
vt 0 0
vt 0 0
vt 0 0
vt 0 0
vt 0 0
vt 0 0
vt 0 0
vt 0 0
vt 0 0
vt 0 0
vt 0 0
vt 0 0
vt 0 0
vt 0 0
vt 0 0
vt 1 0.2431049942970276
vt 0.9169560074806213 0
vt 1 0.2431049942970276
vt 0.9169560074806213 0
vt 1 0.2431049942970276
vt 0.8857470154762268 0
vt 1 0.7568950057029724
vt 0.9169560074806213 1
vt 0.8857470154762268 1
vt 1 0.7568950057029724
vt 1 0.7568950057029724
vt 0.7581740021705627 1
vt 1 0.2431049942970276
vt 1 0.2431049942970276
vt 0.7581740021705627 0
vt 0.6792659759521484 0
vt 0 0
vt 0 0
vt 0 0
vt 0 0
vt 0 0
vt 0 0
vt 0 0
vt 0 0
vt 0.7581740021705627 1
vt 0.6792659759521484 1
vt 1 0.7568950057029724
vt 0 0
vt 0 0
vt 0 0
vt 0 0
vt 0 0
vt 0 0
vt 0 0
vt 0 0
vt 0 0
vt 0 0
vt 0 0
vt 0 0
vt 0 0
vt 0 0
vt 0 0
vt 0 0

f 1/1/1 2/2/2 3/3/3
f 2/2/2 4/4/4 3/3/3
f 2/2/2 5/5/5 4/4/4
f 6/6/6 7/7/7 8/8/8
f 7/7/7 6/6/6 9/9/9
f 10/10/10 8/8/8 7/7/7
f 8/8/8 10/10/10 11/11/11
f 9/9/9 12/12/12 7/7/7
f 12/12/12 9/9/9 13/13/13
f 13/13/13 14/14/14 12/12/12
f 14/14/14 13/13/13 15/15/15
f 16/16/16 12/12/12 14/14/14
f 17/17/17 7/7/7 12/12/12
f 12/12/12 16/16/16 17/17/17
f 7/7/7 17/17/17 10/10/10
f 18/18/18 17/17/17 16/16/16
f 19/19/19 10/10/10 17/17/17
f 17/17/17 18/18/18 19/19/19
f 20/20/20 11/11/11 10/10/10
f 10/10/10 19/19/19 20/20/20
f 11/11/11 20/20/20 21/21/21
f 20/20/20 22/22/22 21/21/21
f 19/19/19 23/23/23 20/20/20
f 22/22/22 20/20/20 23/23/23
f 18/18/18 24/24/24 19/19/19
f 23/23/23 19/19/19 24/24/24
f 24/24/24 18/18/18 25/25/25
f 25/25/25 26/26/26 24/24/24
f 27/27/27 24/24/24 26/26/26
f 24/24/24 27/27/27 23/23/23
f 26/26/26 28/28/28 27/27/27
f 29/29/29 27/27/27 28/28/28
f 30/30/30 23/23/23 27/27/27
f 27/27/27 29/29/29 30/30/30
f 23/23/23 30/30/30 22/22/22
f 31/31/31 30/30/30 29/29/29
f 32/32/32 22/22/22 30/30/30
f 30/30/30 31/31/31 32/32/32
f 33/33/33 32/32/32 31/31/31
f 34/34/34 35/35/35 36/36/36
f 37/37/37 36/36/36 35/35/35
f 36/36/36 38/38/38 34/34/34
f 37/37/37 35/35/35 39/39/39
f 38/38/38 40/40/40 34/34/34
f 41/41/41 37/37/37 39/39/39
f 38/38/38 42/42/42 40/40/40
f 43/43/43 41/41/41 39/39/39
f 42/42/42 44/44/44 40/40/40
f 43/43/43 39/39/39 45/45/45
f 42/42/42 46/46/46 44/44/44
f 47/47/47 43/43/43 45/45/45
f 46/46/46 48/48/48 44/44/44
f 46/46/46 47/47/47 48/48/48
f 49/49/49 48/48/48 47/47/47
f 47/47/47 45/45/45 49/49/49
f 50/50/50 51/51/51 52/52/52
f 53/53/53 54/54/54 55/55/55
f 56/56/56 57/57/57 58/58/58
f 57/57/57 56/56/56 59/59/59
f 60/60/60 61/61/61 62/62/62
f 60/60/60 63/63/63 61/61/61
f 64/64/64 65/65/65 66/66/66
f 66/66/66 65/65/65 67/67/67
f 68/68/68 69/69/69 70/70/70
f 71/71/71 72/72/72 73/73/73
f 74/74/74 75/75/75 76/76/76
f 75/75/75 74/74/74 77/77/77
f 78/78/78 79/79/79 80/80/80
f 79/79/79 78/78/78 81/81/81
f 82/82/82 83/83/83 84/84/84
f 84/84/84 85/85/85 82/82/82
f 86/86/86 87/87/87 88/88/88
f 89/89/89 90/90/90 91/91/91
f 92/92/92 93/93/93 94/94/94
f 95/95/95 96/96/96 97/97/97
f 98/98/98 99/99/99 100/100/100
f 99/99/99 101/101/101 100/100/100
f 98/98/98 100/100/100 102/102/102
f 101/101/101 99/99/99 103/103/103
f 102/102/102 104/104/104 98/98/98
f 103/103/103 105/105/105 101/101/101
f 104/104/104 102/102/102 106/106/106
f 103/103/103 107/107/107 105/105/105
f 108/108/108 104/104/104 106/106/106
f 109/109/109 105/105/105 107/107/107
f 108/108/108 106/106/106 110/110/110
f 105/105/105 109/109/109 111/111/111
f 108/108/108 110/110/110 112/112/112
f 109/109/109 113/113/113 111/111/111
f 112/112/112 110/110/110 113/113/113
f 112/112/112 113/113/113 109/109/109
f 114/114/114 115/115/115 116/116/116
f 114/114/114 116/116/116 117/117/117
f 118/118/118 119/119/119 120/120/120
f 119/119/119 118/118/118 121/121/121
f 122/122/122 123/123/123 124/124/124
f 123/123/123 122/122/122 125/125/125
f 122/122/122 126/126/126 125/125/125
f 126/126/126 122/122/122 127/127/127
f 127/127/127 128/128/128 126/126/126
f 128/128/128 127/127/127 129/129/129
f 130/130/130 131/131/131 132/132/132
f 131/131/131 133/133/133 132/132/132
f 134/134/134 132/132/132 133/133/133
f 133/133/133 135/135/135 134/134/134
f 136/136/136 134/134/134 135/135/135
f 135/135/135 137/137/137 136/136/136
f 138/138/138 136/136/136 137/137/137
f 137/137/137 139/139/139 138/138/138
f 140/140/140 138/138/138 139/139/139
f 139/139/139 141/141/141 140/140/140
f 142/142/142 140/140/140 141/141/141
f 141/141/141 143/143/143 142/142/142
f 144/144/144 142/142/142 143/143/143
f 143/143/143 145/145/145 144/144/144
f 146/146/146 144/144/144 145/145/145
f 145/145/145 147/147/147 146/146/146
f 148/148/148 146/146/146 147/147/147
f 148/148/148 147/147/147 149/149/149
f 150/150/150 148/148/148 149/149/149
f 150/150/150 149/149/149 151/151/151
f 152/152/152 150/150/150 151/151/151
f 151/151/151 153/153/153 152/152/152
f 154/154/154 152/152/152 153/153/153
f 155/155/155 154/154/154 153/153/153
f 156/156/156 157/157/157 158/158/158
f 159/159/159 160/160/160 161/161/161
f 162/162/162 163/163/163 164/164/164
f 163/163/163 162/162/162 165/165/165
f 166/166/166 167/167/167 168/168/168
f 168/168/168 167/167/167 169/169/169
f 167/167/167 170/170/170 169/169/169
f 167/167/167 166/166/166 171/171/171
f 169/169/169 170/170/170 172/172/172
f 168/168/168 173/173/173 166/166/166
f 174/174/174 171/171/171 166/166/166
f 173/173/173 168/168/168 175/175/175
f 171/171/171 174/174/174 176/176/176
f 173/173/173 175/175/175 177/177/177
f 174/174/174 178/178/178 176/176/176
f 177/177/177 175/175/175 179/179/179
f 180/180/180 177/177/177 179/179/179
f 177/177/177 180/180/180 181/181/181
f 182/182/182 181/181/181 180/180/180
f 181/181/181 182/182/182 183/183/183
f 184/184/184 183/183/183 182/182/182
f 178/178/178 174/174/174 185/185/185
f 183/183/183 184/184/184 186/186/186
f 185/185/185 187/187/187 178/178/178
f 187/187/187 185/185/185 188/188/188
f 178/178/178 187/187/187 189/189/189
f 190/190/190 189/189/189 187/187/187
f 172/172/172 186/186/186 184/184/184
f 189/189/189 190/190/190 191/191/191
f 186/186/186 172/172/172 170/170/170
f 186/186/186 170/170/170 192/192/192
f 193/193/193 186/186/186 192/192/192
f 194/194/194 186/186/186 193/193/193
f 191/191/191 194/194/194 193/193/193
f 190/190/190 194/194/194 191/191/191
f 194/194/194 190/190/190 195/195/195
f 196/196/196 197/197/197 198/198/198
f 198/198/198 197/197/197 199/199/199
f 200/200/200 196/196/196 198/198/198
f 197/197/197 196/196/196 201/201/201
f 196/196/196 200/200/200 202/202/202
f 203/203/203 197/197/197 201/201/201
f 200/200/200 204/204/204 202/202/202
f 204/204/204 200/200/200 205/205/205
f 201/201/201 206/206/206 203/203/203
f 205/205/205 207/207/207 204/204/204
f 208/208/208 203/203/203 206/206/206
f 203/203/203 208/208/208 209/209/209
f 210/210/210 208/208/208 206/206/206
f 211/211/211 208/208/208 210/210/210
f 211/211/211 210/210/210 212/212/212
f 211/211/211 212/212/212 213/213/213
f 214/214/214 207/207/207 205/205/205
f 215/215/215 214/214/214 205/205/205
f 207/207/207 214/214/214 216/216/216
f 216/216/216 213/213/213 207/207/207
f 214/214/214 215/215/215 217/217/217
f 213/213/213 216/216/216 218/218/218
f 218/218/218 211/211/211 213/213/213
f 218/218/218 219/219/219 211/211/211
f 220/220/220 217/217/217 215/215/215
f 221/221/221 211/211/211 219/219/219
f 217/217/217 220/220/220 222/222/222
f 219/219/219 223/223/223 221/221/221
f 220/220/220 224/224/224 222/222/222
f 223/223/223 225/225/225 221/221/221
f 224/224/224 220/220/220 225/225/225
f 225/225/225 223/223/223 224/224/224
f 226/226/226 227/227/227 228/228/228
f 229/229/229 228/228/228 227/227/227
f 227/227/227 226/226/226 230/230/230
f 227/227/227 231/231/231 229/229/229
f 226/226/226 232/232/232 230/230/230
f 233/233/233 229/229/229 231/231/231
f 226/226/226 234/234/234 232/232/232
f 229/229/229 233/233/233 235/235/235
f 236/236/236 232/232/232 234/234/234
f 237/237/237 235/235/235 233/233/233
f 232/232/232 236/236/236 238/238/238
f 233/233/233 239/239/239 237/237/237
f 236/236/236 240/240/240 238/238/238
f 237/237/237 239/239/239 241/241/241
f 236/236/236 241/241/241 240/240/240
f 241/241/241 239/239/239 240/240/240
f 242/242/242 243/243/243 244/244/244
f 245/245/245 242/242/242 244/244/244
f 243/243/243 242/242/242 246/246/246
f 242/242/242 245/245/245 247/247/247
f 248/248/248 243/243/243 246/246/246
f 245/245/245 249/249/249 247/247/247
f 243/243/243 248/248/248 250/250/250
f 249/249/249 245/245/245 251/251/251
f 252/252/252 250/250/250 248/248/248
f 253/253/253 249/249/249 251/251/251
f 250/250/250 252/252/252 254/254/254
f 249/249/249 253/253/253 255/255/255
f 256/256/256 254/254/254 252/252/252
f 253/253/253 256/256/256 255/255/255
f 254/254/254 256/256/256 257/257/257
f 256/256/256 253/253/253 257/257/257
f 258/258/258 259/259/259 260/260/260
f 260/260/260 261/261/261 258/258/258
f 259/259/259 262/262/262 260/260/260
f 261/261/261 260/260/260 263/263/263
f 259/259/259 264/264/264 262/262/262
f 265/265/265 261/261/261 263/263/263
f 264/264/264 259/259/259 266/266/266
f 261/261/261 265/265/265 267/267/267
f 266/266/266 268/268/268 264/264/264
f 265/265/265 269/269/269 267/267/267
f 268/268/268 266/266/266 270/270/270
f 269/269/269 265/265/265 271/271/271
f 272/272/272 268/268/268 270/270/270
f 271/271/271 273/273/273 269/269/269
f 268/268/268 272/272/272 274/274/274
f 273/273/273 271/271/271 275/275/275
f 272/272/272 275/275/275 274/274/274
f 275/275/275 272/272/272 273/273/273
f 276/276/276 277/277/277 278/278/278
f 278/278/278 279/279/279 276/276/276
f 278/278/278 277/277/277 280/280/280
f 279/279/279 278/278/278 281/281/281
f 277/277/277 282/282/282 280/280/280
f 281/281/281 283/283/283 279/279/279
f 282/282/282 277/277/277 284/284/284
f 285/285/285 279/279/279 283/283/283
f 284/284/284 286/286/286 282/282/282
f 287/287/287 285/285/285 283/283/283
f 288/288/288 282/282/282 286/286/286
f 289/289/289 285/285/285 287/287/287
f 290/290/290 288/288/288 286/286/286
f 291/291/291 289/289/289 287/287/287
f 288/288/288 290/290/290 292/292/292
f 290/290/290 291/291/291 292/292/292
f 293/293/293 289/289/289 291/291/291
f 291/291/291 290/290/290 293/293/293
f 294/294/294 295/295/295 296/296/296
f 294/294/294 296/296/296 297/297/297
f 295/295/295 298/298/298 296/296/296
f 298/298/298 295/295/295 299/299/299
f 300/300/300 298/298/298 299/299/299
f 298/298/298 300/300/300 301/301/301
f 300/300/300 302/302/302 301/301/301
f 300/300/300 303/303/303 302/302/302
f 304/304/304 302/302/302 303/303/303
f 304/304/304 303/303/303 305/305/305
f 306/306/306 304/304/304 305/305/305
f 304/304/304 306/306/306 307/307/307
f 308/308/308 307/307/307 306/306/306
f 307/307/307 308/308/308 309/309/309
f 310/310/310 309/309/309 308/308/308
f 309/309/309 310/310/310 311/311/311
f 310/310/310 312/312/312 311/311/311
f 310/310/310 313/313/313 312/312/312
f 314/314/314 312/312/312 313/313/313
f 313/313/313 315/315/315 314/314/314
f 316/316/316 314/314/314 315/315/315
f 314/314/314 316/316/316 317/317/317
f 316/316/316 318/318/318 317/317/317
f 318/318/318 316/316/316 319/319/319
f 320/320/320 318/318/318 319/319/319
f 318/318/318 320/320/320 321/321/321
f 322/322/322 323/323/323 324/324/324
f 325/325/325 324/324/324 323/323/323
f 323/323/323 322/322/322 326/326/326
f 323/323/323 327/327/327 325/325/325
f 322/322/322 328/328/328 326/326/326
f 329/329/329 325/325/325 327/327/327
f 322/322/322 330/330/330 328/328/328
f 325/325/325 329/329/329 331/331/331
f 332/332/332 328/328/328 330/330/330
f 333/333/333 331/331/331 329/329/329
f 328/328/328 332/332/332 334/334/334
f 331/331/331 333/333/333 335/335/335
f 336/336/336 334/334/334 332/332/332
f 333/333/333 337/337/337 335/335/335
f 334/334/334 336/336/336 338/338/338
f 337/337/337 333/333/333 339/339/339
f 340/340/340 338/338/338 336/336/336
f 341/341/341 337/337/337 339/339/339
f 340/340/340 336/336/336 342/342/342
f 341/341/341 339/339/339 343/343/343
f 344/344/344 340/340/340 342/342/342
f 345/345/345 341/341/341 343/343/343
f 340/340/340 344/344/344 346/346/346
f 345/345/345 346/346/346 344/344/344
f 346/346/346 345/345/345 347/347/347
f 345/345/345 343/343/343 347/347/347
f 348/348/348 349/349/349 350/350/350
f 351/351/351 350/350/350 349/349/349
f 349/349/349 348/348/348 352/352/352
f 350/350/350 351/351/351 353/353/353
f 354/354/354 352/352/352 348/348/348
f 355/355/355 353/353/353 351/351/351
f 352/352/352 354/354/354 356/356/356
f 353/353/353 355/355/355 357/357/357
f 358/358/358 356/356/356 354/354/354
f 359/359/359 357/357/357 355/355/355
f 360/360/360 356/356/356 358/358/358
f 359/359/359 355/355/355 361/361/361
f 362/362/362 360/360/360 358/358/358
f 362/362/362 359/359/359 361/361/361
f 360/360/360 362/362/362 363/363/363
f 362/362/362 361/361/361 363/363/363
f 364/364/364 365/365/365 366/366/366
f 365/365/365 364/364/364 367/367/367
f 366/366/366 368/368/368 364/364/364
f 367/367/367 369/369/369 365/365/365
f 368/368/368 366/366/366 370/370/370
f 369/369/369 367/367/367 371/371/371
f 370/370/370 372/372/372 368/368/368
f 373/373/373 369/369/369 371/371/371
f 372/372/372 370/370/370 374/374/374
f 369/369/369 373/373/373 375/375/375
f 374/374/374 376/376/376 372/372/372
f 377/377/377 375/375/375 373/373/373
f 376/376/376 374/374/374 378/378/378
f 378/378/378 377/377/377 376/376/376
f 375/375/375 377/377/377 379/379/379
f 378/378/378 379/379/379 377/377/377
f 380/380/380 381/381/381 382/382/382
f 382/382/382 381/381/381 383/383/383
f 384/384/384 380/380/380 382/382/382
f 385/385/385 383/383/383 381/381/381
f 380/380/380 384/384/384 386/386/386
f 387/387/387 383/383/383 385/385/385
f 384/384/384 388/388/388 386/386/386
f 385/385/385 389/389/389 387/387/387
f 388/388/388 384/384/384 390/390/390
f 389/389/389 385/385/385 391/391/391
f 392/392/392 388/388/388 390/390/390
f 393/393/393 389/389/389 391/391/391
f 394/394/394 388/388/388 392/392/392
f 392/392/392 393/393/393 394/394/394
f 389/389/389 393/393/393 395/395/395
f 393/393/393 392/392/392 395/395/395
f 396/396/396 397/397/397 398/398/398
f 397/397/397 396/396/396 399/399/399
f 398/398/398 400/400/400 396/396/396
f 399/399/399 401/401/401 397/397/397
f 400/400/400 398/398/398 402/402/402
f 401/401/401 399/399/399 403/403/403
f 404/404/404 400/400/400 402/402/402
f 403/403/403 405/405/405 401/401/401
f 406/406/406 400/400/400 404/404/404
f 401/401/401 405/405/405 407/407/407
f 404/404/404 408/408/408 406/406/406
f 405/405/405 409/409/409 407/407/407
f 408/408/408 404/404/404 410/410/410
f 410/410/410 409/409/409 408/408/408
f 409/409/409 405/405/405 411/411/411
f 408/408/408 409/409/409 411/411/411
f 412/412/412 413/413/413 414/414/414
f 413/413/413 415/415/415 414/414/414
f 413/413/413 412/412/412 416/416/416
f 415/415/415 413/413/413 417/417/417
f 418/418/418 416/416/416 412/412/412
f 417/417/417 419/419/419 415/415/415
f 416/416/416 418/418/418 420/420/420
f 419/419/419 417/417/417 421/421/421
f 422/422/422 420/420/420 418/418/418
f 423/423/423 419/419/419 421/421/421
f 418/418/418 424/424/424 422/422/422
f 425/425/425 419/419/419 423/423/423
f 424/424/424 426/426/426 422/422/422
f 426/426/426 425/425/425 423/423/423
f 426/426/426 424/424/424 427/427/427
f 427/427/427 425/425/425 426/426/426
f 428/428/428 429/429/429 430/430/430
f 428/428/428 430/430/430 431/431/431
f 429/429/429 432/432/432 430/430/430
f 433/433/433 428/428/428 431/431/431
f 432/432/432 429/429/429 434/434/434
f 428/428/428 433/433/433 435/435/435
f 434/434/434 436/436/436 432/432/432
f 437/437/437 435/435/435 433/433/433
f 436/436/436 438/438/438 432/432/432
f 435/435/435 437/437/437 439/439/439
f 436/436/436 440/440/440 438/438/438
f 437/437/437 441/441/441 439/439/439
f 438/438/438 440/440/440 442/442/442
f 441/441/441 437/437/437 443/443/443
f 440/440/440 443/443/443 442/442/442
f 443/443/443 440/440/440 441/441/441
f 444/444/444 445/445/445 446/446/446
f 445/445/445 444/444/444 447/447/447
f 448/448/448 447/447/447 444/444/444
f 447/447/447 448/448/448 449/449/449
f 448/448/448 450/450/450 449/449/449
f 449/449/449 450/450/450 451/451/451
f 449/449/449 451/451/451 452/452/452
f 453/453/453 444/444/444 446/446/446
f 454/454/454 453/453/453 446/446/446
f 453/453/453 454/454/454 455/455/455
f 454/454/454 456/456/456 455/455/455
f 457/457/457 455/455/455 456/456/456
f 455/455/455 458/458/458 453/453/453
f 459/459/459 453/453/453 458/458/458
f 460/460/460 453/453/453 459/459/459
f 460/460/460 459/459/459 461/461/461
f 462/462/462 460/460/460 461/461/461
f 461/461/461 463/463/463 462/462/462
f 464/464/464 462/462/462 463/463/463
f 462/462/462 464/464/464 465/465/465
f 463/463/463 466/466/466 464/464/464
f 467/467/467 468/468/468 469/469/469
f 467/467/467 470/470/470 468/468/468
f 468/468/468 470/470/470 471/471/471
f 472/472/472 470/470/470 467/467/467
f 470/470/470 472/472/472 473/473/473
f 472/472/472 474/474/474 473/473/473
f 475/475/475 473/473/473 474/474/474
f 476/476/476 475/475/475 474/474/474
f 477/477/477 475/475/475 476/476/476
f 477/477/477 478/478/478 479/479/479
f 480/480/480 477/477/477 479/479/479
f 475/475/475 477/477/477 480/480/480
f 480/480/480 481/481/481 475/475/475
f 482/482/482 475/475/475 481/481/481
f 483/483/483 482/482/482 481/481/481
f 482/482/482 483/483/483 484/484/484
f 485/485/485 482/482/482 484/484/484
f 485/485/485 484/484/484 486/486/486
f 486/486/486 487/487/487 485/485/485
f 487/487/487 486/486/486 488/488/488
f 488/488/488 486/486/486 489/489/489
f 490/490/490 491/491/491 492/492/492
f 491/491/491 493/493/493 492/492/492
f 491/491/491 490/490/490 494/494/494
f 495/495/495 492/492/492 493/493/493
f 496/496/496 494/494/494 490/490/490
f 494/494/494 496/496/496 497/497/497
f 498/498/498 494/494/494 497/497/497
f 499/499/499 495/495/495 493/493/493
f 499/499/499 493/493/493 500/500/500
f 500/500/500 501/501/501 499/499/499
f 502/502/502 499/499/499 501/501/501
f 503/503/503 502/502/502 501/501/501
f 502/502/502 503/503/503 504/504/504
f 503/503/503 501/501/501 505/505/505
f 506/506/506 507/507/507 508/508/508
f 508/508/508 509/509/509 506/506/506
f 510/510/510 506/506/506 509/509/509
f 509/509/509 511/511/511 510/510/510
f 511/511/511 509/509/509 512/512/512
f 512/512/512 513/513/513 511/511/511
f 513/513/513 512/512/512 514/514/514
f 514/514/514 515/515/515 513/513/513
f 515/515/515 514/514/514 516/516/516
f 516/516/516 514/514/514 517/517/517
f 507/507/507 506/506/506 518/518/518
f 519/519/519 507/507/507 518/518/518
f 507/507/507 519/519/519 520/520/520
f 519/519/519 518/518/518 521/521/521
f 522/522/522 523/523/523 524/524/524
f 525/525/525 526/526/526 527/527/527
f 528/528/528 529/529/529 530/530/530
f 531/531/531 532/532/532 533/533/533
f 534/534/534 535/535/535 536/536/536
f 537/537/537 538/538/538 539/539/539
f 540/540/540 541/541/541 542/542/542
f 541/541/541 540/540/540 543/543/543
f 544/544/544 545/545/545 546/546/546
f 544/544/544 546/546/546 547/547/547
f 548/548/548 549/549/549 550/550/550
f 549/549/549 548/548/548 551/551/551
f 552/552/552 553/553/553 554/554/554
f 553/553/553 552/552/552 555/555/555
f 556/556/556 557/557/557 558/558/558
f 559/559/559 560/560/560 558/558/558
f 560/560/560 559/559/559 561/561/561
f 562/562/562 563/563/563 564/564/564
f 563/563/563 565/565/565 564/564/564
f 563/563/563 562/562/562 566/566/566
f 567/567/567 564/564/564 565/565/565
f 568/568/568 566/566/566 562/562/562
f 567/567/567 565/565/565 569/569/569
f 566/566/566 568/568/568 570/570/570
f 569/569/569 571/571/571 567/567/567
f 572/572/572 570/570/570 568/568/568
f 573/573/573 571/571/571 569/569/569
f 570/570/570 572/572/572 574/574/574
f 571/571/571 573/573/573 575/575/575
f 576/576/576 574/574/574 572/572/572
f 577/577/577 575/575/575 573/573/573
f 574/574/574 576/576/576 578/578/578
f 575/575/575 577/577/577 579/579/579
f 576/576/576 579/579/579 578/578/578
f 577/577/577 578/578/578 579/579/579
f 580/580/580 581/581/581 582/582/582
f 583/583/583 584/584/584 585/585/585
f 586/586/586 587/587/587 588/588/588
f 589/589/589 590/590/590 591/591/591
f 592/592/592 593/593/593 594/594/594
f 595/595/595 594/594/594 593/593/593
f 596/596/596 597/597/597 598/598/598
f 597/597/597 596/596/596 599/599/599
f 600/600/600 598/598/598 597/597/597
f 600/600/600 597/597/597 601/601/601
f 602/602/602 600/600/600 601/601/601
f 602/602/602 601/601/601 603/603/603
f 604/604/604 605/605/605 606/606/606
f 607/607/607 608/608/608 609/609/609
f 610/610/610 607/607/607 609/609/609
f 608/608/608 607/607/607 611/611/611
f 607/607/607 610/610/610 612/612/612
f 613/613/613 608/608/608 611/611/611
f 610/610/610 614/614/614 612/612/612
f 613/613/613 611/611/611 615/615/615
f 610/610/610 616/616/616 614/614/614
f 617/617/617 613/613/613 615/615/615
f 616/616/616 618/618/618 614/614/614
f 617/617/617 615/615/615 619/619/619
f 618/618/618 616/616/616 620/620/620
f 621/621/621 617/617/617 619/619/619
f 620/620/620 622/622/622 618/618/618
f 621/621/621 619/619/619 622/622/622
f 622/622/622 620/620/620 621/621/621