# Blender 5.1.2
# www.blender.org
mtllib 8888.mtl
o U_Char_1
v 1.716038 5.217340 0.320088
v -1.716039 5.217340 0.320088
v 3.471712 4.009403 0.260943
v 3.276485 4.087851 0.263316
v 3.077210 4.166691 0.268846
v -3.471712 4.009403 0.260943
v -3.276485 4.087851 0.263316
v -3.077210 4.166691 0.268846
v 4.256580 3.519408 0.194950
v 3.030367 3.720814 0.384168
v 2.897055 3.764879 0.389913
v 2.761479 3.807017 0.400353
v -2.897055 3.764879 0.389913
v -2.761479 3.807017 0.400353
v -3.030367 3.720814 0.384168
v -4.256580 3.519408 0.194950
v 4.483519 3.137318 0.362004
v 4.431331 3.162516 0.337695
v 4.453303 3.140927 0.284443
v 4.491374 3.129782 0.231574
v 4.475138 3.118728 0.193092
v 4.414589 3.158738 0.257254
v 4.379877 3.185738 0.295699
v 4.393342 3.150541 0.216918
v 4.351477 3.196137 0.281635
v 4.700180 3.205594 0.129524
v 4.758696 3.135191 0.099555
v 4.739206 3.148356 0.203391
v 4.761014 3.150970 0.150749
v 4.756941 3.119107 0.194551
v 4.702873 3.123779 0.228158
v 4.692192 3.133489 0.054134
v 4.688367 3.138407 0.053635
v 4.727478 3.165593 0.078942
v 4.709294 3.177184 0.075272
v 4.730655 3.183777 0.139264
v 4.711533 3.195461 0.131867
v 4.704577 3.181065 0.200967
v 4.659270 3.155729 0.229546
v 4.602367 3.224007 0.349564
v 4.640475 3.218940 0.302746
v 4.568357 3.254120 0.328746
v 4.622669 3.195068 0.354752
v 4.657663 3.175801 0.292206
v 4.648359 3.185491 0.326230
v 4.513361 3.233170 0.355051
v 4.557648 3.203411 0.373874
v 4.600624 3.172151 0.370295
v 4.632136 3.152803 0.340883
v 4.642856 3.148899 0.294810
v 4.653398 3.195910 0.258349
v 4.630533 3.163282 0.243598
v 4.613544 3.247859 0.274100
v 4.616470 3.173740 0.222298
v 4.633878 3.159947 0.219297
v 4.673537 3.197966 0.187347
v 4.627216 3.220767 0.220288
v 4.673162 3.223702 0.174295
v 4.468019 3.364694 0.185455
v 4.342698 3.303489 0.330596
v 4.570237 3.267108 0.243095
v 4.583045 3.293993 0.209068
v 4.463549 3.254714 0.311160
v 4.507324 3.277670 0.275474
v 4.497092 3.318496 0.251004
v 4.419952 3.272461 0.327275
v 4.221759 3.389130 0.328202
v 4.350142 3.461269 0.191864
v 4.120419 3.442773 0.335678
v -4.120419 3.442773 0.335678
v -4.483519 3.137318 0.362004
v -4.431331 3.162516 0.337695
v -4.453303 3.140927 0.284443
v -4.475138 3.118728 0.193092
v -4.491374 3.129782 0.231574
v -4.379877 3.185738 0.295699
v -4.414589 3.158738 0.257254
v -4.393342 3.150541 0.216918
v -4.351477 3.196137 0.281635
v -4.700180 3.205594 0.129524
v -4.758696 3.135191 0.099555
v -4.739206 3.148356 0.203391
v -4.761014 3.150970 0.150749
v -4.756941 3.119107 0.194551
v -4.702873 3.123779 0.228158
v -4.692192 3.133489 0.054134
v -4.688367 3.138407 0.053635
v -4.727478 3.165593 0.078942
v -4.709295 3.177184 0.075272
v -4.730655 3.183777 0.139264
v -4.711534 3.195461 0.131867
v -4.704577 3.181065 0.200967
v -4.659270 3.155729 0.229546
v -4.602367 3.224007 0.349564
v -4.640475 3.218940 0.302746
v -4.568357 3.254120 0.328746
v -4.622669 3.195068 0.354752
v -4.648359 3.185491 0.326230
v -4.657663 3.175801 0.292206
v -4.513362 3.233170 0.355051
v -4.557648 3.203411 0.373874
v -4.600624 3.172151 0.370295
v -4.632136 3.152803 0.340883
v -4.642856 3.148899 0.294810
v -4.653399 3.195910 0.258349
v -4.630533 3.163282 0.243598
v -4.613545 3.247859 0.274100
v -4.633878 3.159947 0.219297
v -4.616470 3.173740 0.222298
v -4.673537 3.197966 0.187347
v -4.627217 3.220767 0.220288
v -4.673162 3.223702 0.174295
v -4.342698 3.303489 0.330596
v -4.468020 3.364694 0.185455
v -4.583046 3.293993 0.209068
v -4.570238 3.267108 0.243095
v -4.497092 3.318496 0.251004
v -4.507324 3.277670 0.275474
v -4.463549 3.254714 0.311160
v -4.419952 3.272461 0.327275
v -4.221759 3.389130 0.328202
v -4.350142 3.461269 0.191864
v 4.626019 3.059404 0.210642
v 4.645507 3.046238 0.106805
v 4.628966 3.047525 0.159130
v 4.680396 3.032599 0.130719
v 4.667032 3.041626 0.201921
v 4.677037 3.031152 0.167944
v 4.596110 3.072145 0.085045
v 4.576918 3.074726 0.146335
v 4.573206 3.087616 0.207071
v 4.501938 3.118097 0.317116
v 4.562572 3.100673 0.305886
v 4.527580 3.119939 0.368433
v 4.547882 3.104928 0.341449
v 4.534551 3.109221 0.270789
v 4.572224 3.086167 0.080442
v 4.550201 3.101454 0.197471
v 4.531603 3.095344 0.133927
v 4.513001 3.104579 0.184431
v 4.770306 3.110079 0.123349
v 4.771961 3.114300 0.159845
v 4.738931 3.093808 0.205854
v 4.758252 3.079525 0.165932
v 4.755059 3.082913 0.119922
v 4.730708 3.104977 0.079855
v -4.626019 3.059404 0.210642
v -4.645507 3.046238 0.106805
v -4.628966 3.047525 0.159130
v -4.680396 3.032599 0.130719
v -4.677037 3.031152 0.167944
v -4.667032 3.041626 0.201921
v -4.596110 3.072145 0.085045
v -4.576918 3.074726 0.146335
v -4.573206 3.087616 0.207071
v -4.501939 3.118097 0.317116
v -4.562572 3.100673 0.305886
v -4.547882 3.104928 0.341449
v -4.527580 3.119939 0.368433
v -4.534551 3.109221 0.270789
v -4.572225 3.086167 0.080442
v -4.550202 3.101454 0.197471
v -4.513001 3.104579 0.184431
v -4.531604 3.095344 0.133927
v -4.771961 3.114300 0.159845
v -4.770306 3.110079 0.123349
v -4.738931 3.093808 0.205854
v -4.758252 3.079525 0.165932
v -4.755059 3.082913 0.119922
v -4.730708 3.104977 0.079855
v 2.117341 0.865737 0.366710
v 1.844286 0.868901 0.502115
v 1.571230 0.865612 0.369004
v -1.571230 0.865612 0.369004
v -2.117341 0.865737 0.366710
v -1.844286 0.868901 0.502115
v 1.839585 0.423445 0.385371
v 2.095651 0.662311 0.308060
v 2.102009 0.769220 0.336286
v 1.839585 0.774076 0.460456
v 1.839584 0.666768 0.417714
v 1.577161 0.769220 0.336286
v 1.583519 0.662311 0.308060
v -1.577161 0.769220 0.336286
v -1.583519 0.662311 0.308060
v -1.839585 0.423445 0.385371
v -1.839585 0.774076 0.460456
v -2.102009 0.769220 0.336286
v -2.095651 0.662311 0.308060
v -1.839584 0.666768 0.417714
v 1.839585 0.033175 -0.248701
v 1.839585 0.018858 -0.035828
v 1.839585 0.033891 0.517810
v 1.839585 0.371400 0.465545
v 2.049777 0.388139 0.327932
v 2.045382 0.336739 0.409154
v 2.229867 0.202734 0.006182
v 2.222673 0.168524 0.144392
v 1.629392 0.388139 0.327932
v 1.633788 0.336739 0.409154
v 1.449302 0.202734 0.006182
v 1.456496 0.168524 0.144392
v -1.629392 0.388139 0.327932
v -1.633788 0.336739 0.409154
v -1.449302 0.202734 0.006182
v -1.456496 0.168524 0.144392
v -1.839585 0.033175 -0.248701
v -1.839585 0.018858 -0.035828
v -1.839585 0.033891 0.517810
v -1.839585 0.371400 0.465545
v -2.049777 0.388139 0.327932
v -2.045382 0.336739 0.409154
v -2.229868 0.202734 0.006182
v -2.222673 0.168524 0.144392
v 1.532024 6.025154 1.203264
v 1.585477 6.029647 1.150507
v 1.548502 6.022574 1.105837
v 1.357140 5.981360 1.008193
v 1.217017 6.023395 1.159700
v 1.354405 5.989722 1.108440
v 1.317873 5.879867 1.145379
v 1.490160 5.879251 1.241347
v 1.550811 5.865501 1.184284
v 1.513271 5.865147 1.139545
v 1.288975 5.864041 1.011571
v 1.374598 6.082023 1.069355
v 1.287981 6.119977 1.101295
v 1.354438 6.113598 1.085553
v 1.540867 6.156418 1.163168
v 1.418218 6.209725 1.206000
v 1.509498 6.199243 1.182834
v 1.396735 6.090451 1.017806
v 1.586131 6.180685 1.115202
v 1.549498 6.166268 1.070687
v 1.329556 6.134152 1.056941
v 1.545251 6.230414 1.138653
v 1.410146 6.227564 1.120438
v 1.438964 6.245242 1.167065
v 1.124524 6.116193 1.129195
v 1.124267 6.214888 1.251825
v 1.138090 6.231569 1.302750
v 1.107569 6.108866 1.199993
v 1.116202 5.942384 1.219785
v 0.929321 6.060156 1.183481
v 0.924928 6.060515 1.281859
v 0.621153 6.001645 1.070518
v 0.940776 5.891315 0.798828
v 0.874538 5.881379 0.571130
v 0.372653 6.028536 1.084681
v 0.462485 5.964356 0.544381
v 0.468666 6.000237 0.798916
v -0.372653 6.028536 1.084681
v -0.468666 6.000237 0.798916
v -0.462485 5.964356 0.544381
v 0.000000 6.005572 0.530926
v 0.000000 6.071117 1.059517
v 0.000000 6.044202 0.789087
v -1.124524 6.116193 1.129195
v -1.124267 6.214888 1.251825
v -1.138089 6.231569 1.302750
v -1.107569 6.108866 1.199993
v -1.116202 5.942384 1.219785
v -0.929321 6.060156 1.183481
v -0.924928 6.060515 1.281859
v -0.621153 6.001645 1.070518
v -0.940776 5.891315 0.798828
v -0.874538 5.881379 0.571130
v -1.532024 6.025154 1.203264
v -1.585477 6.029647 1.150507
v -1.548502 6.022574 1.105837
v -1.357140 5.981360 1.008193
v -1.354405 5.989722 1.108440
v -1.217017 6.023395 1.159700
v -1.317873 5.879867 1.145379
v -1.490160 5.879251 1.241347
v -1.550811 5.865501 1.184284
v -1.513271 5.865147 1.139545
v -1.288975 5.864041 1.011571
v -1.374598 6.082023 1.069355
v -1.287981 6.119977 1.101295
v -1.354438 6.113598 1.085553
v -1.540867 6.156418 1.163168
v -1.418218 6.209725 1.206000
v -1.509498 6.199243 1.182834
v -1.396735 6.090451 1.017806
v -1.549499 6.166268 1.070687
v -1.586131 6.180685 1.115202
v -1.329556 6.134152 1.056941
v -1.410146 6.227564 1.120438
v -1.545251 6.230414 1.138653
v -1.438964 6.245242 1.167065
v 1.539535 5.596992 1.121011
v 1.495361 5.564378 0.836487
v 1.448027 5.538563 0.501553
v 1.186567 5.800986 0.826409
v 1.112897 5.795475 0.573802
v -1.186567 5.800986 0.826409
v -1.112897 5.795475 0.573802
v -1.539535 5.596992 1.121011
v -1.448027 5.538563 0.501553
v -1.495361 5.564378 0.836487
v 1.723785 5.123511 0.883365
v 1.707566 5.201771 1.176521
v 1.703308 5.351031 1.149108
v 1.698189 5.302387 0.827323
v -1.723785 5.123511 0.883365
v -1.707567 5.201771 1.176521
v -1.703308 5.351031 1.149108
v -1.698189 5.302387 0.827323
v 1.808597 5.008560 0.502513
v 1.622425 5.025177 1.224802
v 1.271703 4.710925 1.248961
v 1.627593 4.938357 0.986777
v 1.487103 4.858988 1.222417
v 1.704307 4.863831 0.727156
v 1.466550 4.790161 1.044288
v -1.622425 5.025177 1.224802
v -1.271703 4.710925 1.248961
v -1.487103 4.858988 1.222417
v -1.627593 4.938357 0.986777
v -1.466550 4.790161 1.044288
v -1.704307 4.863831 0.727156
v -1.808597 5.008560 0.502513
v 2.099999 4.511852 0.408845
v 1.684867 4.553782 0.660999
v 1.258981 4.457456 0.974229
v 0.921646 4.587933 1.346252
v 0.620738 4.395926 1.288765
v -0.921646 4.587933 1.346252
v -0.620738 4.395926 1.288765
v -1.684867 4.553782 0.660999
v -1.258981 4.457456 0.974229
v -2.099999 4.511852 0.408845
v 3.096482 3.926529 0.480936
v 2.914741 3.986926 0.493965
v 2.032237 4.215440 0.628920
v 1.291544 4.182754 1.101501
v 1.637718 4.262361 0.851164
v -1.291544 4.182754 1.101501
v -1.637718 4.262361 0.851164
v -2.032237 4.215440 0.628920
v -2.914741 3.986926 0.493965
v -3.096483 3.926529 0.480936
v 3.248766 3.868479 0.473709
v 1.959289 3.818064 0.577714
v 2.173519 3.874023 0.477757
v 1.320336 3.869650 1.242198
v 1.717332 3.848426 0.934108
v -1.320336 3.869650 1.242198
v -1.717332 3.848426 0.934108
v -1.959289 3.818064 0.577714
v -2.173519 3.874023 0.477757
v -3.248766 3.868479 0.473709
v 2.113093 3.390594 0.562807
v 1.853917 3.407695 1.025703
v -2.113093 3.390594 0.562807
v -1.853917 3.407695 1.025703
v 1.902521 3.052633 1.075974
v 2.163327 3.038355 0.577314
v -1.902521 3.052633 1.075974
v -2.163327 3.038355 0.577314
v 1.936150 2.715313 1.014624
v -1.936150 2.715313 1.014624
v 2.142016 2.309417 0.810926
v 2.238348 1.978672 0.715183
v 1.753360 2.099705 1.179901
v -1.753360 2.099705 1.179901
v -2.142016 2.309417 0.810926
v -2.238348 1.978672 0.715183
v 1.880464 1.628994 0.883360
v 2.253391 1.659738 0.604339
v 1.856784 1.847651 1.055949
v 1.404953 1.838832 0.815219
v 1.479430 1.692614 0.731593
v 1.000285 1.945796 1.075820
v 0.632171 1.920322 1.281401
v 0.000000 1.897655 1.331670
v -0.632171 1.920322 1.281401
v -1.000285 1.945796 1.075820
v -1.404953 1.838832 0.815219
v -1.479430 1.692614 0.731593
v -1.880464 1.628994 0.883360
v -2.253391 1.659738 0.604339
v -1.856784 1.847651 1.055949
v 2.242159 1.565945 0.583795
v 1.880464 1.535870 0.847365
v 2.225564 1.442108 0.575429
v 1.881338 1.412123 0.831256
v 1.518770 1.486979 0.603750
v 1.537113 1.363852 0.595032
v 1.507538 1.578320 0.624914
v -1.518770 1.486979 0.603750
v -1.537113 1.363852 0.595032
v -1.507538 1.578320 0.624914
v -2.242159 1.565945 0.583795
v -1.880464 1.535870 0.847365
v -1.881338 1.412123 0.831256
v -2.225564 1.442108 0.575429
v 2.036994 0.112436 1.268850
v 1.918796 0.113283 1.306833
v 1.978162 0.104695 1.290335
v 1.945407 0.117645 1.369137
v 1.987555 0.113589 1.370415
v 2.026456 0.117064 1.343092
v 1.895075 0.112697 1.207434
v 1.964651 0.103698 1.186364
v 2.033977 0.111701 1.162798
v 2.211437 0.107383 0.988836
v 2.159847 0.100529 1.040048
v 2.146478 0.115304 1.133938
v 2.186950 0.110800 1.113040
v 2.218091 0.113446 1.066412
v 2.184802 0.104846 0.887661
v 2.123641 0.097867 0.946354
v 2.107003 0.110093 1.087312
v 2.019268 0.091378 1.003791
v 2.063298 0.108292 1.003008
v 2.138042 0.101406 0.789781
v 2.093470 0.095456 0.872358
v 2.047443 0.078679 0.862664
v 2.122478 0.097065 0.740649
v 1.890370 0.113589 1.157022
v 2.023600 0.113008 1.113344
v 2.008932 0.097708 1.068216
v 1.951339 0.100105 1.101294
v 1.839585 0.052566 0.828343
v 1.839585 0.062073 0.958808
v 1.839585 0.095351 1.156586
v 1.839585 0.082299 1.085077
v 1.839585 0.070793 1.022038
v 1.950381 0.283388 1.077840
v 1.913830 0.249920 1.263929
v 2.032028 0.249072 1.225946
v 1.972445 0.263801 1.240880
v 2.020936 0.231794 1.296621
v 1.981415 0.235940 1.318905
v 1.939887 0.232374 1.322667
v 2.059206 0.208143 1.233855
v 2.032824 0.199715 1.324127
v 1.987044 0.197614 1.367669
v 1.935008 0.200416 1.355561
v 1.890392 0.209354 1.288103
v 1.862277 0.216641 1.195109
v 1.861891 0.219184 1.182232
v 1.891575 0.262390 1.175425
v 1.887838 0.263898 1.135384
v 1.960626 0.278599 1.149464
v 1.952667 0.279834 1.108064
v 2.030476 0.261394 1.130788
v 2.061949 0.215209 1.130944
v 2.200506 0.244946 0.955603
v 2.147245 0.260690 1.001691
v 2.178008 0.255773 0.864698
v 2.205329 0.228815 1.029207
v 2.172644 0.233789 1.071558
v 2.133718 0.230674 1.096733
v 2.207061 0.208788 0.846729
v 2.227313 0.203447 0.947577
v 2.222112 0.196753 1.048464
v 2.188060 0.195845 1.114441
v 2.135686 0.198996 1.129960
v 2.096071 0.247655 1.054079
v 2.078155 0.207318 1.088225
v 2.115829 0.274188 0.919858
v 2.050484 0.206683 1.096305
v 2.054390 0.210367 1.053492
v 2.015655 0.261587 1.067212
v 2.053832 0.258141 0.979797
v 2.001799 0.284967 1.019672
v 2.181911 0.188001 0.540850
v 2.019609 0.309679 0.552575
v 2.043792 0.302482 0.801159
v 2.081383 0.270901 0.838263
v 2.092230 0.280603 0.669932
v 2.118476 0.248194 0.755599
v 2.158093 0.204708 0.753475
v 2.177011 0.198553 0.677028
v 1.839585 0.306358 1.012421
v 1.839585 0.333335 0.796548
v 1.839585 0.347259 0.563187
v 1.839585 0.219944 1.199363
v 1.839585 0.277323 1.126649
v 1.816892 0.216641 1.195109
v 1.817278 0.219184 1.182232
v 1.791331 0.263898 1.135384
v 1.642176 0.112436 1.268850
v 1.760373 0.113283 1.306833
v 1.701008 0.104695 1.290335
v 1.733762 0.117645 1.369137
v 1.652713 0.117064 1.343092
v 1.691614 0.113589 1.370415
v 1.784094 0.112697 1.207434
v 1.714518 0.103698 1.186364
v 1.645192 0.111701 1.162798
v 1.467732 0.107383 0.988836
v 1.519323 0.100529 1.040048
v 1.532691 0.115304 1.133938
v 1.461079 0.113446 1.066412
v 1.492219 0.110800 1.113040
v 1.494367 0.104846 0.887661
v 1.555528 0.097867 0.946354
v 1.572166 0.110093 1.087312
v 1.615871 0.108292 1.003008
v 1.659901 0.091378 1.003791
v 1.585700 0.095456 0.872358
v 1.541127 0.101406 0.789781
v 1.631726 0.078679 0.862664
v 1.556691 0.097065 0.740649
v 1.788799 0.113589 1.157022
v 1.655569 0.113008 1.113344
v 1.727830 0.100105 1.101294
v 1.670237 0.097708 1.068216
v 1.728788 0.283388 1.077840
v 1.765339 0.249920 1.263929
v 1.647141 0.249072 1.225946
v 1.706725 0.263801 1.240880
v 1.658233 0.231794 1.296621
v 1.739282 0.232374 1.322667
v 1.697754 0.235940 1.318905
v 1.619963 0.208143 1.233855
v 1.646345 0.199715 1.324127
v 1.692125 0.197614 1.367669
v 1.744161 0.200416 1.355561
v 1.788777 0.209354 1.288103
v 1.787595 0.262390 1.175425
v 1.718544 0.278599 1.149464
v 1.726502 0.279834 1.108064
v 1.648693 0.261394 1.130788
v 1.617221 0.215209 1.130944
v 1.478663 0.244946 0.955603
v 1.531924 0.260690 1.001691
v 1.501161 0.255773 0.864698
v 1.473840 0.228815 1.029207
v 1.545452 0.230674 1.096733
v 1.506525 0.233789 1.071558
v 1.472108 0.208788 0.846729
v 1.451857 0.203447 0.947577
v 1.457057 0.196753 1.048464
v 1.491109 0.195845 1.114441
v 1.543484 0.198996 1.129960
v 1.583098 0.247655 1.054079
v 1.601015 0.207318 1.088225
v 1.563341 0.274188 0.919858
v 1.624779 0.210367 1.053492
v 1.628685 0.206683 1.096305
v 1.663515 0.261587 1.067212
v 1.625337 0.258141 0.979797
v 1.677370 0.284967 1.019672
v 1.659560 0.309679 0.552575
v 1.497258 0.188001 0.540850
v 1.597787 0.270901 0.838263
v 1.635377 0.302482 0.801159
v 1.521076 0.204708 0.753475
v 1.560693 0.248194 0.755599
v 1.586940 0.280603 0.669932
v 1.502158 0.198553 0.677028
v -1.642176 0.112436 1.268850
v -1.760373 0.113283 1.306833
v -1.701008 0.104695 1.290335
v -1.733762 0.117645 1.369137
v -1.691614 0.113589 1.370415
v -1.652713 0.117064 1.343092
v -1.784094 0.112697 1.207434
v -1.714518 0.103698 1.186364
v -1.645192 0.111701 1.162798
v -1.467732 0.107383 0.988836
v -1.519323 0.100529 1.040048
v -1.532691 0.115304 1.133938
v -1.492219 0.110800 1.113040
v -1.461079 0.113446 1.066412
v -1.494367 0.104846 0.887661
v -1.555528 0.097867 0.946354
v -1.572167 0.110093 1.087312
v -1.659901 0.091378 1.003791
v -1.615871 0.108292 1.003008
v -1.541127 0.101406 0.789781
v -1.585700 0.095456 0.872358
v -1.631726 0.078679 0.862664
v -1.556691 0.097065 0.740649
v -1.788799 0.113589 1.157022
v -1.655569 0.113008 1.113344
v -1.670237 0.097708 1.068216
v -1.727830 0.100105 1.101294
v -1.728788 0.283388 1.077840
v -1.765339 0.249920 1.263929
v -1.647141 0.249072 1.225946
v -1.706725 0.263801 1.240880
v -1.658234 0.231794 1.296621
v -1.697754 0.235940 1.318905
v -1.739282 0.232374 1.322667
v -1.619963 0.208143 1.233855
v -1.646345 0.199715 1.324127
v -1.692125 0.197614 1.367669
v -1.744161 0.200416 1.355561
v -1.788777 0.209354 1.288103
v -1.787595 0.262390 1.175425
v -1.718544 0.278599 1.149464
v -1.726502 0.279834 1.108064
v -1.648693 0.261394 1.130788
v -1.617221 0.215209 1.130944
v -1.478663 0.244946 0.955603
v -1.531924 0.260690 1.001691
v -1.501162 0.255773 0.864698
v -1.473840 0.228815 1.029207
v -1.506525 0.233789 1.071558
v -1.545452 0.230674 1.096733
v -1.472108 0.208788 0.846729
v -1.451857 0.203447 0.947577
v -1.457057 0.196753 1.048464
v -1.491110 0.195845 1.114441
v -1.543484 0.198996 1.129960
v -1.583098 0.247655 1.054079
v -1.601015 0.207318 1.088225
v -1.563341 0.274188 0.919858
v -1.628685 0.206683 1.096305
v -1.624779 0.210367 1.053492
v -1.663515 0.261587 1.067212
v -1.625337 0.258141 0.979797
v -1.677370 0.284967 1.019672
v -1.497259 0.188001 0.540850
v -1.659560 0.309679 0.552575
v -1.635377 0.302482 0.801159
v -1.597787 0.270901 0.838263
v -1.586940 0.280603 0.669932
v -1.560693 0.248194 0.755599
v -1.521077 0.204708 0.753475
v -1.502158 0.198553 0.677028
v -2.036994 0.112436 1.268850
v -1.918796 0.113283 1.306833
v -1.978162 0.104695 1.290335
v -1.945407 0.117645 1.369137
v -2.026456 0.117064 1.343092
v -1.987555 0.113589 1.370415
v -1.895075 0.112697 1.207434
v -1.964651 0.103698 1.186364
v -2.033977 0.111701 1.162798
v -2.211437 0.107383 0.988836
v -2.159847 0.100529 1.040048
v -2.146478 0.115304 1.133938
v -2.218091 0.113446 1.066412
v -2.186950 0.110800 1.113040
v -2.184802 0.104846 0.887661
v -2.123641 0.097867 0.946354
v -2.107003 0.110093 1.087312
v -2.063298 0.108292 1.003008
v -2.019269 0.091378 1.003791
v -2.093470 0.095456 0.872358
v -2.138042 0.101406 0.789781
v -2.047443 0.078679 0.862664
v -2.122478 0.097065 0.740649
v -1.890370 0.113589 1.157022
v -2.023600 0.113008 1.113344
v -1.951339 0.100105 1.101294
v -2.008932 0.097708 1.068216
v -1.839585 0.052566 0.828343
v -1.839585 0.062073 0.958808
v -1.839585 0.095351 1.156586
v -1.839585 0.082299 1.085077
v -1.839585 0.070793 1.022038
v -1.950381 0.283388 1.077840
v -1.913830 0.249920 1.263929
v -2.032028 0.249072 1.225946
v -1.972445 0.263801 1.240880
v -2.020936 0.231794 1.296621
v -1.939887 0.232374 1.322667
v -1.981416 0.235940 1.318905
v -2.059206 0.208143 1.233855
v -2.032824 0.199715 1.324127
v -1.987044 0.197614 1.367669
v -1.935008 0.200416 1.355561
v -1.890392 0.209354 1.288103
v -1.862277 0.216641 1.195109
v -1.861891 0.219184 1.182232
v -1.891575 0.262390 1.175425
v -1.887838 0.263898 1.135384
v -1.960626 0.278599 1.149464
v -1.952667 0.279834 1.108064
v -2.030476 0.261394 1.130788
v -2.061949 0.215209 1.130944
v -2.200506 0.244946 0.955603
v -2.147245 0.260690 1.001691
v -2.178008 0.255773 0.864698
v -2.205329 0.228815 1.029207
v -2.133718 0.230674 1.096733
v -2.172644 0.233789 1.071558
v -2.207062 0.208788 0.846729
v -2.227313 0.203447 0.947577
v -2.222112 0.196753 1.048464
v -2.188060 0.195845 1.114441
v -2.135686 0.198996 1.129960
v -2.096072 0.247655 1.054079
v -2.078155 0.207318 1.088225
v -2.115829 0.274188 0.919858
v -2.054390 0.210367 1.053492
v -2.050484 0.206683 1.096305
v -2.015655 0.261587 1.067212
v -2.053832 0.258141 0.979797
v -2.001799 0.284967 1.019672
v -2.019609 0.309679 0.552575
v -2.181911 0.188001 0.540850
v -2.081383 0.270901 0.838263
v -2.043792 0.302482 0.801159
v -2.158093 0.204708 0.753475
v -2.118476 0.248194 0.755599
v -2.092230 0.280603 0.669932
v -2.177011 0.198553 0.677028
v -1.839585 0.306358 1.012421
v -1.839585 0.347259 0.563187
v -1.839585 0.333335 0.796548
v -1.839585 0.277323 1.126649
v -1.839585 0.219944 1.199363
v -1.816892 0.216641 1.195109
v -1.817278 0.219184 1.182232
v -1.791331 0.263898 1.135384
v 1.159436 6.192246 1.327902
v 0.864145 6.156349 1.357479
v 0.865860 6.171180 1.411641
v 0.917285 6.132420 1.427307
v 0.851279 5.919217 1.928313
v 0.601725 5.993944 1.676988
v 0.597689 5.966670 1.965562
v 0.861646 5.939149 1.654092
v 0.871411 5.947346 1.438374
v 0.593612 5.910406 2.252589
v 0.308017 5.931293 2.280609
v 0.306680 6.006719 1.988696
v 0.311247 6.038728 1.691362
v 0.317526 6.056180 1.326439
v -0.593612 5.910406 2.252589
v -0.306680 6.006719 1.988696
v -0.308016 5.931293 2.280609
v -0.311247 6.038728 1.691362
v -0.317526 6.056180 1.326439
v 0.000000 6.021605 1.995673
v 0.000000 6.054037 1.696246
v 0.000000 6.072830 1.325347
v -1.159436 6.192246 1.327902
v -0.864145 6.156349 1.357479
v -0.865859 6.171180 1.411641
v -0.917285 6.132420 1.427307
v -0.851279 5.919217 1.928313
v -0.601724 5.993944 1.676988
v -0.597689 5.966670 1.965562
v -0.861646 5.939149 1.654092
v -0.871411 5.947346 1.438374
v 1.238727 5.748900 1.890795
v 1.285936 5.737370 1.638700
v 1.327456 5.723577 1.368079
v 1.254212 5.542164 2.159554
v 1.239567 5.650379 2.084858
v 1.343827 5.630934 1.906290
v 1.407937 5.505289 1.972727
v 1.429779 5.620729 1.659520
v 1.485064 5.608173 1.391973
v 0.829355 5.877929 2.190328
v 1.047217 5.852593 1.896494
v 1.081355 5.857620 1.636027
v 1.134745 5.567873 2.276573
v 1.031715 5.824457 2.114324
v 1.165116 5.753625 2.065256
v 1.057772 5.777699 2.217193
v 1.147946 5.668993 2.208141
v 1.102719 5.860523 1.345330
v -0.829355 5.877929 2.190328
v -1.047217 5.852593 1.896494
v -1.081355 5.857620 1.636027
v -1.134745 5.567873 2.276573
v -1.031714 5.824457 2.114324
v -1.057772 5.777699 2.217193
v -1.165116 5.753625 2.065256
v -1.147946 5.668993 2.208141
v -1.102719 5.860523 1.345330
v -1.238727 5.748900 1.890795
v -1.285936 5.737370 1.638700
v -1.327456 5.723577 1.368079
v -1.254212 5.542164 2.159554
v -1.239567 5.650379 2.084858
v -1.343827 5.630934 1.906290
v -1.407937 5.505289 1.972727
v -1.429779 5.620729 1.659520
v -1.485064 5.608173 1.391973
v 1.693898 5.238592 1.458834
v 1.624366 5.252834 1.719494
v 1.281037 5.160531 2.315839
v 1.474125 5.122710 2.043451
v 1.314632 5.292480 2.237865
v 1.505521 5.268768 1.993100
v 1.206458 5.425273 2.296511
v 1.339330 5.407753 2.134974
v 1.477972 5.395229 1.953847
v 1.601459 5.388844 1.696904
v 1.673431 5.378419 1.434148
v -1.693898 5.238592 1.458834
v -1.624366 5.252834 1.719494
v -1.474125 5.122710 2.043451
v -1.281037 5.160531 2.315839
v -1.505521 5.268768 1.993100
v -1.314632 5.292480 2.237865
v -1.206458 5.425273 2.296511
v -1.339330 5.407753 2.134974
v -1.477972 5.395229 1.953847
v -1.601459 5.388844 1.696904
v -1.673431 5.378419 1.434148
v 1.286651 4.756669 1.580185
v 1.520014 4.906383 1.529747
v 1.646409 5.074831 1.489847
v 1.292290 4.781292 1.861006
v 1.498990 4.935079 1.798817
v 1.603344 5.098227 1.751364
v 1.365105 4.966349 2.107016
v 1.127830 4.818516 2.177096
v -1.127830 4.818516 2.177096
v -1.286651 4.756669 1.580185
v -1.520014 4.906383 1.529747
v -1.646409 5.074831 1.489847
v -1.292290 4.781292 1.861006
v -1.498990 4.935079 1.798817
v -1.603344 5.098227 1.751364
v -1.365105 4.966349 2.107016
v 0.598910 4.587642 1.669893
v 0.956339 4.653092 1.629637
v 0.946328 4.674782 1.916571
v 0.860045 4.714107 2.214623
v 0.600148 4.534781 1.458136
v 0.593071 4.610193 1.952922
v 0.566939 4.650435 2.224004
v 0.302685 4.558572 1.690751
v 0.305639 4.581139 1.969039
v 0.302263 4.618402 2.226078
v 0.299117 4.500168 1.483894
v -0.593071 4.610193 1.952922
v -0.566938 4.650435 2.224004
v -0.302685 4.558572 1.690751
v -0.305639 4.581139 1.969039
v -0.302263 4.618402 2.226078
v -0.299117 4.500168 1.483894
v 0.000000 4.549630 1.697227
v 0.000000 4.571415 1.974074
v 0.000000 4.606627 2.226143
v 0.000000 4.496398 1.520556
v 0.000000 4.373000 1.387527
v -0.598910 4.587642 1.669893
v -0.956339 4.653092 1.629637
v -0.946328 4.674782 1.916571
v -0.860045 4.714107 2.214623
v -0.600148 4.534781 1.458136
v 0.647030 4.136317 1.398885
v 0.000000 4.127456 1.503667
v -0.647030 4.136317 1.398885
v 0.677142 3.884076 1.544476
v 0.000000 3.887233 1.645609
v -0.677142 3.884076 1.544476
v 1.365099 3.444510 1.456619
v 0.732217 3.455723 1.747406
v 0.000000 3.466129 1.853964
v -0.732217 3.455723 1.747406
v -1.365099 3.444510 1.456619
v 1.381044 3.062027 1.578452
v 0.723356 3.068026 1.859401
v 0.000000 3.069438 1.961156
v -0.723356 3.068026 1.859401
v -1.381044 3.062027 1.578452
v 1.355996 2.706407 1.562800
v 0.736159 2.702838 1.828850
v 0.000000 2.705171 1.919359
v -0.736159 2.702838 1.828850
v -1.355996 2.706407 1.562800
v 1.333381 2.379176 1.443883
v 0.710775 2.311636 1.671590
v 0.000000 2.302420 1.747907
v -0.710774 2.311636 1.671590
v -1.333381 2.379176 1.443883
v 0.000000 5.944859 2.299033
v 0.873537 5.692872 2.334972
v 0.886337 5.543701 2.417436
v 0.763925 5.722790 2.381373
v 0.953575 5.651017 2.326379
v 0.939264 5.593294 2.369316
v 0.643274 5.730187 2.433728
v 0.818227 5.828230 2.324587
v 0.599404 5.849206 2.401734
v 0.989533 5.671226 2.352960
v 1.035185 5.682935 2.307131
v 0.897852 5.724275 2.359962
v 0.949969 5.746488 2.316927
v 0.634091 5.770151 2.457501
v 0.772293 5.761566 2.405315
v 0.791100 5.784478 2.382322
v 0.623953 5.793003 2.443903
v 0.973140 5.597216 2.398212
v 0.912513 5.533455 2.448345
v 1.030308 5.592684 2.366394
v 0.515448 5.539796 2.540322
v 0.437704 5.581750 2.556998
v 0.454491 5.641797 2.536480
v 0.533029 5.705867 2.483992
v 0.398616 5.579633 2.586752
v 0.487669 5.526585 2.571654
v 0.417844 5.656246 2.563880
v 0.507808 5.738469 2.508811
v 0.450367 5.764344 2.504196
v 0.354389 5.669858 2.573506
v 0.286301 5.521421 2.699798
v 0.321437 5.567092 2.620400
v 0.327661 5.825493 2.471568
v 0.235423 5.730318 2.569345
v 0.167815 5.567557 2.729901
v 0.192676 5.625013 2.646171
v -0.437704 5.581750 2.556998
v -0.515447 5.539796 2.540322
v -0.533029 5.705867 2.483992
v -0.454491 5.641797 2.536480
v -0.398616 5.579633 2.586752
v -0.487669 5.526585 2.571654
v -0.450367 5.764344 2.504196
v -0.507808 5.738469 2.508811
v -0.417844 5.656246 2.563880
v -0.354390 5.669858 2.573506
v -0.321437 5.567092 2.620400
v -0.286301 5.521421 2.699798
v -0.327661 5.825493 2.471568
v -0.235423 5.730318 2.569345
v -0.192676 5.625013 2.646171
v -0.167815 5.567557 2.729901
v 0.000000 5.850878 2.471274
v 0.000000 5.540107 2.832629
v 0.000000 5.759051 2.571479
v 0.000000 5.655254 2.655215
v 0.000000 5.591811 2.740974
v -0.873537 5.692872 2.334972
v -0.886337 5.543701 2.417436
v -0.763925 5.722790 2.381373
v -0.939264 5.593294 2.369316
v -0.953575 5.651017 2.326379
v -0.643274 5.730187 2.433728
v -0.818227 5.828230 2.324587
v -0.599404 5.849206 2.401734
v -0.989533 5.671226 2.352960
v -1.035185 5.682935 2.307131
v -0.949969 5.746488 2.316927
v -0.897852 5.724275 2.359962
v -0.791100 5.784478 2.382322
v -0.772293 5.761566 2.405315
v -0.634091 5.770151 2.457501
v -0.623953 5.793003 2.443903
v -0.912513 5.533455 2.448345
v -0.973140 5.597216 2.398212
v -1.030308 5.592684 2.366394
v 0.769727 5.503373 2.468174
v 0.626910 5.511374 2.509758
v 0.999346 5.353525 2.507188
v 1.151752 5.315116 2.399599
v 0.840017 5.232091 2.737346
v 0.832612 5.235206 2.625928
v 0.755503 5.326432 2.765914
v 0.817918 5.132549 2.652215
v 0.748031 5.328232 2.891338
v 0.825343 5.233591 2.872908
v 0.736434 5.340730 2.653935
v 0.834134 5.398761 2.571602
v 1.114992 5.198184 2.464438
v 0.937741 5.240436 2.530956
v 0.766442 5.153318 3.021888
v 0.781850 5.229269 3.003013
v 0.733545 5.301003 3.007111
v 0.701616 5.248164 3.088752
v 0.663474 5.167256 3.129320
v 0.615346 5.490947 2.542115
v 0.599046 5.458568 2.553453
v 0.778940 5.481427 2.500747
v 0.793831 5.449904 2.510476
v 0.949432 5.504705 2.438686
v 1.026771 5.440884 2.416660
v 0.190632 5.367136 3.181292
v 0.200706 5.409253 3.187360
v 0.209687 5.414559 3.136667
v 0.497504 5.374690 3.001149
v 0.497957 5.378489 2.874436
v 0.235026 5.363523 3.123421
v 0.230551 5.440082 2.960603
v 0.311220 5.393215 2.920320
v 0.254777 5.488822 2.793641
v 0.369244 5.432330 2.753665
v 0.537472 5.398441 2.725038
v 0.581067 5.434291 2.619053
v 0.412896 5.472038 2.641991
v 0.330713 5.334714 3.202569
v 0.517302 5.337025 3.110762
v 0.518560 5.270684 3.188669
v 0.508587 5.174086 3.216449
v 0.208663 5.159337 3.260257
v 0.175221 5.218299 3.287246
v 0.363535 5.196650 3.276891
v 0.355785 5.278314 3.253189
v 0.204527 5.271620 3.283034
v 0.437096 5.497088 2.592958
v 0.065078 5.220856 3.206681
v 0.086154 5.315564 3.188930
v 0.107171 5.413636 3.261682
v 0.129119 5.440150 3.217865
v 0.071950 5.334888 3.237345
v 0.081535 5.368020 3.261940
v 0.131217 5.453016 3.168054
v 0.047276 5.298660 3.201599
v 0.134997 5.475531 2.987504
v 0.142829 5.524734 2.820244
v 0.035468 5.208550 3.183315
v -0.200706 5.409253 3.187360
v -0.190632 5.367136 3.181292
v -0.209687 5.414559 3.136667
v -0.497957 5.378489 2.874436
v -0.497504 5.374690 3.001149
v -0.235026 5.363523 3.123421
v -0.311220 5.393215 2.920320
v -0.230551 5.440082 2.960603
v -0.254777 5.488822 2.793641
v -0.369244 5.432330 2.753665
v -0.537472 5.398441 2.725038
v -0.581067 5.434291 2.619053
v -0.412896 5.472038 2.641991
v -0.330713 5.334714 3.202569
v -0.517302 5.337025 3.110762
v -0.508587 5.174086 3.216449
v -0.518560 5.270684 3.188669
v -0.208663 5.159337 3.260257
v -0.355785 5.278314 3.253189
v -0.363535 5.196650 3.276891
v -0.175221 5.218299 3.287246
v -0.204527 5.271620 3.283034
v -0.437096 5.497088 2.592958
v -0.086154 5.315564 3.188930
v -0.065078 5.220856 3.206681
v -0.129119 5.440150 3.217865
v -0.107171 5.413636 3.261682
v -0.071950 5.334888 3.237345
v -0.081535 5.368020 3.261940
v -0.131217 5.453016 3.168054
v -0.047276 5.298660 3.201599
v -0.134997 5.475531 2.987504
v -0.142829 5.524734 2.820244
v -0.035468 5.208550 3.183315
v 0.000000 5.451023 3.235876
v 0.000000 5.417623 3.283444
v 0.000000 5.367226 3.280334
v 0.000000 5.328203 3.245631
v 0.000000 5.465239 3.177443
v 0.000000 5.294251 3.195968
v 0.000000 5.489074 2.999908
v -0.626910 5.511374 2.509758
v -0.769727 5.503373 2.468174
v -0.999346 5.353525 2.507188
v -1.151752 5.315116 2.399599
v -0.832612 5.235206 2.625928
v -0.840017 5.232091 2.737346
v -0.755503 5.326432 2.765914
v -0.817918 5.132549 2.652215
v -0.748031 5.328232 2.891338
v -0.825342 5.233591 2.872908
v -0.736434 5.340730 2.653935
v -0.834134 5.398761 2.571602
v -1.114992 5.198184 2.464438
v -0.937741 5.240436 2.530956
v -0.781850 5.229269 3.003013
v -0.766442 5.153318 3.021888
v -0.733545 5.301003 3.007111
v -0.701615 5.248164 3.088752
v -0.663474 5.167256 3.129320
v -0.615346 5.490947 2.542115
v -0.599046 5.458568 2.553453
v -0.793831 5.449904 2.510476
v -0.778940 5.481427 2.500747
v -0.949432 5.504705 2.438686
v -1.026771 5.440884 2.416660
v 0.835157 5.129671 2.740145
v 0.739311 5.044896 2.705005
v 0.823477 5.138577 2.878812
v 0.753121 5.075609 2.898553
v 0.641970 5.045518 2.942111
v 0.661533 4.946938 2.685462
v 0.783853 5.011748 2.639762
v 0.895894 5.116201 2.590181
v 0.701039 4.873481 2.618734
v 0.761535 4.787887 2.458676
v 0.722423 5.093037 3.022888
v 0.642942 5.084199 3.068169
v 0.753987 5.059622 2.788249
v 0.630418 4.988699 2.745342
v 0.634436 5.018027 2.820790
v 0.632020 5.031048 2.887424
v 0.856188 4.959256 2.577393
v 0.940084 4.885905 2.433869
v 1.169005 5.021444 2.381218
v 1.023689 5.076190 2.519824
v 0.112892 5.132072 3.169000
v 0.474427 4.876324 2.726841
v 0.345001 4.836905 2.749473
v 0.492767 4.803935 2.636542
v 0.491654 5.079844 3.139708
v 0.359057 5.104253 3.204511
v 0.459726 5.038391 3.025396
v 0.265793 5.050997 3.086073
v 0.457507 4.931903 2.782373
v 0.448767 4.977370 2.870743
v 0.435002 5.001833 2.920582
v 0.335699 4.988321 2.978260
v 0.358449 4.891366 2.831768
v 0.344527 4.944970 2.928694
v 0.433018 5.015636 2.959519
v 0.442472 5.023692 2.982839
v 0.252763 5.025981 3.023473
v 0.240462 5.012355 3.014076
v 0.149563 4.996542 3.016397
v 0.199001 4.959513 3.019640
v 0.226959 4.810998 2.775160
v 0.297012 4.764260 2.653653
v 0.215043 4.897330 2.983553
v 0.207311 4.847485 2.879136
v -0.112892 5.132072 3.169000
v -0.474427 4.876324 2.726841
v -0.345001 4.836905 2.749473
v -0.492767 4.803935 2.636542
v -0.491654 5.079844 3.139708
v -0.359056 5.104253 3.204511
v -0.459726 5.038391 3.025396
v -0.265793 5.050997 3.086073
v -0.448767 4.977370 2.870743
v -0.457507 4.931903 2.782373
v -0.435002 5.001833 2.920582
v -0.335699 4.988321 2.978260
v -0.344527 4.944970 2.928694
v -0.358449 4.891366 2.831768
v -0.252763 5.025981 3.023473
v -0.442472 5.023692 2.982839
v -0.433018 5.015636 2.959519
v -0.240462 5.012355 3.014076
v -0.149563 4.996542 3.016397
v -0.199001 4.959513 3.019640
v -0.226959 4.810998 2.775160
v -0.297012 4.764260 2.653653
v -0.215043 4.897330 2.983553
v -0.207311 4.847485 2.879136
v 0.000000 4.989393 3.030967
v 0.000000 4.950149 3.042278
v 0.000000 4.789680 2.776439
v 0.000000 4.889852 3.013896
v 0.000000 4.836574 2.898566
v -0.835157 5.129671 2.740145
v -0.739311 5.044896 2.705005
v -0.823477 5.138577 2.878812
v -0.753120 5.075609 2.898553
v -0.641970 5.045518 2.942111
v -0.661533 4.946938 2.685462
v -0.783853 5.011748 2.639762
v -0.895894 5.116201 2.590181
v -0.701039 4.873481 2.618734
v -0.761535 4.787887 2.458676
v -0.722423 5.093037 3.022888
v -0.642942 5.084199 3.068169
v -0.753987 5.059622 2.788249
v -0.630418 4.988699 2.745342
v -0.632020 5.031048 2.887424
v -0.634436 5.018027 2.820790
v -1.169005 5.021444 2.381218
v -0.940084 4.885905 2.433869
v -0.856187 4.959256 2.577393
v -1.023689 5.076190 2.519824
v 0.529240 4.722433 2.468295
v 0.293389 4.686432 2.474659
v -0.529240 4.722433 2.468295
v -0.293389 4.686432 2.474659
v 0.000000 4.670695 2.471840
v 0.000000 4.735174 2.632264
v 1.075684 4.853779 -1.347996
v 0.566385 4.901214 -1.511821
v -1.075684 4.853779 -1.347996
v -0.566385 4.901214 -1.511821
v 1.470395 4.789978 -1.109451
v -1.470395 4.789978 -1.109451
v 1.552858 4.301804 -1.425565
v 1.127448 4.359764 -1.686904
v 0.609618 4.396451 -1.874790
v -1.127448 4.359764 -1.686904
v -0.609618 4.396451 -1.874790
v -1.552858 4.301804 -1.425565
v 1.604611 3.794794 -1.541182
v 1.176737 3.829820 -1.886403
v 0.658954 3.863622 -2.105230
v -1.176738 3.829820 -1.886403
v -0.658954 3.863622 -2.105230
v -1.604612 3.794794 -1.541182
v 1.229315 3.326531 -2.013027
v 0.690358 3.324043 -2.270623
v -0.690358 3.324043 -2.270623
v -1.229315 3.326531 -2.013027
v 2.032345 3.342399 -1.095848
v 1.664432 3.334329 -1.623542
v -2.032345 3.342399 -1.095848
v -1.664432 3.334329 -1.623542
v 1.261247 2.944486 -2.043746
v 1.709282 2.954796 -1.660875
v 2.061445 2.984049 -1.112039
v 2.094641 2.724144 -1.074999
v 0.671126 2.938802 -2.308291
v -0.671126 2.938802 -2.308291
v -1.261247 2.944486 -2.043746
v -1.709282 2.954796 -1.660875
v -2.061445 2.984049 -1.112039
v -2.094641 2.724144 -1.074999
v 1.244957 2.558634 -2.007149
v 1.668725 2.590536 -1.633127
v 0.656207 2.554567 -2.269860
v -0.656207 2.554567 -2.269860
v -1.244957 2.558634 -2.007149
v -1.668725 2.590536 -1.633127
v 1.810336 1.985684 -1.206898
v 1.445684 2.171011 -1.543266
v 0.824701 2.198894 -2.119068
v 0.852169 1.895783 -1.716095
v 1.108064 2.160764 -1.897868
v -0.824701 2.198894 -2.119068
v -1.108063 2.160764 -1.897868
v -0.852169 1.895783 -1.716095
v -1.810336 1.985684 -1.206898
v -1.445684 2.171011 -1.543266
v 1.874390 1.767519 -1.096476
v 0.478733 1.848263 -1.803673
v 0.480057 1.666413 -1.211173
v 0.928015 1.725534 -1.165798
v -0.478733 1.848263 -1.803673
v -0.480057 1.666413 -1.211173
v -0.928015 1.725534 -1.165798
v -1.874390 1.767519 -1.096476
v 1.019267 5.711985 0.048883
v 0.926949 5.572923 -0.403448
v 0.842440 5.757681 0.023838
v 0.493759 5.618569 -0.516239
v 0.457999 5.810513 -0.018204
v -1.019267 5.711985 0.048883
v -0.926949 5.572923 -0.403448
v -0.842440 5.757681 0.023838
v -0.493759 5.618569 -0.516239
v -0.457999 5.810513 -0.018204
v 0.000000 5.634400 -0.561909
v 0.000000 5.831064 -0.064216
v 1.254324 5.510876 -0.209711
v -1.254324 5.510876 -0.209711
v 2.252389 4.475214 -0.356884
v 1.833619 4.699382 -0.751162
v 2.019619 4.605726 -0.509197
v -2.252389 4.475214 -0.356884
v -1.833619 4.699382 -0.751162
v -2.019619 4.605726 -0.509197
v 3.077210 4.149407 -0.266739
v 2.246279 4.106931 -0.551699
v 2.023443 4.176006 -0.765407
v 1.886593 4.206120 -0.983424
v -2.246279 4.106931 -0.551699
v -1.886593 4.206120 -0.983424
v -2.023443 4.176006 -0.765407
v -3.077210 4.149407 -0.266739
v 3.248766 3.838607 -0.451949
v 3.096482 3.896070 -0.462903
v 3.471712 3.992956 -0.248711
v 3.276485 4.071087 -0.256137
v 2.914741 3.955501 -0.479800
v 2.761479 3.782002 -0.374782
v 2.293097 3.827474 -0.400895
v 2.147761 3.770976 -0.503357
v 1.973811 3.762030 -1.030957
v -2.293097 3.827474 -0.400895
v -2.147761 3.770976 -0.503357
v -1.973811 3.762030 -1.030957
v -3.248766 3.838607 -0.451949
v -3.096483 3.896070 -0.462903
v -3.471712 3.992956 -0.248711
v -3.276485 4.071087 -0.256137
v -2.914741 3.955501 -0.479800
v -2.761479 3.782002 -0.374782
v 4.120419 3.422686 -0.286757
v 4.350142 3.450416 -0.144434
v 4.256580 3.508235 -0.151263
v 2.897055 3.740625 -0.361647
v 3.030367 3.697022 -0.353072
v -3.030367 3.697022 -0.353072
v -2.897055 3.740625 -0.361647
v -4.120419 3.422686 -0.286757
v -4.350142 3.450416 -0.144434
v -4.256580 3.508235 -0.151263
v 4.626019 3.048177 -0.137263
v 4.645507 3.041733 -0.032793
v 4.628966 3.039643 -0.085092
v 4.680396 3.026581 -0.055778
v 4.667032 3.030998 -0.127413
v 4.596110 3.068989 -0.012749
v 4.576918 3.067613 -0.074078
v 4.573206 3.076561 -0.135518
v 4.483519 3.116169 -0.293333
v 4.501938 3.099883 -0.247299
v 4.562572 3.083219 -0.234970
v 4.547882 3.085172 -0.270733
v 4.527580 3.098412 -0.298629
v 4.431331 3.142882 -0.270700
v 4.453303 3.124772 -0.216166
v 4.534551 3.094012 -0.200497
v 4.475138 3.108509 -0.123575
v 4.491374 3.117059 -0.162689
v 4.379877 3.168764 -0.230289
v 4.414589 3.144299 -0.190182
v 4.393342 3.138719 -0.149402
v 4.351477 3.180048 -0.216924
v 4.572224 3.083278 -0.009060
v 4.550201 3.090988 -0.126830
v 4.513001 3.094948 -0.114020
v 4.531603 3.088988 -0.063024
v 4.700180 3.199292 -0.065739
v 4.758696 3.130969 -0.031293
v 4.739206 3.137411 -0.135762
v 4.761014 3.143414 -0.083398
v 4.756941 3.108793 -0.125055
v 4.771961 3.106234 -0.090111
v 4.770306 3.104375 -0.053419
v 4.702873 3.111289 -0.158893
v 4.738931 3.082818 -0.134703
v 4.758252 3.071139 -0.093944
v 4.755059 3.077486 -0.048248
v 4.730708 3.102087 -0.009686
v 4.692192 3.132198 0.014142
v 4.688367 3.137138 0.014323
v 4.727478 3.162636 -0.012683
v 4.709294 3.174439 -0.009768
v 4.730655 3.176893 -0.074053
v 4.711533 3.189029 -0.067424
v 4.704577 3.170208 -0.135452
v 4.659270 3.143082 -0.162338
v 4.602367 3.203480 -0.286509
v 4.640475 3.201442 -0.239462
v 4.568357 3.234873 -0.267676
v 4.622669 3.174267 -0.289820
v 4.648359 3.166549 -0.260740
v 4.657663 3.159073 -0.226161
v 4.513361 3.212270 -0.292574
v 4.557648 3.181360 -0.309440
v 4.600624 3.150395 -0.303854
v 4.632136 3.132984 -0.273255
v 4.642856 3.132059 -0.227026
v 4.653398 3.181323 -0.193672
v 4.630533 3.149714 -0.176848
v 4.613544 3.232148 -0.212740
v 4.633878 3.147953 -0.152383
v 4.616470 3.161523 -0.156266
v 4.673537 3.187953 -0.122951
v 4.627216 3.208582 -0.157293
v 4.673162 3.214476 -0.111585
v 4.342698 3.284019 -0.272705
v 4.468019 3.354455 -0.131812
v 4.583045 3.282379 -0.150818
v 4.570237 3.253356 -0.183040
v 4.497092 3.304127 -0.194246
v 4.507324 3.261808 -0.216033
v 4.463549 3.236599 -0.250165
v 4.419952 3.253271 -0.267391
v 4.221759 3.369637 -0.275838
v 2.214407 3.345165 -0.514666
v -2.214407 3.345165 -0.514666
v -4.626019 3.048177 -0.137263
v -4.645507 3.041733 -0.032793
v -4.628966 3.039643 -0.085092
v -4.680396 3.026581 -0.055778
v -4.667032 3.030998 -0.127413
v -4.596110 3.068989 -0.012749
v -4.576918 3.067613 -0.074078
v -4.573206 3.076561 -0.135518
v -4.483519 3.116169 -0.293333
v -4.501939 3.099883 -0.247299
v -4.562572 3.083219 -0.234970
v -4.527580 3.098412 -0.298629
v -4.547882 3.085172 -0.270733
v -4.431331 3.142882 -0.270700
v -4.453303 3.124772 -0.216166
v -4.534551 3.094012 -0.200497
v -4.491374 3.117059 -0.162689
v -4.475138 3.108509 -0.123575
v -4.414589 3.144299 -0.190182
v -4.379877 3.168764 -0.230289
v -4.393342 3.138719 -0.149402
v -4.351477 3.180048 -0.216924
v -4.572225 3.083278 -0.009060
v -4.550202 3.090988 -0.126830
v -4.531604 3.088988 -0.063024
v -4.513001 3.094948 -0.114020
v -4.700180 3.199292 -0.065739
v -4.758696 3.130969 -0.031293
v -4.739206 3.137411 -0.135762
v -4.761014 3.143414 -0.083398
v -4.756941 3.108793 -0.125055
v -4.770306 3.104375 -0.053419
v -4.771961 3.106234 -0.090111
v -4.702873 3.111289 -0.158893
v -4.738931 3.082818 -0.134703
v -4.758252 3.071139 -0.093944
v -4.755059 3.077486 -0.048248
v -4.730708 3.102087 -0.009686
v -4.692192 3.132198 0.014142
v -4.688367 3.137138 0.014323
v -4.727478 3.162636 -0.012683
v -4.709295 3.174439 -0.009768
v -4.730655 3.176893 -0.074053
v -4.711534 3.189029 -0.067424
v -4.704577 3.170208 -0.135452
v -4.659270 3.143082 -0.162338
v -4.602367 3.203480 -0.286509
v -4.640475 3.201442 -0.239462
v -4.568357 3.234873 -0.267676
v -4.622669 3.174267 -0.289820
v -4.657663 3.159073 -0.226161
v -4.648359 3.166549 -0.260740
v -4.513362 3.212270 -0.292574
v -4.557648 3.181360 -0.309440
v -4.600624 3.150395 -0.303854
v -4.632136 3.132984 -0.273255
v -4.642856 3.132059 -0.227026
v -4.653399 3.181323 -0.193672
v -4.630533 3.149714 -0.176848
v -4.613545 3.232148 -0.212740
v -4.616470 3.161523 -0.156266
v -4.633878 3.147953 -0.152383
v -4.673537 3.187953 -0.122951
v -4.627217 3.208582 -0.157293
v -4.673162 3.214476 -0.111585
v -4.468020 3.354455 -0.131812
v -4.342698 3.284019 -0.272705
v -4.570238 3.253356 -0.183040
v -4.583046 3.282379 -0.150818
v -4.463549 3.236599 -0.250165
v -4.507324 3.261808 -0.216033
v -4.497092 3.304127 -0.194246
v -4.419952 3.253271 -0.267391
v -4.221759 3.369637 -0.275838
v 4.677037 3.022736 -0.092832
v 2.284612 3.003870 -0.518679
v -2.284612 3.003870 -0.518679
v -4.677037 3.022736 -0.092832
v 2.276045 2.304703 -0.871867
v -2.276045 2.304703 -0.871867
v 2.340224 1.966938 -0.787928
v -2.340224 1.966938 -0.787928
v 2.278737 1.614774 -0.695614
v 1.880464 1.558295 -0.972321
v 1.298383 1.682562 -0.861987
v 1.394143 1.596654 -0.765589
v -2.278737 1.614774 -0.695614
v -1.880464 1.558295 -0.972321
v -1.298384 1.682562 -0.861987
v -1.394143 1.596654 -0.765589
v 1.498606 1.433402 -0.641744
v 2.262323 1.522368 -0.669799
v 1.880464 1.468225 -0.931469
v 2.242069 1.399094 -0.655860
v 1.881338 1.345841 -0.910793
v 1.520608 1.311430 -0.628327
v 1.482192 1.522224 -0.666654
v -1.498606 1.433402 -0.641744
v -2.262323 1.522368 -0.669799
v -1.880464 1.468225 -0.931469
v -2.242069 1.399094 -0.655860
v -1.881338 1.345841 -0.910793
v -1.520608 1.311430 -0.628327
v -1.482192 1.522224 -0.666654
v 2.144165 0.845447 -0.478850
v 1.844286 0.841365 -0.643763
v 1.544406 0.845267 -0.475532
v -2.144165 0.845447 -0.478850
v -1.844286 0.841365 -0.643763
v -1.544406 0.845267 -0.475532
v 2.123981 0.738175 -0.448324
v 2.114745 0.631693 -0.445218
v 1.839585 0.732571 -0.605569
v 1.839584 0.626156 -0.581447
v 1.555189 0.738175 -0.448324
v 1.564423 0.631693 -0.445218
v -2.123981 0.738175 -0.448324
v -2.114745 0.631693 -0.445218
v -1.839585 0.732571 -0.605569
v -1.839584 0.626156 -0.581447
v -1.555189 0.738175 -0.448324
v -1.564423 0.631693 -0.445218
v 0.303399 2.214210 -6.825955
v 0.203044 2.149284 -7.168517
v 0.319653 2.243520 -6.188096
v 0.335906 2.272829 -5.550236
v 0.352160 2.302139 -4.912376
v 0.368413 2.331449 -4.274517
v 0.384667 2.360758 -3.636658
v 0.400920 2.390068 -2.998799
v 0.412608 2.408845 -2.611346
v 0.000000 2.380361 -4.914901
v 0.000000 2.347441 -5.552644
v 0.000000 2.314521 -6.190387
v 0.000000 2.194385 -7.169972
v 0.000000 2.281601 -6.828129
v 0.000000 2.497967 -2.663253
v 0.000000 2.479120 -3.001672
v 0.000000 2.446200 -3.639415
v 0.000000 2.413280 -4.277157
v -0.303399 2.214210 -6.825955
v -0.203044 2.149284 -7.168517
v -0.319653 2.243520 -6.188096
v -0.335906 2.272829 -5.550236
v -0.352160 2.302139 -4.912376
v -0.368413 2.331449 -4.274517
v -0.384667 2.360758 -3.636658
v -0.400920 2.390068 -2.998799
v -0.412608 2.408845 -2.611346
v 0.303399 1.888818 -6.815454
v 0.203044 1.931522 -7.161489
v 0.319653 1.900696 -6.177032
v 0.335906 1.912574 -5.538610
v 0.352160 1.924452 -4.900188
v 0.368413 1.936329 -4.261765
v 0.384667 1.948207 -3.623344
v 0.400920 1.960085 -2.984922
v 0.417053 1.969576 -2.422491
v -0.303399 1.888818 -6.815454
v -0.203044 1.931522 -7.161489
v -0.319653 1.900696 -6.177032
v -0.335906 1.912574 -5.538610
v -0.352160 1.924452 -4.900188
v -0.368413 1.936329 -4.261765
v -0.384667 1.948207 -3.623344
v -0.400920 1.960085 -2.984922
v -0.417053 1.969576 -2.422491
v 0.498029 2.113295 -4.906282
v 0.475043 2.092701 -5.544424
v 0.452057 2.072108 -6.182564
v 0.287148 2.040403 -7.165003
v 0.429071 2.051514 -6.820704
v -0.498029 2.113295 -4.906282
v -0.475043 2.092701 -5.544424
v -0.452057 2.072108 -6.182564
v -0.287148 2.040403 -7.165003
v -0.429071 2.051514 -6.820704
v 0.000000 2.036571 -7.283727
v 0.585567 2.189424 -2.547285
v 0.566987 2.175076 -2.991860
v 0.544001 2.154483 -3.630001
v 0.521015 2.133889 -4.268141
v -0.585567 2.189424 -2.547285
v -0.566987 2.175076 -2.991860
v -0.544001 2.154483 -3.630001
v -0.521015 2.133889 -4.268141
v 1.367821 5.545400 0.192879
v 1.076330 5.757588 0.350379
v 0.455570 5.908716 0.305040
v 0.855131 5.839312 0.344049
v -1.076330 5.757588 0.350379
v -0.855131 5.839312 0.344049
v 0.000000 5.944898 0.286873
v -0.455570 5.908716 0.305040
v -1.367821 5.545400 0.192879
v 2.060920 4.720650 -0.001143
v 1.547953 5.318696 -0.038736
v -2.060921 4.720650 -0.001143
v -1.547953 5.318696 -0.038736
v 3.124933 4.212931 -0.000718
v 3.336285 4.127011 0.002055
v 3.537200 4.044546 0.004716
v 2.276703 4.524983 0.002079
v -2.276703 4.524983 0.002079
v -3.124933 4.212931 -0.000718
v -3.336286 4.127011 0.002055
v -3.537200 4.044546 0.004716
v 3.962093 3.338437 0.027504
v 4.072478 3.290478 0.029051
v 4.387852 3.478302 0.022990
v 4.718194 3.185789 0.032430
v 4.697528 3.133565 0.034115
v 4.510159 3.378010 0.026226
v 4.611096 3.306928 0.028520
v 4.690620 3.233181 0.030900
v 4.350824 3.139116 0.033936
v 4.204394 3.227166 0.031094
v 4.296577 3.537642 0.021075
v 2.259526 3.369764 0.021632
v 2.192131 3.718190 0.020982
v -2.259526 3.369764 0.021632
v -2.192132 3.718190 0.020982
v -4.387852 3.478302 0.022990
v -4.697528 3.133565 0.034115
v -4.718194 3.185789 0.032430
v -4.510159 3.378010 0.026226
v -4.611096 3.306928 0.028520
v -4.690620 3.233181 0.030900
v -4.350824 3.139116 0.033936
v -4.204394 3.227166 0.031094
v -3.962093 3.338437 0.027504
v -4.072478 3.290478 0.029051
v -4.296577 3.537642 0.021075
v 4.463872 3.097005 0.035295
v 4.506141 3.086461 0.035635
v 4.554090 3.074500 0.036021
v 4.424247 3.109181 0.034902
v 2.473625 2.441425 -0.065102
v 2.312804 2.809910 -0.052349
v 2.311225 3.022600 0.024462
v -2.312804 2.809910 -0.052349
v -2.311225 3.022600 0.024462
v -2.473625 2.441425 -0.065102
v -4.463872 3.097005 0.035295
v -4.506141 3.086461 0.035635
v -4.554091 3.074500 0.036021
v -4.424247 3.109181 0.034902
v 2.558496 1.666911 -0.077441
v 2.537658 1.573057 -0.074341
v 2.557230 2.066965 -0.068597
v -2.558496 1.666911 -0.077441
v -2.537658 1.573057 -0.074341
v -2.557230 2.066965 -0.068597
v 2.506537 1.449339 -0.071243
v 2.338101 0.855445 -0.064444
v -2.338101 0.855445 -0.064444
v -2.506537 1.449339 -0.071243
v 2.313815 0.753352 -0.065792
v 2.302168 0.646775 -0.074167
v -2.302168 0.646775 -0.074167
v -2.313815 0.753352 -0.065792
v 0.445197 1.475330 -0.277346
v 0.257465 1.499678 -0.283379
v 0.412156 1.507538 -0.264931
v 0.300027 1.461179 -0.292215
v 0.126498 1.494065 -0.266711
v -0.126499 1.494065 -0.266711
v 0.000000 1.488427 -0.260670
v -0.257465 1.499678 -0.283379
v -0.412156 1.507538 -0.264931
v -0.300027 1.461179 -0.292215
v -0.445197 1.475330 -0.277346
v 0.722274 1.327176 -0.336874
v 0.694016 1.375709 -0.306323
v 0.460139 1.329968 -0.442755
v 0.605815 1.328169 -0.415068
v 0.463079 1.393419 -0.384233
v 0.464777 1.432283 -0.316628
v 0.603623 1.389336 -0.348833
v 0.315720 1.327469 -0.422003
v 0.237793 1.370362 -0.353719
v 0.211839 1.387753 -0.311126
v 0.325342 1.385911 -0.377804
v 0.321492 1.419873 -0.327293
v 0.111438 1.355426 -0.258649
v 0.180978 1.423623 -0.273618
v 0.148208 1.330288 -0.306401
v 0.206086 1.324243 -0.369965
v -0.111438 1.355426 -0.258649
v -0.180978 1.423623 -0.273618
v -0.148208 1.330288 -0.306401
v -0.206086 1.324243 -0.369965
v -0.315720 1.327469 -0.422003
v -0.211839 1.387753 -0.311126
v -0.237793 1.370362 -0.353719
v -0.321492 1.419873 -0.327293
v -0.325342 1.385911 -0.377804
v -0.605815 1.328169 -0.415068
v -0.460139 1.329968 -0.442755
v -0.464777 1.432283 -0.316628
v -0.463079 1.393419 -0.384233
v -0.603623 1.389336 -0.348833
v -0.722274 1.327176 -0.336874
v -0.694016 1.375709 -0.306323
v 0.735810 1.254243 -0.349770
v 0.721725 1.182131 -0.331664
v 0.459719 1.250515 -0.465316
v 0.610752 1.251445 -0.436475
v 0.309533 1.251269 -0.439172
v 0.122287 1.257762 -0.285622
v 0.190398 1.252833 -0.371348
v -0.122287 1.257762 -0.285622
v -0.190398 1.252833 -0.371348
v -0.309533 1.251269 -0.439172
v -0.610752 1.251445 -0.436475
v -0.459719 1.250515 -0.465316
v -0.735810 1.254243 -0.349770
v -0.721725 1.182131 -0.331664
v 0.690531 1.134798 -0.295191
v 0.605117 1.175984 -0.408833
v 0.459719 1.172215 -0.433918
v 0.598154 1.117307 -0.329572
v 0.459719 1.109410 -0.345096
v 0.314593 1.175905 -0.409467
v 0.321379 1.117263 -0.329684
v 0.229504 1.134520 -0.295903
v 0.199868 1.181510 -0.336713
v -0.199868 1.181510 -0.336713
v -0.314593 1.175905 -0.409467
v -0.321379 1.117263 -0.329684
v -0.229504 1.134520 -0.295903
v -0.605117 1.175984 -0.408833
v -0.459719 1.172215 -0.433918
v -0.598154 1.117307 -0.329572
v -0.459719 1.109410 -0.345096
v -0.690531 1.134798 -0.295191
v 0.542714 1.516458 -0.178522
v 0.577311 1.479916 -0.190145
v 0.000000 1.438921 -0.246670
v -0.542714 1.516458 -0.178522
v -0.577311 1.479916 -0.190145
v 0.791947 1.334894 -0.206584
v 0.730897 1.393957 -0.204933
v 0.623830 1.431117 -0.229942
v 0.063017 1.404241 -0.244334
v -0.063017 1.404241 -0.244334
v 0.000000 1.322994 -0.204843
v -0.623830 1.431117 -0.229942
v -0.791947 1.334894 -0.206584
v -0.730897 1.393957 -0.204933
v 0.813288 1.258760 -0.209818
v 0.035264 1.246158 -0.134394
v 0.041906 1.307514 -0.206679
v 0.072973 1.219819 -0.152477
v 0.081561 1.278172 -0.227485
v -0.035264 1.246158 -0.134394
v -0.041906 1.307514 -0.206679
v -0.072973 1.219819 -0.152477
v -0.081561 1.278172 -0.227485
v 0.000000 1.257258 -0.132144
v -0.813288 1.258760 -0.209818
v 0.790787 1.182690 -0.201050
v 0.721725 1.121770 -0.191284
v 0.605117 1.085290 -0.197907
v 0.459719 1.073282 -0.203833
v 0.314553 1.085083 -0.198034
v 0.125739 1.181963 -0.207166
v 0.199541 1.120124 -0.192276
v -0.125739 1.181963 -0.207166
v -0.199541 1.120124 -0.192276
v -0.314553 1.085083 -0.198034
v -0.605117 1.085290 -0.197907
v -0.459719 1.073282 -0.203833
v -0.790787 1.182690 -0.201050
v -0.721725 1.121770 -0.191284
v 0.632822 1.484347 -0.047902
v 0.597674 1.523214 -0.049156
v 0.542714 1.524813 0.080376
v 0.577311 1.489096 0.094331
v 0.000000 1.451832 0.153381
v -0.542714 1.524813 0.080376
v -0.597674 1.523214 -0.049156
v -0.577311 1.489096 0.094331
v -0.632822 1.484347 -0.047902
v 0.815639 1.342903 -0.043337
v 0.791947 1.345436 0.120086
v 0.754620 1.404723 -0.045332
v 0.679443 1.442085 -0.046538
v 0.730897 1.404270 0.114630
v 0.623830 1.442965 0.137191
v 0.063017 1.417073 0.153286
v -0.063017 1.417073 0.153286
v 0.000000 1.333448 0.119115
v -0.623830 1.442965 0.137191
v -0.815639 1.342903 -0.043337
v -0.791947 1.345436 0.120086
v -0.679443 1.442085 -0.046538
v -0.754620 1.404723 -0.045332
v -0.730897 1.404270 0.114630
v 0.839059 1.264214 -0.040798
v 0.813288 1.269669 0.128222
v 0.034054 1.227608 -0.039617
v 0.035264 1.252230 0.053767
v 0.041906 1.318119 0.121946
v 0.070430 1.201344 -0.038769
v 0.072973 1.227112 0.073511
v 0.081561 1.290179 0.144600
v -0.034054 1.227608 -0.039617
v -0.035264 1.252230 0.053767
v -0.041906 1.318119 0.121946
v -0.070430 1.201344 -0.038769
v -0.072973 1.227112 0.073511
v -0.081561 1.290179 0.144600
v 0.000000 1.238132 -0.039956
v 0.000000 1.263162 0.050806
v -0.839059 1.264214 -0.040798
v -0.813288 1.269669 0.128222
v 0.813288 1.184984 -0.038241
v 0.790787 1.193192 0.124377
v 0.735810 1.119381 -0.036124
v 0.721725 1.131769 0.118559
v 0.610752 1.078737 -0.034812
v 0.459719 1.065218 -0.034376
v 0.605117 1.095792 0.127521
v 0.459719 1.084192 0.134208
v 0.309218 1.078094 -0.034792
v 0.314553 1.095593 0.127660
v 0.114828 1.163786 -0.037557
v 0.125739 1.192861 0.130527
v 0.187880 1.114235 -0.035958
v 0.199541 1.130190 0.119655
v -0.114828 1.163786 -0.037557
v -0.125739 1.192861 0.130527
v -0.187880 1.114235 -0.035958
v -0.199541 1.130190 0.119655
v -0.309218 1.078094 -0.034792
v -0.314553 1.095593 0.127660
v -0.610752 1.078737 -0.034812
v -0.459719 1.065218 -0.034376
v -0.605117 1.095792 0.127521
v -0.459719 1.084192 0.134208
v -0.813288 1.184984 -0.038241
v -0.790787 1.193192 0.124377
v -0.735810 1.119381 -0.036124
v -0.721725 1.131769 0.118559
v 0.445197 1.490143 0.181646
v 0.257465 1.514829 0.186097
v 0.412156 1.521483 0.167181
v 0.300027 1.476980 0.197396
v 0.126498 1.508153 0.169825
v -0.126499 1.508153 0.169825
v 0.000000 1.502136 0.164160
v -0.257465 1.514829 0.186097
v -0.412156 1.521483 0.167181
v -0.300027 1.476980 0.197396
v -0.445197 1.490143 0.181646
v 0.722274 1.346135 0.250602
v 0.694016 1.392597 0.216986
v 0.605815 1.352167 0.328569
v 0.460139 1.355747 0.356083
v 0.464777 1.449718 0.223622
v 0.463079 1.415293 0.293592
v 0.603623 1.408936 0.258528
v 0.315720 1.351915 0.335535
v 0.211839 1.404925 0.221002
v 0.237793 1.390317 0.264628
v 0.321492 1.438021 0.235064
v 0.325342 1.407387 0.287660
v 0.111438 1.369282 0.170719
v 0.180978 1.438302 0.181259
v 0.148208 1.347275 0.219992
v 0.206086 1.345341 0.283813
v -0.111438 1.369282 0.170719
v -0.180978 1.438302 0.181259
v -0.148208 1.347275 0.219992
v -0.206086 1.345341 0.283813
v -0.315720 1.351915 0.335535
v -0.237793 1.390317 0.264628
v -0.211839 1.404925 0.221002
v -0.325342 1.407387 0.287660
v -0.321492 1.438021 0.235064
v -0.460139 1.355747 0.356083
v -0.605815 1.352167 0.328569
v -0.463079 1.415293 0.293592
v -0.464777 1.449718 0.223622
v -0.603623 1.408936 0.258528
v -0.722274 1.346135 0.250602
v -0.694016 1.392597 0.216986
v 0.735810 1.274185 0.268174
v 0.721725 1.201056 0.254755
v 0.610752 1.276983 0.354879
v 0.459719 1.277914 0.383720
v 0.309533 1.276981 0.357582
v 0.122287 1.273561 0.203932
v 0.190398 1.274169 0.289798
v -0.122287 1.273561 0.203932
v -0.190398 1.274169 0.289798
v -0.309533 1.276981 0.357582
v -0.459719 1.277914 0.383720
v -0.610752 1.276983 0.354879
v -0.735810 1.274185 0.268174
v -0.721725 1.201056 0.254755
v 0.690531 1.151469 0.221410
v 0.605117 1.199897 0.332160
v 0.459719 1.197754 0.357436
v 0.598154 1.136232 0.256847
v 0.459719 1.129352 0.272848
v 0.314593 1.199859 0.332797
v 0.321379 1.136195 0.256962
v 0.229504 1.151238 0.222139
v 0.199868 1.200762 0.259833
v -0.199868 1.200762 0.259833
v -0.314593 1.199859 0.332797
v -0.321379 1.136195 0.256962
v -0.229504 1.151238 0.222139
v -0.605117 1.199897 0.332160
v -0.459719 1.197754 0.357436
v -0.598154 1.136232 0.256847
v -0.459719 1.129352 0.272848
v -0.690531 1.151469 0.221410
v 0.000000 1.510420 -0.336237
v 0.717942 1.552946 -0.019299
v 0.620291 1.548596 -0.154689
v 0.506526 1.543529 -0.312424
v 0.257559 1.527255 -0.324129
v -0.247132 1.524912 -0.307867
v -0.703825 1.550379 -0.019872
v -0.608235 1.545413 -0.145463
v -0.507363 1.540173 -0.277994
v 0.540726 1.579769 0.262471
v 0.622215 1.567435 0.132905
v 0.256593 1.567893 0.287383
v -0.271302 1.568591 0.286481
v 0.000000 1.557168 0.309882
v -0.540798 1.579938 0.263235
v 0.000000 1.821427 -6.813279
v 0.000000 1.886422 -7.160034
v 0.000000 1.829695 -6.174741
v 0.000000 1.837962 -5.536202
v 0.000000 1.846230 -4.897664
v 0.000000 1.854498 -4.259125
v 0.000000 1.862765 -3.620587
v 0.000000 3.878249 -2.180700
v 0.000000 3.324215 -2.361208
v 0.465387 2.442319 -2.451995
v -0.465387 2.442319 -2.451995
v 0.000000 2.531474 -2.527509
v 0.000000 2.937101 -2.401691
v 0.000000 2.627248 -2.431471
v 0.471971 1.948861 -2.150874
v 0.641663 2.196331 -2.333230
v -0.471971 1.948861 -2.150874
v -0.641663 2.196331 -2.333230
v 0.000000 1.854761 -2.127652
v 0.000000 1.871033 -2.982049
v 0.000000 1.877116 -2.405881
v 1.024486 5.234601 -0.919695
v 0.542675 5.274981 -1.074476
v -1.024486 5.234601 -0.919695
v -0.542675 5.274981 -1.074476
v 0.000000 4.918243 -1.570206
v 0.000000 5.287962 -1.132478
v 0.000000 4.410823 -1.940256
v 2.128536 2.528896 -0.928149
v -2.128536 2.528896 -0.928149
v 1.656036 2.144668 -1.276604
v 0.497959 1.577835 -0.664445
v 1.179509 1.774071 -0.940207
v -0.497959 1.577835 -0.664445
v -1.179509 1.774071 -0.940207
v 0.000000 1.628621 -1.264155
v 0.000000 1.793069 -1.822254
v -1.656036 2.144668 -1.276604
v 0.000000 1.538615 -0.672666
v 1.921269 4.955457 -0.105970
v 1.386249 5.168550 -0.709495
v 1.723953 5.058882 -0.403955
v 1.817662 4.726945 0.523348
v 1.958678 4.846260 0.208107
v -1.921269 4.955457 -0.105970
v -1.386249 5.168550 -0.709495
v -1.723953 5.058882 -0.403955
v -1.817662 4.726945 0.523348
v -1.958678 4.846260 0.208107
v 2.148818 4.620243 0.011985
v 2.150783 4.145577 -0.566189
v 2.133077 4.550389 -0.375046
v 1.945916 4.613486 0.435431
v -2.148818 4.620243 0.011985
v -2.150784 4.145577 -0.566189
v -2.133077 4.550389 -0.375046
v -1.945916 4.613486 0.435431
v 4.193513 3.596982 0.019160
v 3.839920 3.386397 0.025956
v 3.987034 3.345250 -0.222170
v 4.095994 3.296675 -0.213351
v 4.543121 3.118227 -0.155008
v 4.562202 3.110163 -0.148222
v 4.232832 3.234206 -0.204887
v 4.352917 3.205557 -0.233248
v 4.391433 3.189347 -0.252050
v 4.550476 3.107706 -0.309992
v 4.496342 3.135102 -0.313635
v 4.442116 3.163867 -0.294458
v 3.866285 3.393823 -0.230990
v 4.007291 3.475735 -0.297676
v 4.151231 3.566055 -0.158091
v 4.007291 3.496416 0.343154
v 3.866285 3.410375 0.281888
v 3.987034 3.361334 0.276219
v 4.095994 3.312291 0.270549
v 4.562202 3.121968 0.217582
v 4.543121 3.130453 0.223833
v 4.352917 3.222646 0.296280
v 4.232832 3.249407 0.266130
v 4.391433 3.207681 0.316089
v 4.550476 3.129946 0.379174
v 4.496342 3.157520 0.381042
v 4.442116 3.184988 0.360051
v 4.151231 3.577548 0.198037
v 2.989530 3.681875 0.016420
v 2.859765 3.723107 0.015090
v 2.731720 3.760286 0.013890
v 2.243529 3.784298 0.039525
v 2.314588 3.792560 0.034901
v 2.212355 3.821713 -0.405580
v 2.045573 3.872518 0.493528
v -2.243529 3.784298 0.039525
v -2.314588 3.792560 0.034901
v -2.212355 3.821713 -0.405580
v -2.045573 3.872518 0.493528
v -2.859765 3.723107 0.015090
v -2.731720 3.760286 0.013890
v -2.989530 3.681875 0.016420
v -4.193513 3.596982 0.019160
v -3.839921 3.386397 0.025956
v -3.987034 3.345250 -0.222170
v -4.095995 3.296675 -0.213351
v -4.562203 3.110163 -0.148222
v -4.543122 3.118227 -0.155008
v -4.352917 3.205557 -0.233248
v -4.232832 3.234206 -0.204887
v -4.391433 3.189347 -0.252050
v -4.550477 3.107706 -0.309992
v -4.496343 3.135102 -0.313635
v -4.442116 3.163867 -0.294458
v -3.866285 3.393823 -0.230990
v -4.007291 3.475735 -0.297676
v -4.151231 3.566055 -0.158091
v -4.543122 3.130453 0.223833
v -4.562203 3.121968 0.217582
v -4.232832 3.249407 0.266130
v -4.352917 3.222646 0.296280
v -4.391433 3.207681 0.316089
v -4.550477 3.129946 0.379174
v -4.496343 3.157520 0.381042
v -4.442116 3.184988 0.360051
v -4.007291 3.496416 0.343154
v -3.866285 3.410375 0.281888
v -3.987034 3.361334 0.276219
v -4.095995 3.312291 0.270549
v -4.151231 3.577548 0.198037
v 4.622265 3.080489 0.035828
v 4.569227 3.103455 -0.181042
v 4.592708 3.089369 -0.233164
v 4.585014 3.090734 -0.280215
v 4.591276 3.093728 -0.162521
v 4.624199 3.082843 0.013960
v 4.621933 3.086519 0.013398
v 4.672694 3.054704 -0.010733
v 4.708142 3.033550 -0.050043
v 4.714392 3.027576 -0.096041
v 4.692014 3.038882 -0.136497
v 4.644860 3.063906 -0.159940
v 4.569227 3.117390 0.250766
v 4.592708 3.106694 0.303688
v 4.585014 3.111090 0.350553
v 4.591276 3.106489 0.232911
v 4.621933 3.087953 0.057822
v 4.624199 3.084248 0.057499
v 4.672694 3.057760 0.083954
v 4.708142 3.039184 0.124546
v 4.714392 3.036188 0.170835
v 4.692014 3.050079 0.210477
v 4.644860 3.076563 0.232258
v 2.260809 2.675170 -0.069881
v -2.260809 2.675170 -0.069881
v -4.622265 3.080489 0.035828
v -4.569227 3.103455 -0.181042
v -4.592708 3.089369 -0.233164
v -4.585014 3.090734 -0.280215
v -4.591276 3.093728 -0.162521
v -4.621934 3.086519 0.013398
v -4.624199 3.082843 0.013960
v -4.672694 3.054704 -0.010733
v -4.708142 3.033550 -0.050043
v -4.714393 3.027576 -0.096041
v -4.692015 3.038882 -0.136497
v -4.644860 3.063906 -0.159940
v -4.569227 3.117390 0.250766
v -4.592708 3.106694 0.303688
v -4.585014 3.111090 0.350553
v -4.591276 3.106489 0.232911
v -4.624199 3.084248 0.057499
v -4.621934 3.087953 0.057822
v -4.672694 3.057760 0.083954
v -4.708142 3.039184 0.124546
v -4.714393 3.036188 0.170835
v -4.692015 3.050079 0.210477
v -4.644860 3.076563 0.232258
v 0.823520 1.572140 -0.015015
v 1.008706 1.624038 -0.038368
v 1.115129 1.592380 -0.038377
v 0.579306 1.670316 0.672862
v -0.823520 1.572140 -0.015015
v -1.008706 1.624038 -0.038368
v -1.115129 1.592380 -0.038377
v 0.000000 1.642385 0.704810
v -0.579306 1.670316 0.672862
v 1.223271 1.429577 -0.038084
v 1.256140 1.307206 -0.035638
v 1.202433 1.518882 -0.040035
v 1.350471 0.855218 -0.060278
v 1.174883 1.545481 -0.038716
v -1.174883 1.545481 -0.038716
v -1.223271 1.429577 -0.038084
v -1.256140 1.307206 -0.035638
v -1.202433 1.518882 -0.040035
v -1.350471 0.855218 -0.060278
v 1.365355 0.753352 -0.065792
v 1.377001 0.646775 -0.074167
v 1.839585 0.102963 -0.439146
v 2.110628 0.130284 -0.360396
v 2.239460 0.260181 -0.072838
v 1.568541 0.130284 -0.360396
v 1.439709 0.260181 -0.072838
v 1.539119 0.121239 0.695216
v 1.517210 0.126330 0.763448
v 2.140050 0.121239 0.695216
v 2.161960 0.126330 0.763448
v 1.572319 0.061236 0.521003
v 1.569686 0.057416 -0.009965
v 1.569196 0.067372 -0.193065
v 2.106850 0.061236 0.521003
v 2.109483 0.057416 -0.009965
v 2.109974 0.067372 -0.193065
v 1.623531 0.462874 0.281060
v 2.055638 0.462874 0.281060
v 1.839585 0.499040 0.339899
v -1.365355 0.753352 -0.065792
v -1.377001 0.646775 -0.074167
v -1.568541 0.130284 -0.360396
v -1.439709 0.260181 -0.072838
v -1.839585 0.102963 -0.439146
v -2.110628 0.130284 -0.360396
v -2.239460 0.260181 -0.072838
v -2.140050 0.121239 0.695216
v -2.161960 0.126330 0.763448
v -1.539119 0.121239 0.695216
v -1.517210 0.126330 0.763448
v -2.106850 0.061236 0.521003
v -2.109483 0.057416 -0.009965
v -2.109974 0.067372 -0.193065
v -1.572319 0.061236 0.521003
v -1.569686 0.057416 -0.009965
v -1.569196 0.067372 -0.193065
v -2.055638 0.462874 0.281060
v -1.839585 0.499040 0.339899
v -1.623531 0.462874 0.281060
v 1.477199 5.644104 1.222650
v 1.442316 5.669426 1.174084
v 1.204323 5.780066 1.015377
v 1.251388 5.795035 1.165681
v 1.415764 5.684401 1.280809
v 1.512526 6.214367 1.093082
v 1.396981 6.127154 1.041080
v 1.215823 6.026754 0.959519
v 0.568772 6.020514 1.456501
v 0.532660 6.023436 1.522142
v 0.783381 5.981919 1.331094
v 0.650264 6.003108 1.516979
v 1.048592 5.894069 1.245816
v 0.764548 5.964657 1.202957
v 0.998428 5.893766 0.906582
v 1.087573 5.943968 0.923589
v -0.783380 5.981919 1.331094
v -0.650264 6.003108 1.516979
v -0.568772 6.020514 1.456501
v -0.532660 6.023436 1.522142
v -1.048592 5.894069 1.245816
v -0.764548 5.964657 1.202957
v -0.998428 5.893766 0.906582
v -1.087573 5.943968 0.923589
v -1.442316 5.669426 1.174084
v -1.477199 5.644104 1.222650
v -1.204323 5.780066 1.015377
v -1.251388 5.795035 1.165681
v -1.415764 5.684401 1.280809
v -1.512526 6.214367 1.093082
v -1.396981 6.127154 1.041080
v -1.215823 6.026754 0.959519
v 1.833319 4.269319 0.655307
v 1.222417 4.595638 1.043022
v 0.602735 4.485664 1.316055
v 0.000000 4.451032 1.424074
v -0.602735 4.485664 1.316055
v -1.833319 4.269319 0.655307
v -1.222417 4.595638 1.043022
v 1.920095 2.569815 0.868506
v -1.920095 2.569815 0.868506
v 1.261626 1.975544 0.848776
v 1.528008 2.329657 1.204166
v -1.261626 1.975544 0.848776
v -1.528008 2.329657 1.204166
v 1.632019 0.136875 1.090032
v 1.624622 0.134851 1.055234
v 1.594567 0.135279 1.107528
v 1.534963 0.135777 1.154336
v 1.481673 0.134550 1.141127
v 1.448536 0.133535 1.072841
v 1.445410 0.131409 0.966880
v 1.468201 0.129807 0.859681
v 1.615208 0.136938 1.149098
v 1.785857 0.137846 1.313046
v 1.740519 0.137554 1.385800
v 1.688153 0.136616 1.400400
v 1.642704 0.136853 1.354366
v 1.617043 0.136635 1.258797
v 1.814378 0.140571 1.204246
v 1.814879 0.138370 1.213263
v 1.839585 0.134652 1.216766
v 2.054547 0.134851 1.055234
v 2.047150 0.136875 1.090032
v 2.084602 0.135279 1.107528
v 2.144207 0.135777 1.154336
v 2.197497 0.134550 1.141127
v 2.230633 0.133535 1.072841
v 2.233760 0.131409 0.966880
v 2.210968 0.129807 0.859681
v 2.063962 0.136938 1.149098
v 1.864290 0.138370 1.213263
v 1.864792 0.140571 1.204246
v 1.893312 0.137846 1.313046
v 1.938650 0.137554 1.385800
v 1.991016 0.136616 1.400400
v 2.036466 0.136853 1.354366
v 2.062126 0.136635 1.258797
v -1.814880 0.138370 1.213263
v -1.814378 0.140571 1.204246
v -1.839585 0.134652 1.216766
v -2.047150 0.136875 1.090032
v -2.054548 0.134851 1.055234
v -2.084602 0.135279 1.107528
v -2.144207 0.135777 1.154336
v -2.197497 0.134550 1.141127
v -2.230633 0.133535 1.072841
v -2.233760 0.131409 0.966880
v -2.210968 0.129807 0.859681
v -2.063962 0.136938 1.149098
v -1.864792 0.140571 1.204246
v -1.864290 0.138370 1.213263
v -1.893312 0.137846 1.313046
v -1.938650 0.137554 1.385800
v -1.991016 0.136616 1.400400
v -2.036466 0.136853 1.354366
v -2.062126 0.136635 1.258797
v -1.624622 0.134851 1.055234
v -1.632019 0.136875 1.090032
v -1.594568 0.135279 1.107528
v -1.534963 0.135777 1.154336
v -1.481673 0.134550 1.141127
v -1.448537 0.133535 1.072841
v -1.445410 0.131409 0.966880
v -1.468202 0.129807 0.859681
v -1.615208 0.136938 1.149098
v -1.785857 0.137846 1.313046
v -1.740519 0.137554 1.385800
v -1.688153 0.136616 1.400400
v -1.642704 0.136853 1.354366
v -1.617043 0.136635 1.258797
v 2.243529 3.784298 0.039525
v 2.212355 3.821713 -0.405580
v 2.314588 3.792560 0.034901
v 2.731720 3.760286 0.013890
v 2.150783 4.145577 -0.566189
v 2.133077 4.550389 -0.375046
v 2.989530 3.681875 0.016420
v 2.859765 3.723107 0.015090
v 3.839920 3.386397 0.025956
v -2.243529 3.784298 0.039525
v -2.314588 3.792560 0.034901
v -2.212355 3.821713 -0.405580
v -2.731720 3.760286 0.013890
v -2.150784 4.145577 -0.566189
v -2.133077 4.550389 -0.375046
v -2.989530 3.681875 0.016420
v -2.859765 3.723107 0.015090
v -3.839921 3.386397 0.025956
v 4.151231 3.577548 0.198037
v 4.193513 3.596982 0.019160
v 4.007291 3.496416 0.343154
v 3.866285 3.410375 0.281888
v 4.151231 3.566055 -0.158091
v 4.007291 3.475735 -0.297676
v 3.866285 3.393823 -0.230990
v -4.151231 3.577548 0.198037
v -4.193513 3.596982 0.019160
v -4.007291 3.496416 0.343154
v -3.866285 3.410375 0.281888
v -4.151231 3.566055 -0.158091
v -4.007291 3.475735 -0.297676
v -3.866285 3.393823 -0.230990
v 3.839920 3.386397 0.025956
v 3.866285 3.410375 0.281888
v 3.987034 3.361334 0.276219
v 4.095994 3.312291 0.270549
v 4.621933 3.087953 0.057822
v 4.622265 3.080489 0.035828
v 4.232832 3.249407 0.266130
v 4.352917 3.222646 0.296280
v 4.543121 3.130453 0.223833
v 4.569227 3.117390 0.250766
v 4.391433 3.207681 0.316089
v 4.550476 3.129946 0.379174
v 4.585014 3.111090 0.350553
v 4.592708 3.106694 0.303688
v 4.442116 3.184988 0.360051
v 4.496342 3.157520 0.381042
v 4.591276 3.106489 0.232911
v 4.562202 3.121968 0.217582
v 4.624199 3.084248 0.057499
v 4.692014 3.050079 0.210477
v 4.714392 3.036188 0.170835
v 4.708142 3.039184 0.124546
v 4.672694 3.057760 0.083954
v 4.644860 3.076563 0.232258
v 3.987034 3.345250 -0.222170
v 3.866285 3.393823 -0.230990
v 4.095994 3.296675 -0.213351
v 4.621933 3.086519 0.013398
v 4.352917 3.205557 -0.233248
v 4.232832 3.234206 -0.204887
v 4.543121 3.118227 -0.155008
v 4.569227 3.103455 -0.181042
v 4.391433 3.189347 -0.252050
v 4.585014 3.090734 -0.280215
v 4.550476 3.107706 -0.309992
v 4.592708 3.089369 -0.233164
v 4.442116 3.163867 -0.294458
v 4.496342 3.135102 -0.313635
v 4.591276 3.093728 -0.162521
v 4.562202 3.110163 -0.148222
v 4.624199 3.082843 0.013960
v 4.714392 3.027576 -0.096041
v 4.692014 3.038882 -0.136497
v 4.708142 3.033550 -0.050043
v 4.672694 3.054704 -0.010733
v 4.644860 3.063906 -0.159940
v -3.987034 3.361334 0.276219
v -3.866285 3.410375 0.281888
v -3.839921 3.386397 0.025956
v -4.095995 3.312291 0.270549
v -4.622265 3.080489 0.035828
v -4.621934 3.087953 0.057822
v -4.352917 3.222646 0.296280
v -4.232832 3.249407 0.266130
v -4.543122 3.130453 0.223833
v -4.569227 3.117390 0.250766
v -4.391433 3.207681 0.316089
v -4.585014 3.111090 0.350553
v -4.550477 3.129946 0.379174
v -4.592708 3.106694 0.303688
v -4.442116 3.184988 0.360051
v -4.496343 3.157520 0.381042
v -4.591276 3.106489 0.232911
v -4.562203 3.121968 0.217582
v -4.624199 3.084248 0.057499
v -4.714393 3.036188 0.170835
v -4.692015 3.050079 0.210477
v -4.708142 3.039184 0.124546
v -4.672694 3.057760 0.083954
v -4.644860 3.076563 0.232258
v -3.866285 3.393823 -0.230990
v -3.987034 3.345250 -0.222170
v -4.095995 3.296675 -0.213351
v -4.621934 3.086519 0.013398
v -4.232832 3.234206 -0.204887
v -4.352917 3.205557 -0.233248
v -4.543122 3.118227 -0.155008
v -4.569227 3.103455 -0.181042
v -4.391433 3.189347 -0.252050
v -4.550477 3.107706 -0.309992
v -4.585014 3.090734 -0.280215
v -4.592708 3.089369 -0.233164
v -4.442116 3.163867 -0.294458
v -4.496343 3.135102 -0.313635
v -4.591276 3.093728 -0.162521
v -4.562203 3.110163 -0.148222
v -4.624199 3.082843 0.013960
v -4.692015 3.038882 -0.136497
v -4.714393 3.027576 -0.096041
v -4.708142 3.033550 -0.050043
v -4.672694 3.054704 -0.010733
v -4.644860 3.063906 -0.159940
v 1.174883 1.545481 -0.038716
v 1.115129 1.592380 -0.038377
v 1.202433 1.518882 -0.040035
v 1.008706 1.624038 -0.038368
v 1.179509 1.774071 -0.940207
v 1.656036 2.144668 -1.276604
v 2.128536 2.528896 -0.928149
v 1.377001 0.646775 -0.074167
v 1.365355 0.753352 -0.065792
v 1.256140 1.307206 -0.035638
v 1.350471 0.855218 -0.060278
v 1.223271 1.429577 -0.038084
v 2.110628 0.130284 -0.360396
v 1.839585 0.102963 -0.439146
v 1.568541 0.130284 -0.360396
v 1.439709 0.260181 -0.072838
v -1.174883 1.545481 -0.038716
v -1.115129 1.592380 -0.038377
v -1.202433 1.518882 -0.040035
v -1.008706 1.624038 -0.038368
v -1.179509 1.774071 -0.940207
v -1.656036 2.144668 -1.276604
v -2.128536 2.528896 -0.928149
v -1.377001 0.646775 -0.074167
v -1.365355 0.753352 -0.065792
v -1.350471 0.855218 -0.060278
v -1.256140 1.307206 -0.035638
v -1.223271 1.429577 -0.038084
v -2.110628 0.130284 -0.360396
v -1.839585 0.102963 -0.439146
v -1.568541 0.130284 -0.360396
v -1.439709 0.260181 -0.072838
v 2.239460 0.260181 -0.072838
v 2.055638 0.462874 0.281060
v 1.439709 0.260181 -0.072838
v 1.623531 0.462874 0.281060
v 1.839585 0.499040 0.339899
v -2.239460 0.260181 -0.072838
v -2.055638 0.462874 0.281060
v -1.439709 0.260181 -0.072838
v -1.623531 0.462874 0.281060
v -1.839585 0.499040 0.339899
v 1.839585 0.134652 1.216766
v 1.814378 0.140571 1.204246
v 1.572319 0.061236 0.521003
v 1.539119 0.121239 0.695216
v 1.624622 0.134851 1.055234
v 1.594567 0.135279 1.107528
v 1.517210 0.126330 0.763448
v 1.448536 0.133535 1.072841
v 1.481673 0.134550 1.141127
v 1.534963 0.135777 1.154336
v 1.468201 0.129807 0.859681
v 1.445410 0.131409 0.966880
v 1.615208 0.136938 1.149098
v 1.632019 0.136875 1.090032
v 1.814879 0.138370 1.213263
v 1.688153 0.136616 1.400400
v 1.642704 0.136853 1.354366
v 1.740519 0.137554 1.385800
v 1.785857 0.137846 1.313046
v 1.617043 0.136635 1.258797
v 1.864792 0.140571 1.204246
v 2.106850 0.061236 0.521003
v 2.140050 0.121239 0.695216
v 2.054547 0.134851 1.055234
v 2.084602 0.135279 1.107528
v 2.161960 0.126330 0.763448
v 2.197497 0.134550 1.141127
v 2.230633 0.133535 1.072841
v 2.144207 0.135777 1.154336
v 2.210968 0.129807 0.859681
v 2.233760 0.131409 0.966880
v 2.063962 0.136938 1.149098
v 2.047150 0.136875 1.090032
v 1.864290 0.138370 1.213263
v 1.991016 0.136616 1.400400
v 2.036466 0.136853 1.354366
v 1.938650 0.137554 1.385800
v 1.893312 0.137846 1.313046
v 2.062126 0.136635 1.258797
v 2.109483 0.057416 -0.009965
v 2.109974 0.067372 -0.193065
v 1.569686 0.057416 -0.009965
v 1.569196 0.067372 -0.193065
v 2.110628 0.130284 -0.360396
v 1.568541 0.130284 -0.360396
v -1.839585 0.134652 1.216766
v -1.814378 0.140571 1.204246
v -1.572319 0.061236 0.521003
v -1.539119 0.121239 0.695216
v -1.624622 0.134851 1.055234
v -1.594568 0.135279 1.107528
v -1.517210 0.126330 0.763448
v -1.481673 0.134550 1.141127
v -1.448537 0.133535 1.072841
v -1.534963 0.135777 1.154336
v -1.468202 0.129807 0.859681
v -1.445410 0.131409 0.966880
v -1.615208 0.136938 1.149098
v -1.632019 0.136875 1.090032
v -1.814880 0.138370 1.213263
v -1.688153 0.136616 1.400400
v -1.642704 0.136853 1.354366
v -1.740519 0.137554 1.385800
v -1.785857 0.137846 1.313046
v -1.617043 0.136635 1.258797
v -1.864792 0.140571 1.204246
v -2.106850 0.061236 0.521003
v -2.140050 0.121239 0.695216
v -2.054548 0.134851 1.055234
v -2.084602 0.135279 1.107528
v -2.161960 0.126330 0.763448
v -2.230633 0.133535 1.072841
v -2.197497 0.134550 1.141127
v -2.144207 0.135777 1.154336
v -2.210968 0.129807 0.859681
v -2.233760 0.131409 0.966880
v -2.063962 0.136938 1.149098
v -2.047150 0.136875 1.090032
v -1.864290 0.138370 1.213263
v -1.991016 0.136616 1.400400
v -2.036466 0.136853 1.354366
v -1.938650 0.137554 1.385800
v -1.893312 0.137846 1.313046
v -2.062126 0.136635 1.258797
v -2.109483 0.057416 -0.009965
v -2.109974 0.067372 -0.193065
v -1.569686 0.057416 -0.009965
v -1.569196 0.067372 -0.193065
v -2.110628 0.130284 -0.360396
v -1.568541 0.130284 -0.360396
v 1.920095 2.569815 0.868506
v 1.528008 2.329657 1.204166
v 1.261626 1.975544 0.848776
v 1.008706 1.624038 -0.038368
v 2.260809 2.675170 -0.069881
v 1.945916 4.613486 0.435431
v 1.833319 4.269319 0.655307
v 2.045573 3.872518 0.493528
v 2.243529 3.784298 0.039525
v 2.148818 4.620243 0.011985
v -1.920095 2.569815 0.868506
v -1.528008 2.329657 1.204166
v -1.008706 1.624038 -0.038368
v -1.261626 1.975544 0.848776
v -2.260809 2.675170 -0.069881
v -1.945916 4.613486 0.435431
v -1.833319 4.269319 0.655307
v -2.045573 3.872518 0.493528
v -2.243529 3.784298 0.039525
v -2.148818 4.620243 0.011985
v 0.000000 2.627248 -2.431471
v 0.000000 2.937101 -2.401691
v 0.000000 1.538615 -0.672666
v 0.000000 1.628621 -1.264155
v 0.000000 1.793069 -1.822254
v 0.000000 4.410823 -1.940256
v 0.000000 4.918243 -1.570206
v 0.000000 3.878249 -2.180700
v 0.000000 3.324215 -2.361208
v 0.000000 5.287962 -1.132478
v 0.000000 1.854761 -2.127652
v 0.000000 2.531474 -2.527509
v 0.622215 1.567435 0.132905
v 0.540726 1.579769 0.262471
v -0.703825 1.550379 -0.019872
v -0.540798 1.579938 0.263235
v 0.717942 1.552946 -0.019299
v 0.620291 1.548596 -0.154689
v 0.256593 1.567893 0.287383
v 0.000000 1.557168 0.309882
v -0.271302 1.568591 0.286481
v 0.257559 1.527255 -0.324129
v 0.506526 1.543529 -0.312424
v 0.000000 1.510420 -0.336237
v -0.247132 1.524912 -0.307867
v -0.507363 1.540173 -0.277994
v -0.608235 1.545413 -0.145463
v 0.000000 1.510420 -0.336237
v 1.222417 4.595638 1.043022
v 1.817662 4.726945 0.523348
v 0.000000 4.451032 1.424074
v 0.602735 4.485664 1.316055
v 1.958678 4.846260 0.208107
v 1.921269 4.955457 -0.105970
v -1.222417 4.595638 1.043022
v -1.817662 4.726945 0.523348
v -0.602735 4.485664 1.316055
v -1.958678 4.846260 0.208107
v -1.921269 4.955457 -0.105970
v 1.723953 5.058882 -0.403955
v 1.386249 5.168550 -0.709495
v 1.024486 5.234601 -0.919695
v 0.542675 5.274981 -1.074476
v 0.000000 5.287962 -1.132478
v -1.386249 5.168550 -0.709495
v -1.723953 5.058882 -0.403955
v -1.024486 5.234601 -0.919695
v -0.542675 5.274981 -1.074476
v 1.512526 6.214367 1.093082
v 1.396981 6.127154 1.041080
v 0.783381 5.981919 1.331094
v 0.650264 6.003108 1.516979
v 0.532660 6.023436 1.522142
v 0.568772 6.020514 1.456501
v 0.764548 5.964657 1.202957
v 0.998428 5.893766 0.906582
v 1.087573 5.943968 0.923589
v 0.998428 5.893766 0.906582
v 1.204323 5.780066 1.015377
v 1.442316 5.669426 1.174084
v 1.477199 5.644104 1.222650
v 1.415764 5.684401 1.280809
v 1.251388 5.795035 1.165681
v 1.048592 5.894069 1.245816
v 1.215823 6.026754 0.959519
v -1.512526 6.214367 1.093082
v -1.396981 6.127154 1.041080
v -0.650264 6.003108 1.516979
v -0.783380 5.981919 1.331094
v -0.532660 6.023436 1.522142
v -0.568772 6.020514 1.456501
v -0.764548 5.964657 1.202957
v -0.998428 5.893766 0.906582
v -0.998428 5.893766 0.906582
v -1.087573 5.943968 0.923589
v -1.204323 5.780066 1.015377
v -1.442316 5.669426 1.174084
v -1.477199 5.644104 1.222650
v -1.415764 5.684401 1.280809
v -1.251388 5.795035 1.165681
v -1.048592 5.894069 1.245816
v -1.215823 6.026754 0.959519
v 0.641663 2.196331 -2.333230
v 0.465387 2.442319 -2.451995
v 0.000000 2.531474 -2.527509
v -0.641663 2.196331 -2.333230
v -0.465387 2.442319 -2.451995
v 0.471971 1.948861 -2.150874
v 0.000000 1.854761 -2.127652
v 0.000000 1.886422 -7.160034
v 0.000000 1.821427 -6.813279
v 0.000000 1.829695 -6.174741
v 0.000000 1.837962 -5.536202
v 0.000000 1.846230 -4.897664
v 0.000000 1.854498 -4.259125
v 0.000000 1.862765 -3.620587
v 0.000000 1.871033 -2.982049
v -0.471971 1.948861 -2.150874
v 0.000000 1.877116 -2.405881
v 0.000000 1.854761 -2.127652
v 0.126498 1.508153 0.169825
v 0.000000 1.502136 0.164160
v 0.542714 1.524813 0.080376
v 0.597674 1.523214 -0.049156
v 0.412156 1.521483 0.167181
v 0.257465 1.514829 0.186097
v -0.126499 1.508153 0.169825
v -0.597674 1.523214 -0.049156
v -0.542714 1.524813 0.080376
v -0.412156 1.521483 0.167181
v -0.257465 1.514829 0.186097
v 0.126498 1.494065 -0.266711
v 0.000000 1.488427 -0.260670
v 0.542714 1.516458 -0.178522
v 0.412156 1.507538 -0.264931
v 0.257465 1.499678 -0.283379
v -0.126499 1.494065 -0.266711
v -0.542714 1.516458 -0.178522
v -0.412156 1.507538 -0.264931
v -0.257465 1.499678 -0.283379
v 0.912513 5.533455 2.448345
v 0.973140 5.597216 2.398212
v 0.507808 5.738469 2.508811
v 0.417844 5.656246 2.563880
v 0.634091 5.770151 2.457501
v 0.772293 5.761566 2.405315
v 0.778940 5.481427 2.500747
v 0.487669 5.526585 2.571654
v 0.615346 5.490947 2.542115
v 0.897852 5.724275 2.359962
v 0.989533 5.671226 2.352960
v 0.398616 5.579633 2.586752
v 0.769727 5.503373 2.468174
v 0.626910 5.511374 2.509758
v 0.533029 5.705867 2.483992
v 0.454491 5.641797 2.536480
v 0.643274 5.730187 2.433728
v 0.437704 5.581750 2.556998
v 0.515448 5.539796 2.540322
v 0.953575 5.651017 2.326379
v 0.939264 5.593294 2.369316
v 0.763925 5.722790 2.381373
v 0.886337 5.543701 2.417436
v 0.873537 5.692872 2.334972
v 0.598288 5.677405 2.518528
v 0.669947 5.693089 2.483675
v 0.748370 5.688137 2.447154
v 0.871642 5.641310 2.408369
v 0.819618 5.668555 2.414632
v 0.536327 5.596878 2.568563
v 0.547238 5.635876 2.554667
v 0.752142 5.545666 2.506167
v 0.827938 5.571757 2.471089
v 0.659310 5.550980 2.535188
v 0.862340 5.603883 2.437897
v 0.586860 5.569547 2.556669
v 0.790705 5.632748 2.453627
v 0.786147 5.613463 2.472070
v 0.769289 5.596967 2.492981
v 0.691874 5.660277 2.503331
v 0.730301 5.657431 2.479592
v 0.631746 5.630988 2.548266
v 0.656761 5.652361 2.525616
v 0.732149 5.583630 2.515223
v 0.626400 5.610770 2.556557
v 0.651161 5.596443 2.548359
v 0.686662 5.586611 2.534112
v 0.765213 5.646989 2.458177
v 0.709867 5.623229 2.521933
v -0.912513 5.533455 2.448345
v -0.973140 5.597216 2.398212
v -0.417844 5.656246 2.563880
v -0.507808 5.738469 2.508811
v -0.634091 5.770151 2.457501
v -0.772293 5.761566 2.405315
v -0.778940 5.481427 2.500747
v -0.615346 5.490947 2.542115
v -0.487669 5.526585 2.571654
v -0.897852 5.724275 2.359962
v -0.989533 5.671226 2.352960
v -0.398616 5.579633 2.586752
v -0.769727 5.503373 2.468174
v -0.626910 5.511374 2.509758
v -0.454491 5.641797 2.536480
v -0.533029 5.705867 2.483992
v -0.643274 5.730187 2.433728
v -0.515447 5.539796 2.540322
v -0.437704 5.581750 2.556998
v -0.953575 5.651017 2.326379
v -0.939264 5.593294 2.369316
v -0.763925 5.722790 2.381373
v -0.886337 5.543701 2.417436
v -0.873537 5.692872 2.334972
v -0.598288 5.677405 2.518528
v -0.669947 5.693089 2.483675
v -0.748370 5.688137 2.447154
v -0.871642 5.641310 2.408369
v -0.819618 5.668555 2.414632
v -0.536327 5.596878 2.568563
v -0.547238 5.635876 2.554667
v -0.752142 5.545666 2.506167
v -0.827938 5.571757 2.471089
v -0.659310 5.550980 2.535188
v -0.862340 5.603883 2.437897
v -0.586860 5.569547 2.556669
v -0.790705 5.632748 2.453627
v -0.786147 5.613463 2.472070
v -0.769290 5.596967 2.492981
v -0.691874 5.660277 2.503331
v -0.730301 5.657431 2.479592
v -0.631746 5.630988 2.548266
v -0.656761 5.652361 2.525616
v -0.732149 5.583630 2.515223
v -0.651161 5.596443 2.548359
v -0.626400 5.610770 2.556557
v -0.686662 5.586611 2.534112
v -0.765213 5.646989 2.458177
v -0.709867 5.623229 2.521933
v -0.141525 5.077518 3.090888
v -0.079970 5.117638 3.137793
v 0.000000 5.084897 3.088345
v 0.149563 4.996542 3.016397
v 0.000000 4.989393 3.030967
v 0.138412 5.053690 3.066458
v 0.000000 5.057177 3.065958
v 0.141525 5.077518 3.090888
v 0.079970 5.117638 3.137793
v 0.000000 5.124619 3.136801
v 0.000000 5.203704 3.174114
v 0.035468 5.208550 3.183315
v 0.000000 5.294251 3.195968
v 0.047276 5.298660 3.201599
v 0.065078 5.220856 3.206681
v 0.240462 5.012355 3.014076
v 0.252763 5.025981 3.023473
v 0.265793 5.050997 3.086073
v 0.112892 5.132072 3.169000
v -0.149563 4.996542 3.016397
v -0.138411 5.053690 3.066458
v -0.035468 5.208550 3.183315
v -0.047276 5.298660 3.201599
v -0.065078 5.220856 3.206681
v -0.240462 5.012355 3.014076
v -0.252763 5.025981 3.023473
v -0.265793 5.050997 3.086073
v -0.112892 5.132072 3.169000
vn -0.0000 -0.3355 0.9420
vn -0.0000 -0.5865 0.8100
vn -0.2902 -0.3764 0.8798
vn -0.1477 -0.7204 0.6777
vn 0.2903 -0.3764 0.8798
vn 0.1476 -0.7204 0.6777
vn 0.0934 -0.7638 0.6387
vn -0.0000 -0.7402 0.6724
vn -0.0934 -0.7638 0.6387
vn 0.2794 0.6491 0.7075
vn 0.1889 0.5369 0.8222
vn 0.1903 0.4387 0.8783
vn 0.2541 -0.0334 0.9666
vn 0.3468 0.1902 0.9184
vn 0.4617 0.1032 0.8810
vn 0.2742 0.4105 0.8697
vn 0.2469 0.3071 0.9191
vn 0.3413 0.2596 0.9034
vn 0.3515 0.2012 0.9143
vn 0.4223 0.2648 0.8669
vn 0.3700 0.4574 0.8086
vn 0.3147 0.2971 0.9015
vn 0.2627 0.1676 0.9502
vn -0.1114 0.4507 0.8857
vn -0.2258 0.6108 0.7590
vn 0.1447 0.2465 0.9583
vn 0.0668 0.6526 0.7547
vn 0.3408 -0.1372 0.9301
vn 0.3978 0.3489 0.8486
vn -0.0112 0.7015 0.7126
vn 0.3610 0.3086 0.8800
vn 0.2659 0.1558 0.9513
vn 0.2563 -0.0680 0.9642
vn 0.0927 0.7216 0.6861
vn 0.2507 0.7543 0.6068
vn 0.4348 0.6187 0.6543
vn 0.4939 0.5618 0.6636
vn 0.4336 0.6337 0.6406
vn -0.0288 -0.0007 0.9996
vn -0.0126 0.5299 0.8480
vn 0.3933 -0.3407 0.8540
vn 0.5143 0.1249 0.8485
vn 0.2396 -0.3994 0.8849
vn 0.5456 0.3371 0.7673
vn 0.1172 -0.3876 0.9144
vn 0.4228 0.5497 0.7205
vn 0.4690 0.4785 0.7424
vn 0.4869 0.3141 0.8150
vn 0.3941 0.5797 0.7131
vn 0.5178 0.4936 0.6987
vn 0.2036 0.4785 0.8541
vn 0.2714 0.5964 0.7554
vn 0.4001 0.0194 0.9163
vn 0.2103 0.1262 0.9695
vn 0.3022 -0.0971 0.9483
vn 0.3646 -0.0869 0.9271
vn 0.4956 0.4935 0.7147
vn 0.4452 0.3802 0.8107
vn -0.1903 0.4387 0.8783
vn -0.1890 0.5369 0.8222
vn -0.2794 0.6492 0.7075
vn -0.2541 -0.0334 0.9666
vn -0.2742 0.4104 0.8697
vn -0.2469 0.3071 0.9191
vn -0.4617 0.1032 0.8810
vn -0.3468 0.1902 0.9185
vn -0.3412 0.2599 0.9033
vn -0.3515 0.2012 0.9143
vn -0.2624 0.1682 0.9502
vn -0.3700 0.4575 0.8086
vn -0.3147 0.2971 0.9015
vn -0.4223 0.2647 0.8669
vn -0.1447 0.2467 0.9582
vn 0.2258 0.6107 0.7590
vn 0.1114 0.4507 0.8857
vn -0.0668 0.6526 0.7547
vn -0.3408 -0.1372 0.9301
vn -0.3978 0.3489 0.8485
vn 0.0112 0.7015 0.7126
vn -0.3611 0.3087 0.8800
vn -0.2563 -0.0680 0.9642
vn -0.2658 0.1558 0.9513
vn -0.0927 0.7216 0.6861
vn -0.2507 0.7543 0.6068
vn -0.4348 0.6187 0.6543
vn -0.4939 0.5618 0.6636
vn -0.4336 0.6337 0.6406
vn 0.0288 -0.0007 0.9996
vn 0.0126 0.5299 0.8480
vn -0.3933 -0.3407 0.8540
vn -0.5143 0.1249 0.8485
vn -0.2396 -0.3994 0.8849
vn -0.5456 0.3371 0.7673
vn -0.1172 -0.3876 0.9144
vn -0.4228 0.5496 0.7205
vn -0.4690 0.4785 0.7424
vn -0.4869 0.3141 0.8150
vn -0.3942 0.5797 0.7131
vn -0.5178 0.4936 0.6987
vn -0.2036 0.4784 0.8542
vn -0.2714 0.5964 0.7554
vn -0.4001 0.0193 0.9163
vn -0.3022 -0.0971 0.9483
vn -0.2103 0.1262 0.9695
vn -0.3646 -0.0869 0.9271
vn -0.4956 0.4935 0.7148
vn -0.4452 0.3802 0.8107
vn -0.0000 -0.4997 0.8662
vn 0.3182 -0.7183 0.6187
vn 0.3462 -0.3818 0.8569
vn -0.0000 -0.7556 0.6550
vn -0.0000 0.3298 0.9440
vn 0.4136 0.3776 0.8284
vn -0.0000 0.8952 0.4458
vn 0.2610 0.8910 0.3716
vn -0.0000 -0.5063 0.8624
vn 0.0684 -0.5573 0.8275
vn 0.3103 -0.3534 0.8825
vn 0.5530 -0.5705 0.6073
vn 0.7172 0.5067 0.4783
vn -0.3462 -0.3818 0.8569
vn -0.3182 -0.7183 0.6187
vn -0.4136 0.3776 0.8284
vn -0.2610 0.8910 0.3716
vn -0.0684 -0.5573 0.8275
vn -0.3103 -0.3534 0.8825
vn -0.5529 -0.5705 0.6073
vn -0.7172 0.5067 0.4783
vn -0.0000 -0.6130 0.7901
vn 0.0124 -0.7096 0.7045
vn -0.0000 -0.5062 0.8624
vn 0.0684 -0.5572 0.8275
vn -0.0000 -0.3318 0.9434
vn 0.0973 -0.1978 0.9754
vn -0.4429 -0.0982 0.8912
vn 0.0666 -0.8722 0.4846
vn -0.0604 -0.8930 0.4460
vn -0.3168 -0.7155 0.6226
vn 0.1856 -0.4371 0.8800
vn -0.0124 -0.7096 0.7045
vn -0.0973 -0.1977 0.9754
vn 0.4429 -0.0983 0.8912
vn 0.0604 -0.8930 0.4460
vn -0.0666 -0.8722 0.4846
vn 0.3168 -0.7155 0.6226
vn -0.1856 -0.4371 0.8800
vn 0.1342 -0.9839 -0.1178
vn 0.0683 -0.9612 -0.2674
vn 0.0002 -0.9926 -0.1215
vn -0.2415 -0.9684 0.0617
vn -0.2938 -0.9423 -0.1603
vn -0.2267 -0.9723 0.0572
vn -0.1342 -0.9839 -0.1178
vn -0.0763 -0.9439 -0.3212
vn -0.2140 -0.9412 -0.2614
vn 0.2731 -0.9511 -0.1442
vn 0.1859 -0.9592 -0.2129
vn 0.2415 -0.9684 0.0617
vn 0.2257 -0.9516 0.2085
vn 0.2051 -0.9780 0.0371
vn -0.1432 -0.9493 0.2800
vn -0.0588 -0.9464 0.3177
vn -0.0000 -0.9649 0.2628
vn -0.1667 -0.9496 0.2655
vn -0.0000 -0.9579 0.2871
vn 0.0590 -0.9466 0.3171
vn 0.0001 -0.9926 -0.1214
vn -0.0010 -0.9874 -0.1579
vn 0.1465 -0.9519 0.2692
vn 0.1554 -0.9511 0.2669
vn -0.0010 -0.9874 -0.1580
vn -0.0000 -0.8046 -0.5939
vn 0.0293 -0.6772 -0.7352
vn 0.5665 0.0302 0.8235
vn 0.2689 -0.9631 -0.0080
vn 0.0001 -0.9991 0.0421
vn 0.5835 -0.4000 0.7067
vn -0.1600 -0.9867 0.0298
vn -0.1467 -0.9043 0.4009
vn 0.6288 0.5904 0.5060
vn 0.4096 0.7187 0.5619
vn 0.4651 0.8850 0.0208
vn 0.6702 0.7384 0.0752
vn 0.3396 0.8282 0.4458
vn 0.3658 0.9302 -0.0301
vn 0.2520 0.2176 0.9429
vn 0.1980 0.1341 0.9710
vn 0.1788 0.1614 0.9706
vn -0.2616 -0.8834 0.3888
vn -0.3129 -0.9493 0.0307
vn -0.2645 -0.8406 0.4727
vn -0.2893 -0.9567 0.0309
vn 0.0951 0.0889 0.9915
vn 0.1741 0.0986 0.9798
vn 0.3390 0.8307 0.4415
vn 0.4187 0.8035 0.4233
vn 0.3780 0.9253 -0.0299
vn 0.4682 0.8832 -0.0285
vn 0.1755 0.1123 0.9780
vn 0.4728 0.7579 0.4494
vn -0.2785 -0.8079 0.5194
vn -0.3426 -0.9390 0.0303
vn 0.5287 0.8484 -0.0274
vn -0.1504 -0.9852 0.0820
vn -0.0443 -0.8678 0.4950
vn -0.4103 -0.5460 0.7305
vn 0.1467 -0.9043 0.4009
vn 0.1600 -0.9867 0.0298
vn -0.4651 0.8850 0.0208
vn -0.4096 0.7187 0.5619
vn -0.6288 0.5904 0.5060
vn -0.6702 0.7384 0.0752
vn -0.3658 0.9302 -0.0301
vn -0.3396 0.8282 0.4457
vn -0.1980 0.1341 0.9710
vn -0.4709 0.2355 0.8502
vn -0.1788 0.1614 0.9706
vn 0.2616 -0.8834 0.3888
vn 0.3129 -0.9493 0.0307
vn 0.2893 -0.9567 0.0309
vn 0.2645 -0.8406 0.4727
vn -0.0951 0.0889 0.9915
vn -0.1741 0.0986 0.9798
vn -0.4187 0.8035 0.4233
vn -0.3390 0.8307 0.4415
vn -0.3782 0.9253 -0.0299
vn -0.4682 0.8832 -0.0285
vn -0.4728 0.7579 0.4494
vn -0.1755 0.1123 0.9780
vn 0.2822 -0.9019 0.3270
vn 0.3426 -0.9390 0.0303
vn -0.5589 0.8288 -0.0267
vn 0.4658 0.7707 0.4349
vn 0.5115 0.8588 -0.0277
vn 0.5297 0.7196 0.4490
vn 0.5712 0.8204 -0.0265
vn 0.2157 0.2771 0.9363
vn 0.1082 0.0480 0.9930
vn -0.3321 -0.8172 0.4711
vn -0.3528 -0.8051 0.4767
vn 0.3612 0.7101 0.6044
vn 0.1727 0.2076 0.9628
vn 0.2582 0.7755 0.5762
vn 0.0566 0.5376 0.8413
vn 0.5627 0.7309 0.3862
vn 0.4784 0.8243 0.3027
vn 0.0646 0.2702 0.9606
vn 0.4726 0.7850 0.4005
vn 0.8450 0.5151 0.1434
vn 0.7168 0.5443 0.4358
vn 0.4643 0.5987 0.6527
vn 0.9161 -0.3551 0.1861
vn -0.0137 0.2903 0.9568
vn 0.4964 -0.8526 0.1630
vn -0.0486 0.0467 0.9977
vn -0.2972 -0.2692 0.9161
vn -0.3889 -0.7048 0.5934
vn 0.5422 0.8395 0.0350
vn 0.6400 -0.5783 -0.5060
vn 0.5037 -0.7253 -0.4692
vn 0.9556 0.1180 -0.2699
vn -0.2674 0.3081 0.9130
vn 0.7138 -0.6961 -0.0770
vn 0.6291 -0.7700 -0.1065
vn 0.7337 -0.4177 0.5360
vn 0.6467 -0.6569 0.3877
vn 0.4255 -0.0365 0.9042
vn 0.3728 -0.2382 0.8968
vn 0.0859 0.3675 0.9260
vn 0.0036 0.1714 0.9852
vn -0.1144 0.7039 0.7010
vn -0.2381 0.4493 0.8611
vn 0.8857 0.1411 0.4424
vn 0.9609 -0.2768 0.0011
vn 0.5911 0.3455 0.7289
vn 0.2799 0.8917 0.3557
vn 0.7263 0.6491 0.2262
vn 0.3719 0.6550 0.6578
vn -0.1189 0.2420 0.9630
vn 0.0492 0.4919 0.8693
vn 0.4522 0.7801 0.4325
vn 0.5477 0.8339 0.0679
vn 0.6132 0.7886 -0.0464
vn 0.6430 0.5154 -0.5665
vn 0.8354 0.4688 -0.2868
vn 0.3095 -0.0400 -0.9500
vn 0.5374 -0.7668 -0.3510
vn 0.8522 -0.3508 -0.3882
vn 0.1604 -0.2779 -0.9471
vn 0.5240 -0.3608 -0.7715
vn 0.4097 -0.5460 -0.7307
vn 0.6805 -0.5920 -0.4318
vn 0.6434 -0.7066 -0.2947
vn 0.7958 -0.5806 0.1721
vn 0.7003 -0.6866 0.1956
vn 0.6165 -0.3283 0.7156
vn 0.5454 -0.4988 0.6736
vn 0.3101 0.0396 0.9499
vn 0.2223 -0.1677 0.9605
vn 0.9825 -0.0109 0.1860
vn 0.9234 -0.2377 -0.3015
vn 0.7958 0.0912 0.5986
vn 0.8191 0.5633 0.1080
vn 0.5864 0.4457 0.6764
vn 0.8493 0.2099 -0.4844
vn 0.8288 0.5371 0.1568
vn 0.9942 -0.1072 0.0035
vn 0.7086 -0.7053 0.0228
vn 0.5765 -0.8167 0.0264
vn 0.6183 0.7856 -0.0254
vn 0.5855 0.8102 -0.0261
vn 0.7249 0.6885 -0.0222
vn -0.5115 0.8588 -0.0277
vn -0.4657 0.7707 0.4349
vn -0.4992 0.8661 -0.0279
vn -0.5712 0.8204 -0.0265
vn -0.5297 0.7196 0.4490
vn -0.2157 0.2771 0.9363
vn -0.1755 0.1123 0.9781
vn -0.1082 0.0480 0.9930
vn 0.3321 -0.8172 0.4711
vn 0.2822 -0.9019 0.3269
vn 0.3528 -0.8051 0.4767
vn -0.2582 0.7755 0.5762
vn -0.0566 0.5376 0.8413
vn -0.1727 0.2076 0.9628
vn -0.3612 0.7101 0.6044
vn -0.5627 0.7309 0.3862
vn -0.4783 0.8243 0.3027
vn -0.0646 0.2702 0.9606
vn -0.4726 0.7850 0.4004
vn -0.7168 0.5443 0.4358
vn -0.8450 0.5152 0.1434
vn -0.4643 0.5987 0.6527
vn -0.9161 -0.3551 0.1861
vn 0.0137 0.2903 0.9568
vn -0.4964 -0.8526 0.1630
vn 0.0486 0.0467 0.9977
vn 0.3661 -0.3489 0.8627
vn 0.3888 -0.7048 0.5934
vn -0.5422 0.8395 0.0350
vn -0.6400 -0.5783 -0.5060
vn -0.5037 -0.7253 -0.4692
vn -0.9556 0.1180 -0.2699
vn 0.2673 0.3081 0.9130
vn -0.6291 -0.7700 -0.1065
vn -0.7138 -0.6961 -0.0770
vn -0.6467 -0.6569 0.3877
vn -0.7337 -0.4177 0.5360
vn -0.3728 -0.2382 0.8968
vn -0.4255 -0.0365 0.9042
vn -0.0036 0.1714 0.9852
vn -0.0859 0.3675 0.9260
vn 0.2381 0.4492 0.8611
vn 0.1144 0.7039 0.7010
vn -0.9609 -0.2768 0.0011
vn -0.8857 0.1411 0.4424
vn -0.5911 0.3455 0.7289
vn -0.2799 0.8917 0.3557
vn -0.7263 0.6491 0.2262
vn -0.3719 0.6550 0.6578
vn -0.0492 0.4919 0.8693
vn 0.1189 0.2420 0.9630
vn -0.4522 0.7801 0.4325
vn -0.5477 0.8339 0.0679
vn -0.6132 0.7886 -0.0464
vn -0.8355 0.4688 -0.2868
vn -0.6430 0.5154 -0.5665
vn -0.8522 -0.3508 -0.3882
vn -0.5374 -0.7668 -0.3510
vn -0.3095 -0.0400 -0.9500
vn -0.1604 -0.2779 -0.9471
vn -0.4097 -0.5461 -0.7307
vn -0.5240 -0.3608 -0.7715
vn -0.6434 -0.7066 -0.2947
vn -0.6805 -0.5920 -0.4318
vn -0.7003 -0.6866 0.1956
vn -0.7958 -0.5806 0.1721
vn -0.5454 -0.4988 0.6736
vn -0.6165 -0.3283 0.7156
vn -0.2223 -0.1677 0.9605
vn -0.3101 0.0395 0.9499
vn -0.9234 -0.2377 -0.3015
vn -0.9825 -0.0109 0.1861
vn -0.7958 0.0912 0.5986
vn -0.8191 0.5633 0.1080
vn -0.5864 0.4457 0.6764
vn -0.8493 0.2099 -0.4844
vn -0.8288 0.5371 0.1568
vn -0.9942 -0.1072 0.0035
vn -0.7086 -0.7053 0.0228
vn -0.5765 -0.8167 0.0264
vn -0.6183 0.7856 -0.0254
vn -0.5855 0.8102 -0.0261
vn -0.7249 0.6885 -0.0222
vn -0.3780 -0.9253 0.0299
vn -0.2785 -0.8078 0.5195
vn -0.4117 -0.9108 0.0294
vn -0.2585 -0.9655 0.0312
vn -0.2373 -0.9662 0.1003
vn -0.1850 -0.9176 0.3517
vn -0.1833 -0.9826 0.0317
vn -0.4437 -0.7898 0.4235
vn -0.2196 -0.9756 -0.0049
vn 0.0002 -0.9995 0.0323
vn -0.1202 -0.9839 -0.1319
vn 0.0876 -0.9956 0.0321
vn -0.3888 -0.7048 0.5933
vn -0.4736 -0.6602 0.5830
vn -0.4263 -0.4196 0.8014
vn -0.3921 -0.8886 0.2379
vn -0.5450 -0.6950 0.4691
vn -0.3650 -0.9074 0.2086
vn -0.2794 -0.9276 0.2481
vn -0.2453 -0.9660 0.0821
vn -0.0349 -0.9978 0.0561
vn -0.3301 -0.9435 0.0304
vn -0.1413 -0.9607 -0.2390
vn 0.0722 -0.9445 -0.3205
vn -0.4488 -0.8920 0.0548
vn -0.5677 -0.7169 0.4047
vn -0.5874 -0.3560 0.7268
vn -0.0857 -0.7063 0.7027
vn -0.0929 -0.9534 0.2871
vn 0.1208 -0.9570 0.2638
vn -0.2580 -0.8501 0.4591
vn -0.0002 -0.9992 -0.0393
vn 0.1911 -0.9795 -0.0633
vn -0.3666 -0.9286 0.0578
vn -0.4528 -0.7561 0.4724
vn -0.6342 -0.3542 0.6873
vn -0.4391 -0.4779 0.7608
vn -0.4893 -0.7301 0.4769
vn -0.4939 -0.4896 0.7185
vn -0.3401 -0.6054 0.7196
vn -0.4721 -0.8804 0.0453
vn -0.4283 -0.8285 -0.3607
vn -0.2962 -0.7077 -0.6415
vn 0.1012 -0.8754 0.4727
vn -0.0470 -0.9859 0.1606
vn 0.1520 -0.9854 0.0766
vn -0.1550 -0.8947 0.4189
vn -0.0351 -0.9811 -0.1900
vn 0.1652 -0.9487 -0.2695
vn -0.3849 -0.9226 0.0259
vn -0.2347 -0.9088 -0.3450
vn -0.3944 -0.8403 0.3720
vn -0.0161 -0.8607 -0.5089
vn -0.2194 -0.6481 0.7293
vn -0.4442 -0.8955 0.0289
vn -0.4620 -0.8864 0.0286
vn 0.3780 -0.9253 0.0299
vn 0.2823 -0.9019 0.3269
vn 0.4117 -0.9108 0.0294
vn 0.2373 -0.9662 0.1003
vn 0.1833 -0.9826 0.0317
vn 0.2585 -0.9655 0.0312
vn 0.1850 -0.9176 0.3517
vn 0.4437 -0.7898 0.4235
vn 0.2196 -0.9756 -0.0049
vn -0.0002 -0.9995 0.0322
vn -0.0876 -0.9956 0.0321
vn 0.1202 -0.9839 -0.1319
vn 0.4736 -0.6602 0.5830
vn 0.3888 -0.7048 0.5933
vn 0.3921 -0.8886 0.2379
vn 0.5450 -0.6950 0.4691
vn 0.3650 -0.9074 0.2086
vn 0.0349 -0.9978 0.0561
vn 0.2453 -0.9660 0.0821
vn 0.2794 -0.9276 0.2481
vn 0.3301 -0.9435 0.0304
vn 0.1413 -0.9607 -0.2390
vn -0.0722 -0.9445 -0.3205
vn 0.5677 -0.7169 0.4047
vn 0.4488 -0.8920 0.0549
vn 0.5873 -0.3561 0.7268
vn -0.1208 -0.9570 0.2638
vn 0.0929 -0.9534 0.2872
vn 0.0857 -0.7063 0.7027
vn 0.2580 -0.8501 0.4591
vn 0.0002 -0.9992 -0.0393
vn -0.1911 -0.9795 -0.0633
vn 0.3666 -0.9286 0.0578
vn 0.4528 -0.7561 0.4724
vn 0.6342 -0.3542 0.6873
vn 0.4391 -0.4779 0.7608
vn 0.4939 -0.4896 0.7185
vn 0.4893 -0.7301 0.4769
vn 0.3401 -0.6054 0.7196
vn 0.4721 -0.8804 0.0453
vn 0.4283 -0.8285 -0.3607
vn 0.2962 -0.7077 -0.6415
vn -0.1520 -0.9854 0.0766
vn 0.0470 -0.9859 0.1606
vn -0.1012 -0.8754 0.4727
vn 0.1550 -0.8947 0.4189
vn 0.0351 -0.9811 -0.1900
vn -0.1652 -0.9487 -0.2695
vn 0.3849 -0.9226 0.0259
vn 0.2346 -0.9088 -0.3450
vn 0.3944 -0.8403 0.3720
vn 0.0161 -0.8607 -0.5089
vn 0.2194 -0.6481 0.7293
vn 0.4442 -0.8955 0.0289
vn 0.4619 -0.8865 0.0286
vn 0.1231 -0.2795 0.9522
vn 0.1297 -0.5086 0.8512
vn 0.8247 -0.0415 0.5641
vn 0.7540 0.2849 0.5919
vn 0.9916 0.1200 0.0480
vn 0.8625 0.5036 0.0503
vn -0.5171 -0.8514 0.0882
vn -0.6489 -0.7590 0.0535
vn -0.5310 -0.6453 0.5492
vn -0.4979 -0.6155 0.6109
vn -0.8961 -0.4434 0.0205
vn -0.6386 -0.4914 0.5922
vn 0.7807 -0.2441 0.5753
vn 0.9905 -0.1358 0.0205
vn 0.0759 -0.5236 0.8486
vn -0.1102 -0.9887 0.1020
vn 0.0175 -0.8609 0.5084
vn 0.8294 0.0621 0.5551
vn 0.9602 0.2722 0.0626
vn 0.4597 -0.3241 0.8269
vn -0.0000 -0.3959 0.9183
vn 0.6083 -0.2607 0.7497
vn -0.0643 -0.3505 0.9344
vn 0.6701 -0.2864 0.6848
vn -0.7233 -0.2313 0.6506
vn -0.6083 -0.2607 0.7497
vn -0.9909 -0.1338 0.0173
vn -0.9881 -0.1514 0.0264
vn 0.9772 -0.1756 0.1195
vn 0.9881 -0.1514 0.0263
vn 0.0070 -0.3377 0.9412
vn -0.0155 -0.4418 0.8970
vn 0.6923 -0.3525 0.6297
vn 0.7398 -0.2213 0.6354
vn -0.6751 -0.3032 0.6725
vn -0.7135 -0.2843 0.6403
vn -0.9813 -0.1914 0.0204
vn -0.8757 -0.2273 0.4259
vn 0.9672 -0.2540 0.0076
vn 0.9625 -0.2703 0.0221
vn -0.8856 -0.1964 0.4209
vn -0.7434 -0.1861 0.6424
vn 0.0388 -0.2440 0.9690
vn 0.7711 -0.2108 0.6008
vn 0.9715 -0.2369 0.0054
vn 0.6572 0.1187 0.7443
vn 0.9975 -0.0633 0.0305
vn -0.6572 0.1187 0.7443
vn -0.9912 -0.0855 0.1015
vn -0.0000 0.1281 0.9918
vn -0.7540 0.2849 0.5919
vn -0.8247 -0.0415 0.5641
vn -0.1231 -0.2795 0.9522
vn -0.1297 -0.5086 0.8512
vn -0.8625 0.5036 0.0503
vn -0.9916 0.1200 0.0480
vn 0.5310 -0.6453 0.5492
vn 0.5171 -0.8514 0.0882
vn 0.4979 -0.6155 0.6109
vn 0.6489 -0.7590 0.0535
vn 0.6386 -0.4914 0.5922
vn 0.8961 -0.4434 0.0205
vn -0.9905 -0.1358 0.0205
vn -0.7807 -0.2441 0.5753
vn -0.0759 -0.5236 0.8486
vn -0.0175 -0.8609 0.5084
vn 0.1103 -0.9887 0.1020
vn -0.8294 0.0621 0.5551
vn -0.9602 0.2723 0.0626
vn -0.4597 -0.3241 0.8269
vn 0.0643 -0.3505 0.9344
vn -0.6701 -0.2864 0.6848
vn 0.7233 -0.2313 0.6506
vn 0.9881 -0.1514 0.0264
vn 0.9909 -0.1338 0.0173
vn -0.9772 -0.1756 0.1195
vn -0.9881 -0.1514 0.0263
vn -0.6923 -0.3525 0.6297
vn 0.0155 -0.4418 0.8970
vn -0.0070 -0.3377 0.9412
vn -0.7398 -0.2213 0.6354
vn 0.7135 -0.2843 0.6403
vn 0.6751 -0.3032 0.6725
vn 0.9724 -0.2329 0.0136
vn 0.9813 -0.1914 0.0204
vn -0.9625 -0.2703 0.0221
vn -0.9672 -0.2540 0.0076
vn 0.7434 -0.1861 0.6424
vn 0.9732 -0.2298 0.0096
vn -0.0388 -0.2440 0.9690
vn -0.7711 -0.2108 0.6008
vn -0.9715 -0.2369 0.0054
vn -0.9975 -0.0633 0.0305
vn 0.9912 -0.0855 0.1015
vn -0.5948 0.8038 -0.0103
vn -0.9525 0.3016 0.0412
vn -0.6098 0.7874 -0.0900
vn -0.9017 0.4118 -0.1316
vn -0.3921 0.9171 0.0712
vn -0.2962 0.9550 0.0143
vn -0.9399 0.3379 0.0484
vn -0.3260 0.9413 0.0878
vn -0.1201 0.9639 0.2376
vn -0.3271 0.9278 0.1795
vn -0.6000 0.7967 0.0728
vn -0.1708 0.7742 0.6094
vn -0.9840 0.1546 -0.0889
vn -0.1293 -0.6902 0.7120
vn -0.8795 -0.4758 -0.0129
vn -0.8810 -0.4701 -0.0539
vn -0.5155 -0.8550 0.0562
vn -0.1057 0.9936 0.0385
vn 0.6362 0.4275 0.6422
vn 0.6545 -0.4338 0.6192
vn 0.2865 0.8706 0.4000
vn -0.9617 -0.1239 -0.2445
vn 0.1047 0.5717 0.8137
vn 0.2148 -0.3043 0.9280
vn -0.5625 0.5296 0.6350
vn -0.5733 -0.2962 0.7639
vn -0.8735 0.4183 0.2491
vn -0.9298 -0.2469 0.2728
vn -0.9470 0.3163 -0.0564
vn -0.9947 0.0942 -0.0411
vn -0.8680 0.3731 -0.3276
vn -0.9579 0.0062 -0.2869
vn -0.4045 0.8099 0.4248
vn 0.0215 0.8600 0.5099
vn -0.6359 0.7458 0.1983
vn -0.4151 0.8966 -0.1543
vn -0.1645 0.9653 0.2027
vn -0.5739 0.8188 0.0174
vn -0.8634 -0.4877 -0.1293
vn -0.9220 0.3683 -0.1198
vn -0.4491 0.8934 -0.0098
vn -0.0823 0.9957 0.0432
vn -0.0297 0.9956 0.0894
vn 0.4525 0.8772 0.1605
vn 0.1232 0.9458 0.3006
vn 0.9279 0.3312 0.1712
vn 0.7642 -0.5605 0.3190
vn 0.5555 0.6188 0.5554
vn 0.7643 -0.5605 0.3190
vn 0.8231 0.3873 0.4155
vn 0.8389 -0.3529 0.4145
vn 0.5535 0.4753 0.6839
vn 0.5397 -0.2157 0.8138
vn -0.2223 0.6356 0.7393
vn -0.2655 -0.2609 0.9281
vn -0.8017 0.4083 0.4365
vn -0.8311 -0.1807 0.5260
vn -0.9250 0.3421 0.1655
vn -0.9220 -0.3588 0.1456
vn -0.1449 0.8825 0.4475
vn 0.2427 0.8328 0.4975
vn -0.4997 0.7793 0.3783
vn -0.0475 0.9680 0.2463
vn -0.5259 0.8355 0.1595
vn 0.4549 0.8336 0.3134
vn -0.1324 0.9648 0.2270
vn -0.0000 0.5040 0.8637
vn -0.0000 0.9021 0.4315
vn -0.0000 -0.4426 0.8967
vn -0.0000 0.9971 0.0763
vn -0.0000 0.9892 0.1465
vn -0.0000 0.9858 0.1680
vn 0.9017 0.4118 -0.1316
vn 0.9525 0.3016 0.0412
vn 0.6098 0.7874 -0.0900
vn 0.5948 0.8038 -0.0103
vn 0.3921 0.9171 0.0712
vn 0.2962 0.9550 0.0143
vn 0.9399 0.3379 0.0484
vn 0.3260 0.9413 0.0878
vn 0.3271 0.9278 0.1795
vn 0.1201 0.9639 0.2376
vn 0.6000 0.7967 0.0728
vn 0.1708 0.7742 0.6094
vn 0.9840 0.1546 -0.0889
vn 0.1292 -0.6902 0.7120
vn 0.8795 -0.4758 -0.0129
vn 0.8147 -0.5767 -0.0611
vn 0.5155 -0.8550 0.0562
vn 0.1057 0.9936 0.0385
vn -0.6362 0.4275 0.6422
vn -0.2594 -0.8503 0.4580
vn -0.2865 0.8706 0.4000
vn 0.8210 -0.5252 -0.2238
vn -0.2149 -0.3043 0.9280
vn -0.1047 0.5717 0.8137
vn 0.5733 -0.2962 0.7639
vn 0.5625 0.5296 0.6350
vn 0.9298 -0.2469 0.2728
vn 0.8735 0.4183 0.2491
vn 0.9089 -0.4108 -0.0711
vn 0.9470 0.3163 -0.0564
vn 0.8200 -0.5075 -0.2646
vn 0.8680 0.3731 -0.3276
vn 0.4045 0.8099 0.4248
vn -0.0215 0.8600 0.5099
vn 0.6359 0.7458 0.1983
vn 0.4151 0.8966 -0.1543
vn 0.1645 0.9653 0.2027
vn 0.5739 0.8188 0.0174
vn 0.9220 0.3683 -0.1198
vn 0.8634 -0.4877 -0.1293
vn 0.4491 0.8934 -0.0098
vn 0.0823 0.9957 0.0432
vn 0.0297 0.9956 0.0894
vn -0.1232 0.9458 0.3006
vn -0.4525 0.8772 0.1605
vn -0.5555 0.6187 0.5554
vn -0.7529 -0.5666 0.3348
vn -0.9279 0.3311 0.1712
vn -0.8388 -0.3529 0.4145
vn -0.8231 0.3873 0.4155
vn -0.5396 -0.2157 0.8138
vn -0.5535 0.4753 0.6839
vn 0.2656 -0.2609 0.9281
vn 0.2223 0.6356 0.7393
vn 0.8311 -0.1807 0.5260
vn 0.8017 0.4083 0.4365
vn 0.9220 -0.3588 0.1456
vn 0.9250 0.3421 0.1655
vn -0.2427 0.8328 0.4975
vn 0.1448 0.8825 0.4475
vn 0.4997 0.7793 0.3783
vn 0.0475 0.9680 0.2463
vn 0.5258 0.8355 0.1595
vn -0.4549 0.8336 0.3134
vn 0.1324 0.9649 0.2270
vn 0.9858 -0.1586 0.0557
vn 0.3989 -0.9167 -0.0229
vn 0.9837 -0.1757 0.0375
vn 0.4521 -0.8810 -0.1392
vn -0.9858 -0.1586 0.0557
vn -0.3989 -0.9167 -0.0229
vn -0.9837 -0.1757 0.0375
vn -0.4521 -0.8810 -0.1392
vn 0.5896 0.7628 0.2654
vn 0.6312 0.5680 0.5282
vn -0.5896 0.7628 0.2654
vn -0.6312 0.5680 0.5282
vn -0.0000 0.9277 0.3734
vn -0.0000 0.6571 0.7538
vn 0.9975 -0.0633 0.0306
vn 0.6572 0.1188 0.7443
vn -0.6572 0.1188 0.7443
vn -0.9912 -0.0855 0.1014
vn -0.0000 0.1282 0.9917
vn 0.2432 0.0028 0.9700
vn 0.9985 -0.0449 -0.0315
vn -0.6949 0.1477 0.7038
vn 0.9298 -0.2470 0.2728
vn 0.9910 0.0032 -0.1338
vn -0.5555 0.6187 0.5555
vn -0.5868 -0.6224 0.5179
vn -0.9279 0.3312 0.1712
vn -0.8791 -0.4638 0.1099
vn -0.8230 0.3873 0.4156
vn 0.1449 0.8825 0.4475
vn 0.5259 0.8355 0.1595
vn 0.1324 0.9648 0.2270
vn -0.8147 -0.5767 -0.0611
vn -0.8210 -0.5252 -0.2238
vn -0.5733 -0.2961 0.7640
vn -0.9089 -0.4108 -0.0711
vn -0.8200 -0.5075 -0.2647
vn 0.5868 -0.6224 0.5179
vn 0.5556 0.6187 0.5555
vn 0.8791 -0.4638 0.1099
vn 0.8230 0.3873 0.4155
vn 0.8388 -0.3529 0.4145
vn -0.1448 0.8825 0.4475
vn -0.9837 -0.1756 0.0375
vn -0.9975 -0.0633 0.0306
vn 0.9912 -0.0855 0.1014
vn -0.3627 -0.9089 0.2059
vn -0.0000 -0.9862 0.1656
vn -0.0762 -0.9802 0.1826
vn -0.0000 -0.9726 0.2324
vn -0.3648 -0.9311 -0.0001
vn -0.0208 -0.9688 0.2470
vn -0.0000 -0.9359 0.3524
vn -0.0000 -0.4427 0.8967
vn -0.7434 -0.6656 -0.0666
vn -0.5155 -0.8551 0.0562
vn -0.5446 -0.8385 -0.0206
vn -0.2457 -0.9642 0.0998
vn -0.3850 -0.9200 -0.0735
vn -0.1419 -0.9880 0.0613
vn -0.0904 -0.9809 0.1722
vn -0.2141 -0.9676 0.1339
vn -0.1292 -0.6902 0.7120
vn -0.0000 -0.9941 0.1082
vn 0.3500 -0.8858 0.3048
vn -0.3246 -0.9426 -0.0783
vn -0.0242 -0.9994 0.0228
vn -0.6123 -0.7697 -0.1804
vn -0.9298 -0.2471 0.2728
vn -0.3170 -0.8990 0.3021
vn -0.5733 -0.2963 0.7639
vn -0.4495 -0.8842 0.1271
vn 0.0492 -0.9115 0.4083
vn 0.2148 -0.3045 0.9280
vn -0.0275 -0.9964 0.0807
vn -0.4064 -0.9136 -0.0139
vn -0.5682 -0.7982 -0.2000
vn -0.6735 -0.7347 -0.0817
vn -0.4025 -0.9146 -0.0389
vn -0.8633 -0.4878 -0.1293
vn -0.8794 -0.4759 -0.0129
vn -0.0155 -0.9999 0.0071
vn 0.3588 -0.9334 0.0115
vn -0.4556 -0.8515 0.2595
vn -0.0877 -0.9463 0.3112
vn -0.8310 -0.1809 0.5260
vn 0.2921 -0.8823 0.3691
vn 0.5396 -0.2158 0.8138
vn 0.0038 -0.9977 0.0674
vn 0.4009 -0.9028 0.1555
vn -0.3277 -0.9439 0.0400
vn 0.8388 -0.3531 0.4144
vn -0.9220 -0.3589 0.1456
vn -0.0000 -0.9977 0.0678
vn -0.0000 -0.9995 0.0317
vn 0.0762 -0.9802 0.1826
vn 0.3627 -0.9089 0.2059
vn 0.3648 -0.9311 -0.0001
vn 0.0208 -0.9688 0.2470
vn 0.5446 -0.8385 -0.0206
vn 0.5155 -0.8551 0.0562
vn 0.8146 -0.5767 -0.0611
vn 0.2457 -0.9642 0.0998
vn 0.3850 -0.9200 -0.0735
vn 0.1419 -0.9880 0.0613
vn 0.0904 -0.9809 0.1722
vn 0.2141 -0.9676 0.1339
vn -0.3500 -0.8858 0.3048
vn -0.2594 -0.8503 0.4579
vn 0.0242 -0.9994 0.0228
vn 0.3246 -0.9426 -0.0783
vn 0.8210 -0.5253 -0.2237
vn 0.5733 -0.2963 0.7639
vn 0.3170 -0.8990 0.3021
vn 0.9298 -0.2471 0.2728
vn 0.4495 -0.8842 0.1271
vn -0.0492 -0.9115 0.4083
vn -0.2149 -0.3045 0.9280
vn 0.0275 -0.9964 0.0807
vn 0.8200 -0.5076 -0.2646
vn 0.9089 -0.4110 -0.0711
vn 0.8633 -0.4878 -0.1293
vn 0.4025 -0.9146 -0.0389
vn 0.8794 -0.4759 -0.0129
vn 0.0155 -0.9999 0.0071
vn -0.3588 -0.9334 0.0115
vn 0.2655 -0.2609 0.9281
vn 0.4556 -0.8515 0.2595
vn 0.8311 -0.1809 0.5260
vn 0.0877 -0.9463 0.3112
vn -0.2921 -0.8823 0.3691
vn -0.5396 -0.2158 0.8138
vn -0.4009 -0.9028 0.1555
vn -0.0038 -0.9977 0.0674
vn 0.3277 -0.9439 0.0400
vn -0.8388 -0.3531 0.4145
vn 0.9220 -0.3589 0.1456
vn -0.0000 -0.9995 -0.0310
vn -0.0000 -0.9697 -0.2443
vn 0.0762 -0.9802 0.1825
vn 0.0317 -0.9210 0.3883
vn -0.4823 -0.7677 0.4220
vn 0.4064 -0.9136 -0.0139
vn 0.6203 -0.7775 -0.1040
vn 0.6662 -0.7458 0.0034
vn -0.8791 -0.4639 0.1098
vn -0.8146 -0.5767 -0.0611
vn -0.8210 -0.5253 -0.2238
vn 0.0491 -0.9115 0.4083
vn -0.4063 -0.9136 -0.0139
vn -0.8200 -0.5076 -0.2646
vn -0.9089 -0.4110 -0.0711
vn 0.8790 -0.4639 0.1099
vn 0.5397 -0.2158 0.8138
vn 0.9332 0.0425 0.3568
vn 0.8186 -0.2685 0.5077
vn 0.9711 -0.2263 0.0764
vn 0.9940 0.0884 0.0638
vn 0.6621 0.3401 0.6678
vn 0.5836 -0.4000 0.7067
vn 0.6302 0.2698 0.7280
vn 0.7745 0.2545 0.5792
vn 0.9096 0.2169 0.3545
vn 0.8004 0.0820 0.5939
vn 0.1769 -0.8239 0.5384
vn 0.3524 -0.8408 0.4110
vn 0.5975 0.0925 0.7965
vn 0.5140 -0.1764 0.8394
vn 0.2712 0.0975 0.9576
vn 0.2770 -0.2544 0.9266
vn -0.0000 0.0758 0.9971
vn -0.0000 -0.2476 0.9689
vn 0.5093 -0.5652 0.6490
vn 0.8295 0.0620 0.5551
vn 0.4597 -0.3241 0.8268
vn -0.1103 -0.9887 0.1020
vn 0.2354 -0.5823 0.7782
vn -0.0000 -0.6316 0.7753
vn -0.0000 -0.8825 0.4703
vn 0.9602 0.2721 0.0626
vn 0.5474 -0.6035 0.5797
vn 0.4951 0.1058 0.8623
vn 0.6147 0.1851 0.7667
vn 0.8156 -0.0424 0.5771
vn 0.6288 0.5903 0.5060
vn 0.9112 0.2911 0.2913
vn 0.8182 0.5685 0.0851
vn 0.7955 0.5963 -0.1083
vn 0.6552 0.2401 0.7163
vn 0.4459 0.3846 0.8083
vn 0.4461 0.4335 0.7829
vn 0.9738 -0.2088 0.0901
vn 0.6702 0.7383 0.0752
vn 0.2962 0.0688 0.9526
vn 0.2525 0.4431 0.8602
vn 0.2193 0.4745 0.8525
vn -0.0000 0.1427 0.9898
vn -0.0000 0.4837 0.8752
vn -0.0000 0.4770 0.8789
vn -0.0000 0.3588 0.9334
vn 0.2965 0.3747 0.8784
vn 0.5119 0.3395 0.7891
vn 0.9795 0.1646 0.1158
vn 0.2834 -0.7674 0.5751
vn -0.0000 -0.7865 0.6176
vn -0.9711 -0.2263 0.0764
vn -0.8186 -0.2686 0.5078
vn -0.9332 0.0425 0.3568
vn -0.9940 0.0884 0.0638
vn -0.6302 0.2698 0.7280
vn -0.8524 -0.0068 0.5228
vn -0.6621 0.3401 0.6678
vn -0.9096 0.2169 0.3545
vn -0.7745 0.2545 0.5792
vn -0.8004 0.0820 0.5939
vn -0.3524 -0.8408 0.4110
vn -0.1769 -0.8239 0.5384
vn -0.5140 -0.1764 0.8394
vn -0.5975 0.0925 0.7965
vn -0.2770 -0.2544 0.9266
vn -0.2712 0.0975 0.9576
vn -0.5093 -0.5652 0.6490
vn -0.8295 0.0620 0.5551
vn -0.4597 -0.3241 0.8268
vn 0.1103 -0.9886 0.1020
vn -0.2354 -0.5823 0.7782
vn -0.9602 0.2721 0.0626
vn -0.6147 0.1851 0.7667
vn -0.4951 0.1057 0.8624
vn -0.5474 -0.6035 0.5797
vn -0.8156 -0.0424 0.5771
vn -0.6288 0.5903 0.5060
vn -0.7955 0.5963 -0.1083
vn -0.8182 0.5685 0.0851
vn -0.9112 0.2911 0.2913
vn -0.4710 0.2355 0.8501
vn -0.4103 -0.5460 0.7304
vn -0.4459 0.3844 0.8083
vn -0.4461 0.4336 0.7830
vn -0.1504 -0.9852 0.0819
vn -0.9738 -0.2088 0.0901
vn -0.6702 0.7383 0.0752
vn -0.2525 0.4431 0.8602
vn -0.2962 0.0688 0.9526
vn -0.2193 0.4745 0.8525
vn -0.2965 0.3747 0.8784
vn -0.5119 0.3395 0.7891
vn -0.9795 0.1646 0.1158
vn -0.2834 -0.7674 0.5751
vn 0.6672 -0.6570 0.3510
vn 0.5474 -0.6036 0.5797
vn 0.8156 -0.0425 0.5771
vn 0.8761 -0.1871 0.4444
vn 0.6539 -0.7436 0.1394
vn 0.8300 -0.4883 0.2695
vn 0.4987 -0.8394 0.2163
vn -0.0000 -0.9456 0.3254
vn -0.0000 -0.7866 0.6175
vn 0.0992 -0.9494 0.2981
vn 0.3051 -0.9231 0.2341
vn 0.1905 -0.9459 0.2625
vn 0.9112 0.2912 0.2914
vn 0.9501 0.2074 0.2328
vn 0.7954 0.5963 -0.1083
vn 0.8119 0.5814 -0.0526
vn 0.6957 0.6994 -0.1638
vn 0.6510 0.7436 -0.1525
vn 0.4556 0.8733 -0.1728
vn 0.4723 0.8758 -0.0993
vn 0.4327 0.8794 -0.1987
vn 0.5924 0.7842 -0.1845
vn 0.9364 0.3426 0.0762
vn 0.6659 0.7453 -0.0328
vn 0.7500 0.4492 -0.4856
vn 0.6277 0.5759 -0.5238
vn 0.2835 0.9486 -0.1410
vn 0.2731 0.9478 -0.1649
vn 0.1563 0.9818 -0.1080
vn 0.1457 0.9729 -0.1798
vn 0.2566 0.9409 -0.2212
vn 0.1339 0.9581 -0.2534
vn 0.1077 0.9909 -0.0808
vn -0.0000 0.9935 -0.1138
vn -0.0000 0.9980 -0.0636
vn -0.0000 0.9787 -0.2054
vn -0.0000 0.9601 -0.2795
vn 0.1019 0.9947 -0.0123
vn -0.0000 0.9995 0.0308
vn 0.1884 0.9797 -0.0689
vn 0.6440 0.7333 -0.2180
vn 0.9115 0.4063 -0.0642
vn 0.9363 0.3500 -0.0297
vn 0.8592 0.4927 0.1381
vn 0.6591 0.7423 0.1208
vn 0.8688 0.3962 0.2968
vn 0.7211 0.6706 0.1740
vn 0.7687 0.4908 0.4101
vn 0.8218 0.3426 0.4553
vn 0.7360 0.6089 0.2958
vn -0.0000 0.6785 0.7346
vn -0.0000 0.8286 0.5598
vn 0.2383 0.6427 0.7281
vn 0.2808 0.7966 0.5354
vn 0.2585 -0.7498 0.6091
vn -0.0000 -0.9163 0.4005
vn 0.1932 -0.9054 0.3780
vn -0.0000 -0.7632 0.6461
vn 0.1907 -0.8939 0.4058
vn -0.0000 -0.9256 0.3784
vn 0.1640 -0.8856 0.4346
vn -0.0000 -0.9357 0.3528
vn 0.0973 -0.1976 0.9754
vn -0.0000 -0.1229 0.9924
vn 0.2508 -0.2663 0.9307
vn -0.0000 -0.3316 0.9434
vn -0.0000 -0.9506 0.3106
vn -0.0000 -0.9761 0.2173
vn 0.0996 -0.9354 0.3393
vn 0.0824 -0.9748 0.2071
vn -0.0000 -0.9928 0.1200
vn 0.0715 -0.9910 0.1135
vn -0.0000 -0.9894 0.1454
vn 0.0725 -0.9819 0.1749
vn -0.0000 0.6824 0.7310
vn 0.1401 0.5821 0.8009
vn -0.0000 0.9263 0.3768
vn 0.2988 0.8801 0.3691
vn 0.1017 0.9914 0.0819
vn -0.0000 0.9961 0.0885
vn -0.0000 0.9354 0.3535
vn 0.0748 0.9323 0.3538
vn -0.0000 0.9801 0.1987
vn 0.0901 0.9818 0.1671
vn -0.0000 0.8412 0.5407
vn 0.0834 0.7985 0.5962
vn -0.0000 0.9836 0.1803
vn 0.2653 0.9401 0.2140
vn -0.2903 -0.3764 0.8798
vn -0.0000 0.9785 0.2064
vn 0.2802 0.9437 0.1758
vn 0.4442 0.8933 0.0688
vn 0.2827 0.8050 0.5215
vn 0.4667 0.7409 0.4830
vn 0.3127 0.9472 0.0712
vn -0.4429 -0.0983 0.8912
vn 0.1857 -0.4371 0.8801
vn 0.2025 -0.8695 0.4504
vn 0.1065 -0.9517 0.2881
vn 0.5542 -0.1854 0.8115
vn 0.5011 -0.4663 0.7290
vn 0.6188 -0.4697 0.6297
vn 0.4734 -0.6989 0.5362
vn 0.7491 0.3580 0.5574
vn 0.5005 0.7285 0.4678
vn 0.6940 0.4494 0.5625
vn 0.6192 0.7313 0.2859
vn 0.7299 0.5008 0.4653
vn 0.4039 0.8921 0.2024
vn 0.4437 0.5137 0.7344
vn 0.6466 0.3915 0.6547
vn 0.6563 0.3403 0.6734
vn 0.7135 0.4216 0.5596
vn 0.8549 0.1596 0.4936
vn 0.7474 0.2215 0.6263
vn 0.4150 0.5090 0.7541
vn 0.4547 0.7296 0.5108
vn 0.4437 0.2290 0.8664
vn 0.5719 0.3043 0.7618
vn -0.2257 0.6107 0.7590
vn 0.1575 0.5789 0.8000
vn 0.2357 0.3836 0.8929
vn 0.3467 0.1903 0.9185
vn 0.4617 0.1033 0.8810
vn 0.2396 0.6203 0.7469
vn 0.3515 0.2013 0.9143
vn 0.3651 0.5653 0.7397
vn 0.3408 -0.1371 0.9301
vn 0.1890 0.5369 0.8222
vn 0.2456 0.6749 0.6958
vn 0.3815 0.5878 0.7134
vn 0.2596 0.5852 0.7682
vn 0.3700 0.4573 0.8087
vn 0.2794 0.6491 0.7076
vn 0.4411 0.5673 0.6954
vn 0.1447 0.2466 0.9582
vn 0.5652 0.4830 0.6688
vn 0.4114 -0.7772 0.4761
vn 0.4785 -0.6626 0.5762
vn 0.3824 -0.6478 0.6589
vn 0.2720 -0.8922 0.3605
vn 0.2438 -0.9445 0.2200
vn 0.3174 -0.8918 0.3226
vn 0.4252 -0.7354 0.5277
vn 0.4001 -0.7694 0.4979
vn 0.4515 -0.7825 0.4287
vn 0.5081 -0.8497 0.1412
vn -0.0603 -0.8930 0.4459
vn 0.0975 -0.9448 0.3128
vn -0.1429 0.5959 0.7902
vn 0.2010 -0.1547 0.9673
vn 0.2544 0.5819 0.7724
vn -0.3453 -0.2788 0.8961
vn -0.1605 -0.7245 0.6704
vn 0.0619 -0.8202 0.5687
vn 0.3694 -0.4098 0.8340
vn 0.5883 -0.2154 0.7794
vn 0.4185 0.4754 0.7738
vn 0.6090 0.3666 0.7033
vn 0.1738 -0.8495 0.4981
vn 0.2856 -0.8366 0.4675
vn 0.5238 0.7489 0.4059
vn 0.2776 0.8381 0.4696
vn 0.0959 0.8813 0.4627
vn 0.8469 0.1680 0.5045
vn 0.7909 -0.2910 0.5383
vn 0.5172 -0.7563 0.4006
vn 0.1874 -0.9157 0.3555
vn 0.1713 -0.9569 0.2347
vn 0.8311 -0.2009 0.5186
vn 0.7272 -0.0591 0.6839
vn 0.6734 -0.5833 0.4542
vn 0.4515 -0.7972 0.4007
vn 0.3267 -0.8373 0.4385
vn 0.3033 -0.9048 0.2988
vn 0.3999 -0.6490 0.6472
vn 0.2492 -0.8200 0.5153
vn 0.5764 -0.0040 0.8172
vn 0.5353 -0.3814 0.7536
vn 0.2887 -0.8029 0.5216
vn 0.3738 -0.6592 0.6524
vn 0.5217 0.1741 0.8352
vn 0.5673 0.1575 0.8083
vn 0.4302 -0.5252 0.7342
vn 0.1513 -0.9807 0.1236
vn 0.9188 -0.2336 0.3182
vn 0.9465 0.0617 0.3166
vn 0.4492 -0.8717 0.1957
vn 0.7363 -0.6361 0.2305
vn 0.2606 -0.9534 0.1521
vn 0.9078 -0.4008 0.1235
vn 0.9861 0.0147 0.1653
vn 0.8481 -0.5200 0.1020
vn 0.9863 -0.1578 0.0479
vn 0.6975 -0.7123 0.0783
vn 0.4610 -0.8813 0.1037
vn 0.2576 -0.9560 0.1407
vn 0.1544 -0.9744 0.1632
vn 0.1639 0.8012 0.5755
vn 0.3753 0.7984 0.4709
vn 0.2539 0.8376 0.4837
vn 0.3527 0.5819 0.7328
vn 0.5139 0.7329 0.4457
vn 0.2825 0.9193 0.2741
vn 0.3610 0.8708 0.3336
vn 0.4463 0.8090 0.3826
vn 0.3148 0.7905 0.5254
vn 0.4296 0.9015 0.0525
vn 0.2898 0.9549 0.0645
vn 0.5508 0.8322 0.0639
vn 0.5291 0.8435 0.0924
vn 0.1424 0.9401 0.3097
vn 0.1723 0.9749 0.1411
vn 0.1986 0.9752 0.0973
vn 0.5950 0.7883 0.1567
vn 0.4240 0.8995 0.1056
vn 0.2667 0.9295 0.2549
vn 0.2650 0.9563 0.1231
vn 0.4661 0.8424 0.2703
vn 0.3453 0.9104 0.2278
vn 0.4406 0.7245 0.5301
vn 0.1530 0.9718 0.1796
vn 0.1859 0.9758 0.1148
vn 0.6109 0.7646 0.2052
vn -0.3168 -0.7156 0.6226
vn 0.2318 -0.9417 0.2440
vn 0.4584 -0.8694 0.1846
vn 0.8540 -0.4612 0.2409
vn 0.9099 0.3782 0.1705
vn 0.4181 0.9020 0.1071
vn 0.6690 -0.6710 0.3198
vn 0.8874 -0.4610 -0.0068
vn 0.9394 -0.2502 0.2346
vn 0.5219 0.8515 0.0509
vn 0.8510 0.3831 0.3592
vn 0.9624 0.2709 -0.0209
vn 0.6063 0.2125 0.7663
vn 0.5137 0.3045 0.8021
vn 0.9904 -0.0610 0.1244
vn 0.5038 0.7128 0.4880
vn -0.1083 0.9774 -0.1817
vn -0.0433 0.9658 -0.2556
vn 0.5760 0.6053 0.5494
vn 0.1162 0.7962 -0.5938
vn -0.0713 0.9838 0.1646
vn 0.2441 0.9633 0.1120
vn 0.2741 0.4104 0.8697
vn 0.2469 0.3070 0.9191
vn 0.3413 0.2595 0.9034
vn 0.2627 0.1677 0.9502
vn -0.1114 0.4508 0.8857
vn 0.0669 0.6526 0.7547
vn 0.3978 0.3490 0.8485
vn 0.3611 0.3085 0.8800
vn 0.2659 0.1557 0.9513
vn -0.8156 -0.0425 0.5771
vn -0.5474 -0.6036 0.5797
vn -0.6672 -0.6570 0.3510
vn -0.8761 -0.1871 0.4444
vn -0.8300 -0.4883 0.2695
vn -0.6539 -0.7436 0.1394
vn -0.4987 -0.8394 0.2163
vn -0.0992 -0.9494 0.2981
vn -0.3051 -0.9231 0.2341
vn -0.1905 -0.9459 0.2625
vn -0.9501 0.2074 0.2328
vn -0.9112 0.2912 0.2914
vn -0.8119 0.5815 -0.0526
vn -0.7954 0.5963 -0.1083
vn -0.4556 0.8733 -0.1728
vn -0.6957 0.6994 -0.1638
vn -0.4723 0.8758 -0.0993
vn -0.6510 0.7436 -0.1525
vn -0.4327 0.8794 -0.1987
vn -0.5924 0.7842 -0.1845
vn -0.7500 0.4492 -0.4856
vn -0.6660 0.7453 -0.0328
vn -0.9364 0.3426 0.0762
vn -0.6277 0.5759 -0.5238
vn -0.1457 0.9729 -0.1798
vn -0.2731 0.9478 -0.1649
vn -0.1563 0.9818 -0.1080
vn -0.2835 0.9486 -0.1410
vn -0.1339 0.9581 -0.2534
vn -0.2566 0.9409 -0.2212
vn -0.1077 0.9909 -0.0808
vn -0.1019 0.9947 -0.0123
vn -0.1884 0.9797 -0.0688
vn -0.6440 0.7333 -0.2180
vn -0.9115 0.4063 -0.0642
vn -0.9363 0.3500 -0.0297
vn -0.8592 0.4927 0.1381
vn -0.6591 0.7423 0.1208
vn -0.7211 0.6706 0.1740
vn -0.8688 0.3962 0.2968
vn -0.7686 0.4909 0.4102
vn -0.8218 0.3426 0.4553
vn -0.7360 0.6089 0.2958
vn -0.2383 0.6427 0.7281
vn -0.2808 0.7966 0.5354
vn -0.1931 -0.9054 0.3780
vn -0.2585 -0.7498 0.6091
vn -0.1640 -0.8856 0.4346
vn -0.1907 -0.8939 0.4058
vn -0.2508 -0.2663 0.9307
vn -0.0973 -0.1976 0.9754
vn -0.0996 -0.9354 0.3393
vn -0.0824 -0.9748 0.2071
vn -0.0714 -0.9910 0.1134
vn -0.0725 -0.9819 0.1749
vn -0.1401 0.5821 0.8009
vn -0.2988 0.8801 0.3691
vn -0.1017 0.9914 0.0819
vn -0.0748 0.9323 0.3538
vn -0.0901 0.9818 0.1671
vn -0.0834 0.7985 0.5962
vn -0.2653 0.9401 0.2140
vn -0.2802 0.9437 0.1758
vn -0.4667 0.7409 0.4830
vn -0.4868 0.8686 0.0925
vn -0.4442 0.8933 0.0688
vn -0.3127 0.9472 0.0712
vn 0.4429 -0.0982 0.8912
vn -0.2025 -0.8695 0.4504
vn -0.1857 -0.4371 0.8801
vn -0.1065 -0.9517 0.2881
vn -0.6188 -0.4697 0.6297
vn -0.5011 -0.4662 0.7291
vn -0.5542 -0.1854 0.8115
vn -0.4734 -0.6989 0.5362
vn -0.7491 0.3580 0.5574
vn -0.6192 0.7313 0.2859
vn -0.7299 0.5008 0.4653
vn -0.6940 0.4494 0.5625
vn -0.5005 0.7285 0.4678
vn -0.4039 0.8921 0.2024
vn -0.7135 0.4216 0.5596
vn -0.6466 0.3915 0.6547
vn -0.6563 0.3403 0.6734
vn -0.4437 0.5136 0.7344
vn -0.8549 0.1596 0.4937
vn -0.7474 0.2215 0.6263
vn -0.4150 0.5091 0.7540
vn -0.4547 0.7296 0.5108
vn -0.5719 0.3043 0.7618
vn 0.2257 0.6107 0.7590
vn -0.4437 0.2290 0.8664
vn -0.3467 0.1903 0.9185
vn -0.4617 0.1033 0.8810
vn -0.2357 0.3836 0.8929
vn -0.1575 0.5789 0.8000
vn -0.3651 0.5653 0.7396
vn -0.3515 0.2013 0.9143
vn -0.2396 0.6203 0.7469
vn -0.3408 -0.1371 0.9301
vn -0.2456 0.6749 0.6958
vn -0.2794 0.6491 0.7076
vn -0.2596 0.5852 0.7682
vn -0.3700 0.4573 0.8087
vn -0.3815 0.5878 0.7134
vn -0.4411 0.5673 0.6954
vn -0.5652 0.4830 0.6688
vn -0.1447 0.2466 0.9583
vn -0.4223 0.2648 0.8669
vn -0.4114 -0.7772 0.4761
vn -0.4785 -0.6626 0.5762
vn -0.2720 -0.8922 0.3605
vn -0.3824 -0.6478 0.6589
vn -0.2438 -0.9445 0.2200
vn -0.3174 -0.8918 0.3226
vn -0.4252 -0.7354 0.5277
vn -0.4001 -0.7694 0.4979
vn -0.4515 -0.7825 0.4287
vn -0.5081 -0.8496 0.1412
vn 0.0603 -0.8930 0.4459
vn -0.0975 -0.9448 0.3129
vn 0.1429 0.5959 0.7902
vn -0.2010 -0.1547 0.9673
vn 0.3453 -0.2788 0.8961
vn -0.2544 0.5819 0.7724
vn 0.1605 -0.7245 0.6704
vn -0.0619 -0.8202 0.5687
vn -0.6090 0.3666 0.7033
vn -0.5883 -0.2154 0.7794
vn -0.4185 0.4754 0.7738
vn -0.3694 -0.4098 0.8340
vn -0.2856 -0.8366 0.4675
vn -0.1738 -0.8495 0.4981
vn -0.5238 0.7489 0.4059
vn -0.2776 0.8381 0.4696
vn -0.0959 0.8813 0.4627
vn -0.8469 0.1680 0.5045
vn -0.7909 -0.2910 0.5383
vn -0.5172 -0.7563 0.4006
vn -0.1874 -0.9157 0.3555
vn -0.1713 -0.9569 0.2347
vn -0.8311 -0.2009 0.5186
vn -0.7272 -0.0591 0.6839
vn -0.6735 -0.5833 0.4542
vn -0.4516 -0.7972 0.4007
vn -0.3034 -0.9048 0.2988
vn -0.3266 -0.8373 0.4385
vn -0.3999 -0.6491 0.6472
vn -0.2492 -0.8200 0.5153
vn -0.5353 -0.3814 0.7536
vn -0.5764 -0.0040 0.8172
vn -0.2887 -0.8029 0.5216
vn -0.3738 -0.6592 0.6524
vn -0.5673 0.1575 0.8083
vn -0.5217 0.1741 0.8352
vn -0.4302 -0.5252 0.7342
vn -0.1513 -0.9807 0.1236
vn -0.9465 0.0617 0.3166
vn -0.9188 -0.2336 0.3182
vn -0.7363 -0.6361 0.2305
vn -0.4492 -0.8717 0.1957
vn -0.2606 -0.9534 0.1521
vn -0.9861 0.0148 0.1653
vn -0.9078 -0.4008 0.1235
vn -0.9863 -0.1578 0.0479
vn -0.8481 -0.5200 0.1020
vn -0.6975 -0.7123 0.0783
vn -0.4610 -0.8813 0.1037
vn -0.2576 -0.9560 0.1407
vn -0.1544 -0.9744 0.1632
vn -0.1639 0.8012 0.5755
vn -0.3753 0.7984 0.4709
vn -0.2539 0.8376 0.4837
vn -0.3527 0.5819 0.7328
vn -0.5139 0.7329 0.4457
vn -0.2825 0.9193 0.2741
vn -0.3610 0.8708 0.3336
vn -0.4463 0.8090 0.3826
vn -0.3148 0.7905 0.5254
vn -0.4296 0.9015 0.0525
vn -0.2898 0.9549 0.0645
vn -0.5291 0.8435 0.0924
vn -0.5508 0.8322 0.0639
vn -0.1424 0.9401 0.3097
vn -0.1723 0.9749 0.1411
vn -0.1986 0.9752 0.0973
vn -0.5950 0.7883 0.1567
vn -0.4240 0.8995 0.1056
vn -0.2667 0.9295 0.2549
vn -0.2650 0.9563 0.1231
vn -0.4661 0.8424 0.2703
vn -0.3453 0.9104 0.2278
vn -0.1530 0.9718 0.1796
vn -0.4406 0.7245 0.5301
vn -0.1859 0.9758 0.1148
vn -0.6109 0.7646 0.2052
vn 0.3168 -0.7156 0.6226
vn -0.2318 -0.9417 0.2440
vn -0.4584 -0.8694 0.1846
vn -0.8540 -0.4612 0.2409
vn -0.9099 0.3782 0.1705
vn -0.4181 0.9020 0.1071
vn -0.6690 -0.6710 0.3198
vn -0.8874 -0.4610 -0.0068
vn -0.9394 -0.2502 0.2346
vn -0.5219 0.8515 0.0509
vn -0.8510 0.3831 0.3592
vn -0.9624 0.2709 -0.0209
vn -0.6063 0.2125 0.7663
vn -0.5137 0.3045 0.8021
vn -0.9904 -0.0610 0.1244
vn -0.5038 0.7128 0.4880
vn 0.1084 0.9774 -0.1817
vn 0.0433 0.9658 -0.2556
vn -0.5607 0.8142 0.1510
vn -0.1162 0.7962 -0.5938
vn 0.0713 0.9838 0.1646
vn -0.2441 0.9633 0.1120
vn -0.2541 -0.0335 0.9666
vn -0.2469 0.3070 0.9191
vn -0.3413 0.2595 0.9034
vn -0.2627 0.1677 0.9502
vn 0.1113 0.4508 0.8857
vn -0.0669 0.6527 0.7547
vn -0.3978 0.3490 0.8485
vn -0.3612 0.3085 0.8800
vn -0.2658 0.1558 0.9514
vn 0.1072 0.9885 0.1070
vn 0.1553 0.7896 -0.5937
vn -0.1447 0.8604 -0.4886
vn 0.4364 0.8981 0.0547
vn -0.0314 0.5927 -0.8048
vn -0.2185 0.7258 -0.6522
vn 0.8938 0.4477 0.0249
vn 0.1554 0.7895 -0.5937
vn 0.9665 0.2235 0.1263
vn 0.2721 0.1759 -0.9461
vn 0.1321 0.6638 0.7361
vn 0.1322 0.6638 0.7362
vn 0.9665 0.2234 0.1264
vn 0.3094 -0.5992 0.7384
vn 0.0768 -0.5132 0.8548
vn -0.0969 0.0714 0.9927
vn 0.4486 -0.2916 0.8448
vn 0.5038 0.7128 0.4879
vn 0.4853 -0.5528 0.6774
vn 0.4077 -0.1127 0.9061
vn -0.2527 0.9349 0.2493
vn -0.3895 0.8379 -0.3823
vn -0.4059 0.7297 -0.5503
vn -0.0432 0.9658 -0.2555
vn 0.1162 0.7962 -0.5937
vn -0.0787 0.4646 -0.8820
vn -0.0787 0.4647 -0.8820
vn 0.3747 -0.3037 -0.8760
vn 0.1162 0.7963 -0.5937
vn 0.6277 0.5759 -0.5237
vn 0.7500 0.4492 -0.4855
vn 0.5862 -0.3170 -0.7456
vn 0.9639 -0.2592 0.0612
vn 0.9364 0.3425 0.0762
vn -0.0877 0.3058 0.9480
vn 0.2828 0.8051 0.5215
vn 0.0323 0.2493 0.9679
vn 0.4667 0.7409 0.4829
vn 0.3620 0.1059 0.9262
vn 0.4055 0.1692 0.8983
vn -0.0610 0.3466 0.9360
vn 0.4454 -0.5425 0.7123
vn 0.4095 -0.6013 0.6861
vn -0.0559 0.9830 0.1750
vn -0.3350 0.7466 -0.5747
vn -0.0582 0.5594 -0.8269
vn 0.4001 -0.1675 -0.9010
vn 0.6237 -0.2281 -0.7477
vn 0.9960 -0.0588 0.0666
vn 0.1041 0.2630 0.9592
vn -0.1072 0.9885 0.1070
vn -0.1553 0.7896 -0.5937
vn -0.4364 0.8981 0.0547
vn 0.1447 0.8604 -0.4886
vn 0.0314 0.5927 -0.8048
vn 0.2185 0.7258 -0.6522
vn -0.1554 0.7895 -0.5937
vn -0.8938 0.4477 0.0249
vn -0.4795 0.2382 -0.8446
vn -0.2721 0.1759 -0.9461
vn -0.3560 0.0443 0.9334
vn -0.2972 -0.2617 0.9183
vn -0.2072 -0.0851 0.9746
vn -0.0768 -0.5132 0.8548
vn -0.3094 -0.5992 0.7384
vn 0.0969 0.0714 0.9927
vn -0.4853 -0.5528 0.6774
vn -0.4486 -0.2916 0.8448
vn -0.4077 -0.1127 0.9061
vn -0.5038 0.7128 0.4879
vn 0.2527 0.9349 0.2493
vn 0.1083 0.9774 -0.1817
vn 0.3895 0.8379 -0.3823
vn 0.4059 0.7297 -0.5503
vn 0.0432 0.9658 -0.2555
vn 0.0787 0.4647 -0.8820
vn -0.1162 0.7963 -0.5937
vn -0.3747 -0.3037 -0.8760
vn -0.6277 0.5760 -0.5237
vn -0.7500 0.4492 -0.4855
vn -0.5862 -0.3170 -0.7456
vn -0.9639 -0.2592 0.0612
vn -0.9364 0.3425 0.0762
vn -0.3695 0.0509 0.9278
vn 0.0877 0.3058 0.9480
vn 0.1823 0.2989 0.9367
vn -0.0323 0.2494 0.9679
vn -0.3620 0.1058 0.9262
vn -0.4666 0.7410 0.4829
vn -0.4055 0.1692 0.8983
vn 0.0610 0.3466 0.9360
vn -0.4454 -0.5425 0.7123
vn -0.4095 -0.6013 0.6862
vn 0.0559 0.9830 0.1751
vn 0.2907 0.8475 -0.4441
vn 0.3350 0.7466 -0.5747
vn 0.0582 0.5594 -0.8269
vn -0.4001 -0.1675 -0.9010
vn -0.6237 -0.2281 -0.7477
vn -0.9960 -0.0588 0.0666
vn -0.1041 0.2630 0.9592
vn 0.5818 -0.6624 -0.4719
vn -0.5818 -0.6625 -0.4719
vn -0.5818 -0.6625 -0.4718
vn -0.0000 -0.7667 -0.6420
vn 0.9787 0.0399 -0.2014
vn 0.8993 -0.1915 -0.3932
vn 0.2777 -0.9357 -0.2178
vn 0.5912 -0.6379 -0.4936
vn 0.7108 -0.2779 -0.6462
vn 0.8894 0.1056 -0.4448
vn 0.7658 0.0144 -0.6429
vn 0.4808 -0.4516 -0.7516
vn 0.0720 -0.9074 -0.4141
vn 0.3112 -0.8542 -0.4166
vn 0.5155 -0.6076 -0.6042
vn 0.5435 -0.2625 -0.7973
vn 0.8537 0.1524 -0.4980
vn 0.2898 0.0184 -0.9569
vn 0.4217 0.1007 -0.9011
vn -0.0000 0.4279 -0.9038
vn 0.0001 0.0998 -0.9950
vn 0.5820 0.0073 -0.8132
vn 0.1272 -0.9661 -0.2248
vn -0.0000 -0.9708 -0.2398
vn 0.2174 -0.9197 -0.3269
vn -0.0000 -0.9674 -0.2533
vn 0.7922 0.4828 -0.3732
vn 0.8116 0.2658 -0.5203
vn 0.7397 0.4975 -0.4532
vn 0.8556 0.1865 -0.4829
vn 0.9390 -0.1052 -0.3273
vn 0.8756 0.1815 -0.4477
vn 0.6603 0.6613 -0.3559
vn 0.6006 0.0967 -0.7937
vn 0.4630 -0.7511 -0.4706
vn 0.1896 0.6767 -0.7114
vn 0.2160 0.4979 -0.8399
vn -0.0000 0.5360 -0.8442
vn -0.0000 0.7151 -0.6990
vn 0.2470 0.3467 -0.9048
vn -0.0000 0.3769 -0.9263
vn 0.3858 0.6416 -0.6630
vn 0.4313 0.4599 -0.7762
vn 0.4968 0.2921 -0.8172
vn 0.5659 0.5917 -0.5741
vn 0.6626 0.3649 -0.6541
vn 0.7214 0.2236 -0.6554
vn 0.7497 0.1625 -0.6415
vn 0.8891 0.1415 -0.4353
vn 0.5389 0.1730 -0.8244
vn 0.3034 0.2065 -0.9302
vn -0.0000 0.2043 -0.9789
vn 0.9667 0.1648 -0.1958
vn 0.3404 0.7748 -0.5326
vn 0.1617 0.8051 -0.5706
vn -0.0000 0.7990 -0.6014
vn 0.5218 0.7295 -0.4422
vn 0.6393 0.6934 -0.3325
vn 0.5581 -0.5093 -0.6551
vn 0.7825 -0.0763 -0.6180
vn 0.8560 -0.2325 -0.4618
vn 0.3871 -0.8947 -0.2229
vn -0.0000 -0.9891 -0.1470
vn -0.0000 0.8486 -0.5291
vn -0.9787 0.0399 -0.2014
vn -0.8993 -0.1915 -0.3932
vn -0.2777 -0.9357 -0.2178
vn -0.7108 -0.2779 -0.6462
vn -0.5912 -0.6379 -0.4936
vn -0.7658 0.0144 -0.6429
vn -0.8894 0.1055 -0.4449
vn -0.0720 -0.9074 -0.4141
vn -0.4808 -0.4516 -0.7516
vn -0.3112 -0.8542 -0.4166
vn -0.5155 -0.6076 -0.6042
vn -0.5435 -0.2625 -0.7973
vn -0.8537 0.1524 -0.4979
vn -0.4217 0.1007 -0.9011
vn -0.2898 0.0184 -0.9569
vn -0.0001 0.0998 -0.9950
vn -0.5820 0.0073 -0.8132
vn -0.1272 -0.9661 -0.2248
vn -0.2174 -0.9197 -0.3269
vn -0.0000 -0.9674 -0.2534
vn -0.7922 0.4828 -0.3732
vn -0.7397 0.4975 -0.4532
vn -0.8116 0.2658 -0.5203
vn -0.8556 0.1865 -0.4829
vn -0.8756 0.1814 -0.4477
vn -0.9390 -0.1052 -0.3273
vn -0.6603 0.6613 -0.3559
vn -0.8508 0.0283 -0.5247
vn -0.4630 -0.7511 -0.4706
vn -0.0000 0.5361 -0.8442
vn -0.2160 0.4979 -0.8399
vn -0.1896 0.6767 -0.7114
vn -0.2470 0.3467 -0.9049
vn -0.4313 0.4599 -0.7762
vn -0.3858 0.6416 -0.6630
vn -0.4968 0.2922 -0.8172
vn -0.6626 0.3649 -0.6541
vn -0.5659 0.5917 -0.5741
vn -0.7214 0.2236 -0.6554
vn -0.7497 0.1625 -0.6415
vn -0.8891 0.1415 -0.4352
vn -0.5388 0.1730 -0.8245
vn -0.3034 0.2065 -0.9302
vn -0.9667 0.1649 -0.1957
vn -0.3404 0.7748 -0.5326
vn -0.1617 0.8051 -0.5706
vn -0.5218 0.7295 -0.4422
vn -0.6393 0.6934 -0.3325
vn -0.5158 0.6764 -0.5257
vn -0.5581 -0.5093 -0.6551
vn -0.8560 -0.2325 -0.4618
vn -0.3871 -0.8947 -0.2229
vn -0.0000 -0.9891 -0.1469
vn 0.4912 0.8043 -0.3345
vn 0.6392 0.6934 -0.3324
vn 0.5218 0.7296 -0.4421
vn 0.1126 0.9421 -0.3159
vn 0.1237 0.8993 -0.4195
vn -0.0000 0.9393 -0.3432
vn -0.0000 0.8981 -0.4397
vn 0.2097 0.9297 -0.3027
vn 0.2828 0.8663 -0.4118
vn 0.3736 0.8901 -0.2610
vn 0.3404 0.7749 -0.5326
vn 0.1617 0.8052 -0.5706
vn -0.0000 0.7990 -0.6013
vn -0.4912 0.8043 -0.3345
vn -0.5218 0.7296 -0.4421
vn -0.6392 0.6934 -0.3324
vn -0.1237 0.8993 -0.4195
vn -0.1126 0.9421 -0.3159
vn -0.2828 0.8663 -0.4118
vn -0.2097 0.9297 -0.3027
vn -0.3736 0.8901 -0.2610
vn -0.1617 0.8052 -0.5706
vn -0.3404 0.7749 -0.5326
vn 0.0093 -0.9401 -0.3406
vn -0.1733 -0.8979 -0.4047
vn 0.1633 0.0446 -0.9856
vn 0.1470 0.1116 -0.9828
vn 0.4274 0.7194 -0.5475
vn 0.6602 0.6614 -0.3559
vn 0.3347 0.8086 -0.4838
vn -0.2616 -0.9066 -0.3310
vn -0.3129 -0.9493 0.0306
vn -0.2645 -0.8693 -0.4176
vn 0.4187 0.7745 -0.4742
vn 0.3390 0.8005 -0.4942
vn 0.1741 0.0352 -0.9841
vn 0.0951 0.0248 -0.9952
vn -0.2785 -0.8397 -0.4662
vn 0.1755 0.0490 -0.9833
vn 0.4728 0.7274 -0.4974
vn -0.0093 -0.9401 -0.3406
vn 0.1733 -0.8979 -0.4047
vn -0.1633 0.0446 -0.9856
vn -0.2425 0.1546 -0.9577
vn -0.1470 0.1116 -0.9828
vn -0.4274 0.7194 -0.5475
vn -0.6602 0.6614 -0.3559
vn -0.3347 0.8087 -0.4838
vn 0.3129 -0.9493 0.0306
vn 0.2616 -0.9066 -0.3310
vn 0.2645 -0.8693 -0.4176
vn -0.3391 0.8005 -0.4941
vn -0.4187 0.7745 -0.4742
vn -0.0951 0.0248 -0.9952
vn -0.1741 0.0352 -0.9841
vn 0.2785 -0.8397 -0.4662
vn -0.1755 0.0490 -0.9833
vn -0.4728 0.7274 -0.4974
vn 0.8153 -0.1268 -0.5650
vn 0.7927 0.1841 -0.5812
vn 0.1718 -0.5287 -0.8313
vn 0.2146 -0.3751 -0.9018
vn -0.4161 -0.8131 -0.4071
vn -0.3234 -0.8362 -0.4430
vn -0.5912 -0.6431 -0.4868
vn 0.0753 -0.5774 -0.8130
vn 0.7605 -0.3011 -0.5752
vn 0.4808 -0.4515 -0.7517
vn 0.8537 0.1526 -0.4980
vn -0.7545 -0.1578 -0.6370
vn -0.7228 -0.1274 -0.6792
vn -0.0002 -0.2126 -0.9771
vn -0.0000 -0.2192 -0.9757
vn 0.7484 -0.2010 -0.6320
vn 0.7228 -0.1274 -0.6792
vn -0.7473 -0.2551 -0.6136
vn -0.7655 -0.2279 -0.6017
vn -0.8933 -0.1961 -0.4045
vn -0.0244 -0.3289 -0.9441
vn -0.0957 -0.3691 -0.9244
vn 0.7334 -0.2341 -0.6382
vn 0.7182 -0.3328 -0.6111
vn 0.0024 -0.2995 -0.9541
vn 0.7594 -0.2637 -0.5948
vn -0.7608 -0.2321 -0.6060
vn -0.8876 -0.2224 -0.4034
vn 0.5819 -0.6624 -0.4719
vn -0.5818 -0.6624 -0.4719
vn -0.9912 -0.0856 0.1015
vn -0.7927 0.1841 -0.5812
vn -0.8153 -0.1268 -0.5650
vn -0.2146 -0.3751 -0.9018
vn -0.1718 -0.5287 -0.8313
vn 0.3234 -0.8362 -0.4430
vn 0.4161 -0.8131 -0.4071
vn 0.5170 -0.8514 0.0882
vn 0.5912 -0.6431 -0.4868
vn -0.0753 -0.5774 -0.8130
vn -0.7605 -0.3011 -0.5752
vn 0.1102 -0.9887 0.1020
vn -0.4808 -0.4515 -0.7517
vn -0.8537 0.1526 -0.4980
vn 0.7545 -0.1578 -0.6370
vn 0.9908 -0.1339 0.0173
vn 0.0002 -0.2126 -0.9771
vn -0.7484 -0.2010 -0.6320
vn 0.7655 -0.2278 -0.6017
vn 0.7473 -0.2551 -0.6136
vn 0.0957 -0.3691 -0.9244
vn 0.0244 -0.3288 -0.9441
vn -0.7182 -0.3328 -0.6111
vn -0.7334 -0.2341 -0.6382
vn -0.0024 -0.2995 -0.9541
vn -0.7594 -0.2636 -0.5948
vn 0.7608 -0.2321 -0.6060
vn 0.9732 -0.2298 0.0095
vn 0.4658 0.7410 -0.4837
vn 0.5297 0.6891 -0.4945
vn 0.2157 0.2162 -0.9522
vn -0.3321 -0.8458 -0.4175
vn -0.2785 -0.8397 -0.4663
vn 0.1082 -0.0161 -0.9940
vn -0.3528 -0.8342 -0.4238
vn 0.2582 0.7367 -0.6250
vn 0.0566 0.4822 -0.8742
vn 0.1727 0.1451 -0.9742
vn 0.3612 0.6696 -0.6489
vn 0.5627 0.7044 -0.4326
vn 0.4783 0.8031 -0.3552
vn 0.0646 0.2077 -0.9761
vn 0.4726 0.7576 -0.4502
vn 0.7168 0.5150 -0.4700
vn 0.8450 0.5048 -0.1764
vn 0.4643 0.5554 -0.6899
vn 0.9161 -0.3664 -0.1628
vn -0.0137 0.2280 -0.9736
vn 0.4964 -0.8614 -0.1077
vn -0.0486 -0.0177 -0.9987
vn -0.2972 -0.3277 -0.8968
vn -0.2580 -0.4641 -0.8473
vn 0.5422 0.8355 -0.0890
vn 0.6400 -0.5445 0.5422
vn 0.5037 -0.6936 0.5150
vn 0.9556 0.1351 0.2617
vn -0.2674 0.2486 -0.9310
vn 0.6291 -0.7615 0.1559
vn 0.7138 -0.6897 0.1217
vn 0.6467 -0.6805 -0.3445
vn 0.7337 -0.4514 -0.5079
vn 0.3728 -0.2956 -0.8796
vn 0.4255 -0.0947 -0.9000
vn 0.0036 0.1076 -0.9942
vn 0.0859 0.3070 -0.9478
vn -0.2381 0.3928 -0.8882
vn -0.1144 0.6572 -0.7449
vn 0.9609 -0.2763 0.0167
vn 0.8857 0.1123 -0.4505
vn 0.5911 0.2977 -0.7497
vn 0.2799 0.8669 -0.4124
vn 0.7263 0.6332 -0.2676
vn 0.3719 0.6112 -0.6987
vn 0.0492 0.4348 -0.8992
vn -0.1189 0.1794 -0.9766
vn 0.4522 0.7505 -0.4819
vn 0.5477 0.8278 -0.1215
vn 0.6132 0.7899 -0.0045
vn 0.8355 0.4863 0.2559
vn 0.6430 0.5509 0.5321
vn 0.8522 -0.3250 0.4100
vn 0.5374 -0.7425 0.3998
vn 0.3095 0.0213 0.9507
vn 0.1604 -0.2162 0.9631
vn 0.4097 -0.4978 0.7644
vn 0.5240 -0.3103 0.7932
vn 0.6434 -0.6861 0.3396
vn 0.6805 -0.5629 0.4691
vn 0.7958 -0.5905 -0.1343
vn 0.7003 -0.6978 -0.1509
vn 0.5454 -0.5412 -0.6400
vn 0.6165 -0.3738 -0.6930
vn 0.2223 -0.2292 -0.9477
vn 0.3101 -0.0217 -0.9505
vn 0.9234 -0.2178 0.3162
vn 0.9825 -0.0228 -0.1850
vn 0.7958 0.0524 -0.6032
vn 0.8191 0.5552 -0.1441
vn 0.5864 0.4012 -0.7037
vn 0.8493 0.2407 0.4699
vn 0.8288 0.5259 -0.1911
vn -0.4657 0.7410 -0.4837
vn -0.5297 0.6891 -0.4945
vn 0.3321 -0.8458 -0.4175
vn -0.2157 0.2162 -0.9522
vn 0.2785 -0.8397 -0.4663
vn 0.1532 -0.4770 -0.8654
vn -0.3612 0.6696 -0.6489
vn -0.1727 0.1451 -0.9742
vn -0.2582 0.7367 -0.6250
vn -0.0566 0.4822 -0.8742
vn -0.5627 0.7044 -0.4326
vn -0.4784 0.8031 -0.3553
vn -0.0646 0.2077 -0.9761
vn -0.4726 0.7576 -0.4502
vn -0.8450 0.5048 -0.1764
vn -0.7168 0.5150 -0.4700
vn -0.4643 0.5554 -0.6899
vn -0.9161 -0.3664 -0.1628
vn 0.0137 0.2280 -0.9736
vn -0.4964 -0.8614 -0.1077
vn 0.0486 -0.0177 -0.9987
vn 0.2972 -0.3277 -0.8968
vn 0.2580 -0.4641 -0.8473
vn -0.5422 0.8355 -0.0890
vn -0.6400 -0.5445 0.5422
vn -0.5037 -0.6936 0.5150
vn -0.9556 0.1351 0.2617
vn 0.4673 -0.0936 -0.8792
vn -0.7138 -0.6897 0.1217
vn -0.6291 -0.7615 0.1559
vn -0.7337 -0.4514 -0.5079
vn -0.6467 -0.6805 -0.3445
vn -0.4255 -0.0947 -0.9000
vn -0.3728 -0.2956 -0.8796
vn -0.0859 0.3070 -0.9478
vn 0.2537 -0.2508 -0.9342
vn 0.1144 0.6572 -0.7449
vn 0.4929 -0.0083 -0.8700
vn -0.8857 0.1123 -0.4505
vn -0.9609 -0.2763 0.0167
vn -0.5911 0.2977 -0.7497
vn -0.2799 0.8669 -0.4124
vn -0.7263 0.6332 -0.2676
vn -0.3719 0.6112 -0.6987
vn 0.1189 0.1794 -0.9766
vn -0.0492 0.4348 -0.8992
vn -0.4522 0.7506 -0.4819
vn -0.5477 0.8278 -0.1215
vn -0.6132 0.7899 -0.0045
vn -0.6430 0.5509 0.5321
vn -0.8355 0.4863 0.2559
vn -0.3095 0.0213 0.9507
vn -0.5374 -0.7425 0.3998
vn -0.8522 -0.3250 0.4100
vn -0.1604 -0.2162 0.9631
vn -0.5240 -0.3103 0.7932
vn -0.4097 -0.4978 0.7644
vn -0.6805 -0.5629 0.4691
vn -0.6434 -0.6861 0.3396
vn -0.7958 -0.5905 -0.1343
vn -0.7003 -0.6978 -0.1509
vn -0.6165 -0.3738 -0.6930
vn -0.5454 -0.5412 -0.6400
vn -0.3101 -0.0218 -0.9505
vn -0.2223 -0.2292 -0.9477
vn -0.9825 -0.0229 -0.1849
vn -0.9234 -0.2178 0.3162
vn -0.7958 0.0524 -0.6032
vn -0.8191 0.5552 -0.1441
vn -0.5864 0.4011 -0.7037
vn -0.8493 0.2407 0.4699
vn -0.8288 0.5259 -0.1911
vn -0.2373 -0.9707 -0.0378
vn -0.1850 -0.9384 -0.2918
vn -0.4437 -0.8155 -0.3717
vn -0.2196 -0.9732 0.0678
vn -0.1202 -0.9734 0.1951
vn -0.4263 -0.4704 -0.7727
vn -0.4736 -0.6964 -0.5392
vn -0.4381 -0.8551 -0.2772
vn -0.3921 -0.9021 -0.1801
vn -0.5450 -0.7238 -0.4233
vn -0.3650 -0.9189 -0.1496
vn -0.0349 -0.9994 0.0084
vn -0.2453 -0.9692 -0.0196
vn -0.2793 -0.9417 -0.1877
vn -0.1413 -0.9433 0.3004
vn 0.0722 -0.9219 0.3808
vn -0.5677 -0.7415 -0.3576
vn -0.4488 -0.8936 0.0028
vn -0.5873 -0.4022 -0.7023
vn 0.1208 -0.9720 -0.2016
vn -0.0929 -0.9699 -0.2251
vn -0.0857 -0.7502 -0.6557
vn -0.2580 -0.8779 -0.4034
vn -0.0002 -0.9946 0.1036
vn 0.1911 -0.9734 0.1263
vn -0.3666 -0.9304 0.0022
vn -0.4528 -0.7850 -0.4227
vn -0.6342 -0.3978 -0.6630
vn -0.4391 -0.5259 -0.7284
vn -0.4940 -0.5349 -0.6855
vn -0.4893 -0.7594 -0.4288
vn -0.3401 -0.6505 -0.6791
vn -0.4721 -0.8815 0.0115
vn -0.4284 -0.8035 0.4134
vn -0.2961 -0.6648 0.6858
vn 0.1520 -0.9883 -0.0129
vn -0.0470 -0.9942 -0.0967
vn 0.1012 -0.9040 -0.4153
vn -0.1550 -0.9199 -0.3603
vn -0.0351 -0.9669 0.2529
vn 0.1652 -0.9294 0.3302
vn -0.3849 -0.9223 0.0336
vn -0.2346 -0.8847 0.4028
vn -0.3944 -0.8625 -0.3170
vn -0.0161 -0.8261 0.5633
vn -0.2194 -0.6937 -0.6860
vn 0.4144 -0.9076 -0.0679
vn 0.2373 -0.9707 -0.0378
vn 0.1850 -0.9384 -0.2918
vn 0.4437 -0.8155 -0.3717
vn 0.2196 -0.9732 0.0678
vn 0.1202 -0.9734 0.1951
vn 0.4381 -0.8551 -0.2772
vn 0.4736 -0.6964 -0.5392
vn 0.4263 -0.4704 -0.7727
vn 0.3921 -0.9021 -0.1801
vn 0.5450 -0.7238 -0.4233
vn 0.3650 -0.9189 -0.1496
vn 0.2794 -0.9417 -0.1877
vn 0.2453 -0.9692 -0.0196
vn 0.0349 -0.9994 0.0084
vn 0.1413 -0.9433 0.3004
vn -0.0722 -0.9219 0.3808
vn 0.4488 -0.8936 0.0028
vn 0.5677 -0.7415 -0.3576
vn 0.4673 -0.0938 -0.8791
vn 0.0857 -0.7502 -0.6557
vn 0.0929 -0.9699 -0.2251
vn -0.1208 -0.9720 -0.2016
vn 0.2580 -0.8779 -0.4034
vn 0.0002 -0.9946 0.1036
vn -0.1911 -0.9734 0.1263
vn 0.3666 -0.9304 0.0022
vn 0.4528 -0.7850 -0.4227
vn 0.4930 -0.0085 -0.8700
vn 0.4893 -0.7594 -0.4288
vn 0.4939 -0.5349 -0.6855
vn 0.3401 -0.6505 -0.6791
vn 0.4721 -0.8815 0.0115
vn 0.4283 -0.8035 0.4134
vn 0.2961 -0.6648 0.6858
vn -0.1012 -0.9040 -0.4153
vn 0.0470 -0.9942 -0.0967
vn -0.1520 -0.9883 -0.0129
vn 0.1550 -0.9199 -0.3603
vn 0.0351 -0.9669 0.2529
vn -0.1652 -0.9294 0.3302
vn 0.3849 -0.9223 0.0337
vn 0.2346 -0.8847 0.4028
vn 0.3944 -0.8625 -0.3171
vn 0.0161 -0.8261 0.5633
vn 0.2194 -0.6937 -0.6860
vn 0.7111 -0.0227 -0.7027
vn -0.0000 -0.0323 -0.9995
vn 0.4227 0.7731 -0.4729
vn -0.0000 0.8678 -0.4968
vn 0.4703 0.8727 -0.1310
vn -0.0000 0.9836 -0.1802
vn 0.9631 -0.0087 -0.2691
vn 0.9994 -0.0012 -0.0360
vn 0.4726 0.8797 -0.0525
vn 0.9933 0.1080 -0.0418
vn 0.4137 0.9088 -0.0550
vn -0.0000 0.9987 -0.0516
vn -0.0000 0.9986 -0.0529
vn 0.5360 0.8226 -0.1898
vn 0.9753 -0.1863 -0.1184
vn 0.8560 -0.2325 -0.4617
vn 0.7825 -0.0764 -0.6180
vn -0.0000 0.9934 -0.1145
vn -0.4228 0.7731 -0.4729
vn -0.7111 -0.0227 -0.7027
vn -0.4703 0.8727 -0.1310
vn -0.9631 -0.0087 -0.2691
vn -0.9994 -0.0012 -0.0360
vn -0.4726 0.8797 -0.0525
vn -0.9933 0.1080 -0.0418
vn -0.4137 0.9088 -0.0550
vn -0.5360 0.8226 -0.1898
vn -0.9753 -0.1863 -0.1184
vn -0.8560 -0.2324 -0.4617
vn -0.5158 0.6765 -0.5256
vn 0.4228 -0.8020 -0.4220
vn -0.0000 -0.8981 -0.4398
vn 0.4703 -0.8794 -0.0745
vn -0.0000 -0.9932 -0.1164
vn 0.4726 -0.8812 0.0044
vn 0.4725 -0.8813 0.0023
vn -0.0000 -0.9999 0.0130
vn -0.0000 -0.9999 0.0129
vn -0.0000 -0.9999 0.0122
vn 0.4508 -0.8879 -0.0921
vn 0.3870 -0.8947 -0.2229
vn -0.0000 -0.9998 -0.0194
vn -0.4227 -0.8020 -0.4220
vn -0.4703 -0.8794 -0.0745
vn -0.4726 -0.8812 0.0044
vn -0.4725 -0.8813 0.0023
vn -0.4508 -0.8879 -0.0921
vn -0.4149 -0.8114 0.4117
vn -0.1815 -0.9631 0.1989
vn -0.1663 -0.8786 0.4476
vn -0.4311 -0.8828 0.1866
vn 0.0006 -0.9712 0.2383
vn 0.0003 -0.8909 0.4542
vn 0.1682 -0.8781 0.4480
vn 0.1855 -0.9627 0.1968
vn 0.4296 -0.8046 0.4099
vn 0.4605 -0.8702 0.1755
vn 0.2340 0.8476 0.4763
vn 0.4698 0.7910 0.3919
vn 0.3600 0.8929 0.2705
vn 0.5302 0.8340 0.1525
vn 0.0328 0.8356 0.5484
vn 0.1668 0.8573 0.4870
vn -0.1600 0.7822 0.6021
vn -0.1743 0.7609 0.6250
vn -0.4055 0.7072 0.5791
vn -0.4444 0.6355 0.6314
vn -0.2189 -0.9752 0.0315
vn -0.4150 -0.9094 0.0293
vn 0.0013 -0.9995 0.0323
vn 0.2301 -0.9726 0.0314
vn 0.4656 -0.8845 0.0285
vn 0.5154 0.8565 -0.0276
vn 0.5724 0.8196 -0.0264
vn 0.0012 -0.6689 0.7433
vn 0.3066 -0.5591 0.7703
vn 0.6647 -0.4341 0.6080
vn 0.7940 -0.5418 0.2759
vn 0.7595 -0.6502 0.0210
vn -0.2947 -0.5697 0.7672
vn -0.5985 -0.5041 0.6227
vn -0.6738 -0.6730 0.3049
vn -0.6118 -0.7906 0.0255
vn 0.0101 0.0076 0.9999
vn 0.4507 0.0212 0.8924
vn -0.3911 -0.0468 0.9191
vn -0.6500 -0.0922 0.7543
vn -0.8039 -0.1821 0.5662
vn 0.7458 0.0168 0.6659
vn 0.9276 0.0053 0.3734
vn 0.9999 -0.0103 0.0003
vn 0.3247 0.5721 0.7532
vn 0.0347 0.6253 0.7796
vn -0.2640 0.4909 0.8302
vn -0.5806 0.3597 0.7304
vn -0.6797 0.3910 0.6206
vn 0.6726 0.4518 0.5861
vn 0.8114 0.5270 0.2527
vn 0.7973 0.6033 -0.0195
vn 0.5189 0.7594 0.3925
vn 0.6956 0.7181 -0.0232
vn 0.2182 0.6871 0.6930
vn -0.0613 0.4771 0.8767
vn -0.2824 0.2949 0.9128
vn -0.5461 0.1739 0.8195
vn -0.7429 -0.2370 0.6261
vn -0.6916 -0.6411 0.3327
vn -0.6350 -0.7721 0.0249
vn -0.0000 -0.2070 0.9783
vn -0.2273 -0.1306 0.9650
vn -0.0268 -0.7002 0.7134
vn -0.0000 -0.7571 0.6533
vn -0.0000 -0.4440 0.8960
vn -0.4200 -0.4391 0.7942
vn -0.0000 -0.8841 0.4674
vn -0.5093 -0.7361 0.4458
vn -0.4485 -0.8933 0.0288
vn -0.0000 -0.9995 0.0323
vn 0.7117 -0.4051 0.5739
vn 0.8792 -0.4763 0.0091
vn 0.2341 -0.4956 0.8364
vn 0.0008 -0.5822 0.8130
vn 0.4149 -0.8114 0.4118
vn 0.1815 -0.9631 0.1989
vn 0.4311 -0.8828 0.1866
vn 0.1663 -0.8786 0.4476
vn -0.0005 -0.9712 0.2383
vn -0.0003 -0.8909 0.4542
vn -0.1681 -0.8782 0.4477
vn -0.1855 -0.9627 0.1968
vn -0.4298 -0.8044 0.4100
vn -0.4605 -0.8702 0.1755
vn -0.5302 0.8340 0.1525
vn -0.4698 0.7910 0.3919
vn -0.3600 0.8929 0.2705
vn -0.2340 0.8476 0.4763
vn -0.1668 0.8573 0.4870
vn -0.0327 0.8356 0.5484
vn 0.1600 0.7822 0.6021
vn 0.1743 0.7609 0.6250
vn 0.4055 0.7072 0.5791
vn 0.4444 0.6355 0.6314
vn 0.2189 -0.9752 0.0315
vn 0.4150 -0.9094 0.0293
vn -0.0013 -0.9995 0.0323
vn -0.2301 -0.9726 0.0314
vn -0.4656 -0.8845 0.0285
vn -0.5724 0.8196 -0.0264
vn -0.5154 0.8565 -0.0276
vn -0.0012 -0.6689 0.7433
vn -0.3066 -0.5590 0.7704
vn -0.6647 -0.4341 0.6080
vn -0.7940 -0.5417 0.2759
vn -0.7595 -0.6502 0.0210
vn 0.2947 -0.5697 0.7672
vn 0.5985 -0.5041 0.6227
vn 0.6738 -0.6730 0.3049
vn 0.6118 -0.7906 0.0255
vn -0.4507 0.0212 0.8924
vn -0.0101 0.0076 0.9999
vn 0.3911 -0.0468 0.9191
vn 0.6500 -0.0921 0.7543
vn 0.8039 -0.1821 0.5662
vn -0.7458 0.0168 0.6659
vn -0.9276 0.0053 0.3734
vn -0.9999 -0.0103 0.0003
vn -0.3247 0.5721 0.7532
vn -0.0347 0.6253 0.7796
vn 0.2640 0.4909 0.8302
vn 0.5806 0.3597 0.7304
vn 0.6797 0.3910 0.6206
vn -0.6725 0.4518 0.5862
vn -0.8114 0.5270 0.2527
vn -0.7973 0.6033 -0.0195
vn -0.6956 0.7181 -0.0232
vn -0.5189 0.7594 0.3925
vn -0.2182 0.6871 0.6930
vn 0.0613 0.4771 0.8767
vn 0.2824 0.2949 0.9128
vn 0.5461 0.1739 0.8195
vn 0.7429 -0.2370 0.6261
vn 0.6916 -0.6411 0.3327
vn 0.6350 -0.7721 0.0249
vn 0.0271 -0.6982 0.7154
vn 0.2273 -0.1306 0.9650
vn 0.4200 -0.4391 0.7942
vn 0.5093 -0.7361 0.4458
vn 0.4485 -0.8933 0.0288
vn -0.8852 -0.4570 -0.0874
vn -0.6807 -0.4691 0.5628
vn -0.2339 -0.4971 0.8356
vn -0.0003 -0.5792 0.8152
vn -0.4149 -0.8362 -0.3586
vn -0.1815 -0.9739 -0.1364
vn -0.4311 -0.8930 -0.1293
vn -0.1663 -0.9056 -0.3901
vn 0.0005 -0.9845 -0.1752
vn 0.0003 -0.9183 -0.3958
vn 0.1681 -0.9053 -0.3902
vn 0.1855 -0.9734 -0.1344
vn 0.4298 -0.8292 -0.3573
vn 0.4605 -0.8797 -0.1190
vn 0.5302 0.8225 -0.2060
vn 0.4698 0.7641 -0.4421
vn 0.3600 0.8736 -0.3276
vn 0.2340 0.8151 -0.5300
vn 0.1668 0.8242 -0.5412
vn 0.0327 0.7985 -0.6011
vn -0.1600 0.7417 -0.6513
vn -0.1743 0.7190 -0.6728
vn -0.4055 0.6684 -0.6235
vn -0.4444 0.5934 -0.6711
vn 0.0012 -0.7155 -0.6986
vn 0.3066 -0.6075 -0.7327
vn 0.6647 -0.4724 -0.5787
vn 0.7940 -0.5583 -0.2404
vn -0.2947 -0.6180 -0.7289
vn -0.5985 -0.5432 -0.5889
vn -0.6738 -0.6913 -0.2609
vn 0.4507 -0.0363 -0.8919
vn 0.0101 -0.0569 -0.9983
vn -0.3911 -0.1060 -0.9142
vn -0.6500 -0.1405 -0.7468
vn -0.8039 -0.2182 -0.5532
vn 0.7458 -0.0262 -0.6656
vn 0.9276 -0.0188 -0.3730
vn 0.3247 0.5223 -0.7885
vn 0.0347 0.5737 -0.8183
vn -0.2640 0.4364 -0.8602
vn -0.5806 0.3119 -0.7521
vn -0.6797 0.3502 -0.6445
vn 0.6725 0.4131 -0.6141
vn 0.8114 0.5096 -0.2861
vn 0.5189 0.7325 -0.4406
vn 0.2182 0.6410 -0.7359
vn -0.0613 0.4196 -0.9056
vn -0.2824 0.2354 -0.9300
vn -0.5461 0.1207 -0.8290
vn -0.7429 -0.2769 -0.6095
vn -0.6916 -0.6613 -0.2907
vn -0.0303 -0.7115 -0.7020
vn -0.0000 -0.2697 -0.9630
vn -0.0000 -0.8045 -0.5939
vn -0.2273 -0.1926 -0.9546
vn -0.0000 -0.5009 -0.8655
vn -0.4200 -0.4894 -0.7643
vn -0.0000 -0.9124 -0.4094
vn -0.5093 -0.7633 -0.3974
vn 0.7442 -0.3570 -0.5646
vn 0.2393 -0.4515 -0.8596
vn -0.0065 -0.5040 -0.8637
vn 0.4149 -0.8362 -0.3586
vn 0.1815 -0.9739 -0.1364
vn 0.1663 -0.9056 -0.3901
vn 0.4311 -0.8930 -0.1293
vn -0.0006 -0.9845 -0.1752
vn -0.0003 -0.9183 -0.3958
vn -0.1682 -0.9051 -0.3905
vn -0.1855 -0.9734 -0.1344
vn -0.4296 -0.8294 -0.3571
vn -0.4605 -0.8797 -0.1190
vn -0.2340 0.8151 -0.5300
vn -0.4698 0.7641 -0.4421
vn -0.3600 0.8736 -0.3276
vn -0.5302 0.8225 -0.2060
vn -0.0328 0.7985 -0.6011
vn -0.1668 0.8242 -0.5412
vn 0.1600 0.7417 -0.6513
vn 0.1743 0.7190 -0.6728
vn 0.4055 0.6684 -0.6235
vn 0.4444 0.5934 -0.6711
vn -0.0012 -0.7155 -0.6986
vn -0.3066 -0.6076 -0.7327
vn -0.6647 -0.4724 -0.5787
vn -0.7940 -0.5584 -0.2404
vn 0.2947 -0.6180 -0.7289
vn 0.5985 -0.5432 -0.5889
vn 0.6738 -0.6913 -0.2609
vn -0.0101 -0.0569 -0.9983
vn -0.4507 -0.0363 -0.8919
vn 0.3911 -0.1060 -0.9142
vn 0.6500 -0.1406 -0.7468
vn 0.8039 -0.2182 -0.5532
vn -0.7458 -0.0262 -0.6656
vn -0.9276 -0.0188 -0.3730
vn -0.3247 0.5223 -0.7885
vn -0.0347 0.5737 -0.8183
vn 0.2640 0.4364 -0.8602
vn 0.5806 0.3119 -0.7521
vn 0.6797 0.3502 -0.6445
vn -0.6726 0.4131 -0.6140
vn -0.8114 0.5096 -0.2861
vn -0.5189 0.7325 -0.4406
vn -0.2182 0.6410 -0.7359
vn 0.0613 0.4196 -0.9056
vn 0.2824 0.2354 -0.9300
vn 0.5461 0.1207 -0.8290
vn 0.7429 -0.2769 -0.6095
vn 0.6916 -0.6613 -0.2907
vn 0.0293 -0.6772 -0.7353
vn 0.2273 -0.1926 -0.9546
vn 0.4200 -0.4894 -0.7643
vn 0.5093 -0.7633 -0.3974
vn -0.7626 -0.2662 -0.5895
vn -0.2530 -0.2794 -0.9262
vn 0.0139 -0.3566 -0.9341
vn -0.6807 -0.4690 0.5628
vn -0.0588 -0.9463 0.3178
vn -0.0000 -0.9579 0.2872
vn -0.8852 -0.4569 -0.0874
vn -0.2530 -0.2796 -0.9262
vn -0.7626 -0.2663 -0.5895
vn 0.0139 -0.3568 -0.9341
vn 0.0683 -0.9611 -0.2675
vn -0.0302 -0.7116 -0.7020
vn -0.0065 -0.5041 -0.8636
vn 0.2392 -0.4515 -0.8596
vn 0.7442 -0.3569 -0.5646
vn 0.8793 -0.4762 0.0092
vn 0.7117 -0.4050 0.5739
vn 0.0590 -0.9465 0.3172
vn 0.2341 -0.4955 0.8364
vn -0.0267 -0.7002 0.7134
vt 0.774122 0.318906
vt 0.774159 0.311734
vt 0.775387 0.319230
vt 0.777106 0.311054
vt 0.772816 0.319257
vt 0.771230 0.310984
vt 0.768745 0.307020
vt 0.774216 0.307527
vt 0.779707 0.306996
vt 0.801674 0.350862
vt 0.811179 0.350297
vt 0.809872 0.352354
vt 0.801689 0.352517
vt 0.793957 0.369367
vt 0.790464 0.362345
vt 0.795345 0.366800
vt 0.792203 0.361354
vt 0.800196 0.369207
vt 0.799317 0.372274
vt 0.790296 0.356109
vt 0.794813 0.352549
vt 0.792039 0.356535
vt 0.795801 0.353708
vt 0.815839 0.365271
vt 0.818827 0.360596
vt 0.817983 0.367085
vt 0.816217 0.360569
vt 0.805553 0.372413
vt 0.805835 0.369371
vt 0.817202 0.354920
vt 0.815021 0.356204
vt 0.811481 0.367985
vt 0.812179 0.370625
vt 0.797797 0.364072
vt 0.800792 0.365485
vt 0.804327 0.365696
vt 0.810853 0.363218
vt 0.808104 0.364941
vt 0.795610 0.357787
vt 0.795699 0.360671
vt 0.806616 0.355285
vt 0.809783 0.357655
vt 0.801782 0.355304
vt 0.810921 0.360320
vt 0.798029 0.356019
vt 0.806594 0.361905
vt 0.806337 0.360325
vt 0.805762 0.358984
vt 0.801489 0.362842
vt 0.803398 0.363087
vt 0.798859 0.360308
vt 0.799989 0.362041
vt 0.804193 0.357702
vt 0.798801 0.358922
vt 0.800025 0.358043
vt 0.801897 0.357656
vt 0.805200 0.362690
vt 0.802458 0.360228
vt 0.737985 0.352034
vt 0.736665 0.349909
vt 0.746350 0.350694
vt 0.746300 0.352328
vt 0.752429 0.366770
vt 0.755676 0.361216
vt 0.757452 0.362177
vt 0.753869 0.369243
vt 0.747651 0.368963
vt 0.748538 0.372023
vt 0.752061 0.353578
vt 0.753182 0.352349
vt 0.755851 0.356448
vt 0.757554 0.356119
vt 0.729988 0.366678
vt 0.729106 0.360224
vt 0.731981 0.364983
vt 0.731704 0.360258
vt 0.742184 0.372310
vt 0.742031 0.369130
vt 0.730677 0.354607
vt 0.732965 0.355813
vt 0.735473 0.370504
vt 0.736341 0.367749
vt 0.750049 0.363922
vt 0.747052 0.365282
vt 0.743419 0.365540
vt 0.736956 0.362965
vt 0.739842 0.364648
vt 0.752245 0.357652
vt 0.752124 0.360520
vt 0.741188 0.355026
vt 0.738021 0.357385
vt 0.746074 0.355125
vt 0.736962 0.359985
vt 0.749753 0.355908
vt 0.741384 0.361545
vt 0.741531 0.360054
vt 0.742110 0.358709
vt 0.746354 0.362635
vt 0.744409 0.362905
vt 0.748972 0.360116
vt 0.747958 0.361749
vt 0.743585 0.357513
vt 0.747710 0.357906
vt 0.749018 0.358722
vt 0.745821 0.357514
vt 0.742593 0.362490
vt 0.745397 0.360034
vt 0.774048 0.330530
vt 0.776860 0.328544
vt 0.776907 0.330795
vt 0.774059 0.327918
vt 0.774034 0.333583
vt 0.777418 0.333742
vt 0.774028 0.336178
vt 0.778056 0.335971
vt 0.774089 0.325358
vt 0.776186 0.325771
vt 0.778068 0.327106
vt 0.781760 0.332052
vt 0.780875 0.334777
vt 0.771177 0.330793
vt 0.771241 0.328540
vt 0.770659 0.333766
vt 0.769978 0.335973
vt 0.771990 0.325766
vt 0.770089 0.327146
vt 0.766314 0.332021
vt 0.767214 0.334772
vt 0.774223 0.304912
vt 0.779700 0.304693
vt 0.774155 0.298449
vt 0.780569 0.298971
vt 0.776674 0.320142
vt 0.784581 0.301997
vt 0.784829 0.305054
vt 0.778441 0.312549
vt 0.784266 0.300568
vt 0.768727 0.304769
vt 0.767795 0.299112
vt 0.771568 0.320150
vt 0.763589 0.305030
vt 0.763741 0.301749
vt 0.769920 0.312429
vt 0.764096 0.300515
vt 0.516824 0.587155
vt 0.482980 0.591304
vt 0.493723 0.562004
vt 0.383901 0.624100
vt 0.390542 0.610574
vt 0.391394 0.619041
vt 0.368550 0.587196
vt 0.404625 0.591544
vt 0.389644 0.601638
vt 0.496403 0.610638
vt 0.497769 0.600338
vt 0.501880 0.623854
vt 0.486898 0.624548
vt 0.495230 0.619479
vt 0.409455 0.653606
vt 0.424280 0.625135
vt 0.442826 0.647447
vt 0.405862 0.628688
vt 0.442822 0.621558
vt 0.460372 0.625024
vt 0.391656 0.562071
vt 0.418852 0.581957
vt 0.476203 0.654128
vt 0.479805 0.628863
vt 0.443300 0.608826
vt 0.443300 0.614147
vt 0.453069 0.612876
vt 0.545904 0.150248
vt 0.528344 0.129769
vt 0.531343 0.126272
vt 0.540648 0.156175
vt 0.545213 0.103345
vt 0.565051 0.114692
vt 0.606503 0.220693
vt 0.605639 0.206684
vt 0.632184 0.199659
vt 0.631858 0.212195
vt 0.616128 0.131482
vt 0.633557 0.133312
vt 0.567785 0.198339
vt 0.571472 0.185788
vt 0.588471 0.123819
vt 0.568256 0.104121
vt 0.552136 0.085557
vt 0.571261 0.093713
vt 0.548751 0.094820
vt 0.591231 0.110125
vt 0.593463 0.098013
vt 0.617098 0.115989
vt 0.618189 0.100944
vt 0.633538 0.117137
vt 0.633539 0.101744
vt 0.605518 0.032818
vt 0.622050 0.034334
vt 0.591385 0.030135
vt 0.577218 0.024702
vt 0.633585 0.034721
vt 0.991740 0.111159
vt 0.993674 0.114529
vt 0.976680 0.134628
vt 0.981000 0.140732
vt 0.957522 0.099084
vt 0.977870 0.088230
vt 0.890364 0.184047
vt 0.916899 0.191069
vt 0.915752 0.205901
vt 0.890670 0.197333
vt 0.889006 0.117705
vt 0.906433 0.115875
vt 0.951069 0.170202
vt 0.954072 0.183365
vt 0.934112 0.108216
vt 0.954318 0.088513
vt 0.970943 0.070441
vt 0.974328 0.079705
vt 0.951313 0.078105
vt 0.931334 0.094528
vt 0.929109 0.082420
vt 0.904395 0.085342
vt 0.905475 0.100405
vt 0.889036 0.101537
vt 0.889046 0.086147
vt 0.900521 0.018722
vt 0.917054 0.017203
vt 0.931187 0.014515
vt 0.945355 0.009080
vt 0.888986 0.019110
vt 0.891080 0.679134
vt 0.900867 0.679634
vt 0.900385 0.689971
vt 0.890625 0.689969
vt 0.910204 0.679942
vt 0.909711 0.689971
vt 0.892573 0.663372
vt 0.902280 0.664699
vt 0.911499 0.665676
vt 0.894421 0.649496
vt 0.903995 0.651566
vt 0.912957 0.653157
vt 0.930282 0.675215
vt 0.930389 0.666100
vt 0.934371 0.671785
vt 0.933849 0.666646
vt 0.936601 0.678679
vt 0.938701 0.675275
vt 0.924288 0.665192
vt 0.924482 0.679705
vt 0.946807 0.676023
vt 0.948215 0.680297
vt 0.951206 0.678151
vt 0.953333 0.671690
vt 0.955248 0.672259
vt 0.958721 0.665545
vt 0.959693 0.666551
vt 0.931129 0.658501
vt 0.924060 0.654779
vt 0.942438 0.673276
vt 0.952781 0.669503
vt 0.957164 0.663517
vt 0.948937 0.671486
vt 0.933987 0.658960
vt 0.951656 0.665914
vt 0.954727 0.660708
vt 0.949835 0.664106
vt 0.952303 0.659008
vt 0.946780 0.663504
vt 0.948674 0.657891
vt 0.942608 0.664304
vt 0.943553 0.657566
vt 0.938436 0.665697
vt 0.938565 0.658187
vt 0.947914 0.667528
vt 0.949732 0.668378
vt 0.945913 0.666512
vt 0.939569 0.670132
vt 0.945530 0.670805
vt 0.943115 0.668234
vt 0.961806 0.667844
vt 0.956419 0.673563
vt 0.954270 0.678257
vt 0.952832 0.683036
vt 0.954778 0.682533
vt 0.957417 0.686090
vt 0.955627 0.687188
vt 0.962458 0.688180
vt 0.970415 0.688762
vt 0.961936 0.688655
vt 0.970752 0.688433
vt 0.965127 0.684352
vt 0.972108 0.683834
vt 0.966865 0.680911
vt 0.972587 0.679374
vt 0.966740 0.678402
vt 0.971965 0.676324
vt 0.964806 0.676350
vt 0.969974 0.673413
vt 0.960911 0.674774
vt 0.966149 0.670236
vt 0.962973 0.679853
vt 0.963724 0.681534
vt 0.962113 0.678092
vt 0.958925 0.681294
vt 0.958676 0.678108
vt 0.961129 0.683603
vt 0.951310 0.683261
vt 0.954308 0.689990
vt 0.962142 0.689992
vt 0.971070 0.689995
vt 0.924725 0.689973
vt 0.936273 0.689976
vt 0.947525 0.689987
vt 0.962810 0.772029
vt 0.962335 0.761699
vt 0.972124 0.761207
vt 0.972569 0.772031
vt 0.953488 0.772026
vt 0.953000 0.762001
vt 0.960934 0.746767
vt 0.970639 0.745449
vt 0.951719 0.747734
vt 0.959236 0.733639
vt 0.968815 0.731582
vt 0.950272 0.735216
vt 0.928839 0.753817
vt 0.929370 0.748669
vt 0.932826 0.748133
vt 0.932919 0.757262
vt 0.926596 0.760727
vt 0.924502 0.757315
vt 0.938926 0.747233
vt 0.938716 0.761755
vt 0.914989 0.762341
vt 0.916396 0.758064
vt 0.912000 0.760186
vt 0.909875 0.753716
vt 0.907959 0.754288
vt 0.904490 0.747579
vt 0.903514 0.748590
vt 0.932096 0.740531
vt 0.939162 0.736824
vt 0.920768 0.755312
vt 0.910428 0.751529
vt 0.906054 0.745544
vt 0.914272 0.753520
vt 0.929241 0.740991
vt 0.908505 0.742728
vt 0.911561 0.747941
vt 0.910930 0.741034
vt 0.913385 0.746134
vt 0.914557 0.739926
vt 0.916440 0.745536
vt 0.919673 0.739612
vt 0.920604 0.746342
vt 0.924655 0.740237
vt 0.924780 0.747726
vt 0.913481 0.750405
vt 0.915300 0.749557
vt 0.917296 0.748545
vt 0.923638 0.752169
vt 0.917682 0.752832
vt 0.920095 0.750267
vt 0.906788 0.755593
vt 0.901404 0.749876
vt 0.908932 0.760278
vt 0.910373 0.765078
vt 0.908429 0.764574
vt 0.907573 0.769231
vt 0.905786 0.768132
vt 0.901270 0.770699
vt 0.892794 0.770801
vt 0.900745 0.770225
vt 0.892454 0.770472
vt 0.891095 0.765868
vt 0.898072 0.766386
vt 0.890625 0.761411
vt 0.896344 0.762945
vt 0.891237 0.758339
vt 0.896465 0.760426
vt 0.893218 0.755408
vt 0.898395 0.758364
vt 0.897053 0.752245
vt 0.902293 0.756800
vt 0.899474 0.763561
vt 0.900228 0.761875
vt 0.901093 0.760116
vt 0.904283 0.763333
vt 0.904531 0.760135
vt 0.902067 0.765637
vt 0.911894 0.765303
vt 0.908891 0.772033
vt 0.901061 0.772035
vt 0.892139 0.772029
vt 0.938480 0.772021
vt 0.926918 0.772027
vt 0.915667 0.772031
vt 0.894531 0.889902
vt 0.904380 0.889898
vt 0.894634 0.904914
vt 0.904463 0.904541
vt 0.913681 0.889898
vt 0.913662 0.904096
vt 0.948996 0.889902
vt 0.953121 0.896287
vt 0.951221 0.899312
vt 0.952034 0.889903
vt 0.953658 0.900472
vt 0.956386 0.893043
vt 0.955375 0.889904
vt 0.959669 0.891246
vt 0.959448 0.889908
vt 0.925294 0.903704
vt 0.935269 0.904973
vt 0.932907 0.907328
vt 0.941219 0.900873
vt 0.937441 0.905937
vt 0.941510 0.903747
vt 0.948067 0.899902
vt 0.948097 0.902963
vt 0.951537 0.903375
vt 0.945985 0.889902
vt 0.950953 0.906890
vt 0.953374 0.905674
vt 0.944647 0.905774
vt 0.941478 0.908620
vt 0.935676 0.908354
vt 0.948816 0.914062
vt 0.950891 0.911000
vt 0.952748 0.912731
vt 0.948628 0.912002
vt 0.952371 0.909471
vt 0.954370 0.909769
vt 0.948151 0.908654
vt 0.945439 0.910805
vt 0.939503 0.910887
vt 0.943828 0.912990
vt 0.956003 0.900974
vt 0.955278 0.903695
vt 0.952884 0.903216
vt 0.957177 0.897366
vt 0.958775 0.893983
vt 0.960016 0.891471
vt 0.965110 0.903201
vt 0.965395 0.899684
vt 0.967759 0.900360
vt 0.964060 0.901447
vt 0.965749 0.897657
vt 0.967552 0.896939
vt 0.961877 0.898721
vt 0.963146 0.895919
vt 0.960703 0.901607
vt 0.964390 0.893604
vt 0.960181 0.904158
vt 0.939856 0.889901
vt 0.925347 0.889897
vt 0.953943 0.853750
vt 0.954035 0.839105
vt 0.963761 0.854139
vt 0.963886 0.839105
vt 0.944748 0.853300
vt 0.944737 0.839104
vt 0.905296 0.845495
vt 0.906402 0.839107
vt 0.909429 0.839106
vt 0.907196 0.848514
vt 0.904758 0.849664
vt 0.902049 0.842242
vt 0.903056 0.839107
vt 0.898990 0.839105
vt 0.898772 0.840440
vt 0.925514 0.856520
vt 0.923152 0.854168
vt 0.933133 0.852903
vt 0.917199 0.850069
vt 0.920973 0.855128
vt 0.916913 0.852949
vt 0.906872 0.852580
vt 0.910317 0.852174
vt 0.910351 0.849103
vt 0.912438 0.839105
vt 0.907464 0.856106
vt 0.905040 0.854923
vt 0.916947 0.857813
vt 0.913781 0.854985
vt 0.922739 0.857542
vt 0.905711 0.861970
vt 0.907547 0.860216
vt 0.909646 0.863281
vt 0.909812 0.861209
vt 0.906056 0.858692
vt 0.904060 0.858994
vt 0.910273 0.857855
vt 0.912995 0.860004
vt 0.918927 0.860077
vt 0.914616 0.862184
vt 0.903119 0.852896
vt 0.902403 0.850172
vt 0.905528 0.852413
vt 0.901237 0.846565
vt 0.899666 0.843172
vt 0.898419 0.840661
vt 0.890625 0.849465
vt 0.892998 0.848828
vt 0.893246 0.852344
vt 0.894315 0.850603
vt 0.892666 0.846797
vt 0.890872 0.846063
vt 0.896530 0.847893
vt 0.895282 0.845082
vt 0.897688 0.850787
vt 0.894058 0.842755
vt 0.898195 0.853341
vt 0.918567 0.839101
vt 0.933076 0.839103
vt 0.088175 0.334585
vt 0.117885 0.344650
vt 0.100523 0.374492
vt 0.061074 0.365596
vt 0.086746 0.422108
vt 0.042416 0.419705
vt 0.175155 0.281859
vt 0.180165 0.286580
vt 0.143845 0.321849
vt 0.126115 0.314057
vt 0.183043 0.288866
vt 0.158844 0.324996
vt 0.138222 0.381117
vt 0.133893 0.424311
vt 0.144565 0.351765
vt 0.171088 0.275038
vt 0.112622 0.302247
vt 0.030160 0.354585
vt 0.013719 0.417179
vt 0.062223 0.319257
vt 0.261107 0.378714
vt 0.258786 0.397022
vt 0.248188 0.375770
vt 0.245839 0.395061
vt 0.254196 0.357655
vt 0.266782 0.361454
vt 0.265830 0.333254
vt 0.277627 0.338069
vt 0.245398 0.423936
vt 0.258383 0.424220
vt 0.170407 0.357667
vt 0.236613 0.373281
vt 0.234031 0.393502
vt 0.163957 0.383439
vt 0.242791 0.354273
vt 0.183703 0.335493
vt 0.254775 0.328276
vt 0.205912 0.301807
vt 0.159541 0.424579
vt 0.232814 0.423987
vt 0.192590 0.294208
vt 0.169554 0.329136
vt 0.155814 0.354206
vt 0.149307 0.382304
vt 0.144901 0.424435
vt 0.282048 0.398328
vt 0.304594 0.422769
vt 0.288560 0.370492
vt 0.319636 0.357067
vt 0.280275 0.383195
vt 0.384194 0.169744
vt 0.393050 0.209216
vt 0.353254 0.196772
vt 0.363254 0.226556
vt 0.438179 0.151102
vt 0.440581 0.195447
vt 0.340379 0.252528
vt 0.300780 0.283813
vt 0.332629 0.234778
vt 0.305506 0.288836
vt 0.343520 0.267496
vt 0.307779 0.291688
vt 0.442805 0.242612
vt 0.399642 0.246973
vt 0.370286 0.253283
vt 0.320946 0.221174
vt 0.293969 0.279745
vt 0.373185 0.138803
vt 0.435694 0.122419
vt 0.337857 0.170832
vt 0.394266 0.356981
vt 0.415622 0.367540
vt 0.397304 0.369853
vt 0.413594 0.354642
vt 0.380008 0.375570
vt 0.376160 0.363000
vt 0.357166 0.386398
vt 0.352228 0.374628
vt 0.442421 0.354172
vt 0.442693 0.367191
vt 0.412053 0.342819
vt 0.391784 0.345399
vt 0.376189 0.279139
vt 0.401937 0.272688
vt 0.353961 0.292398
vt 0.372725 0.351595
vt 0.320699 0.314565
vt 0.347123 0.363589
vt 0.442524 0.341557
vt 0.443087 0.268296
vt 0.347646 0.278222
vt 0.313121 0.301247
vt 0.372784 0.264540
vt 0.400888 0.258042
vt 0.442908 0.253652
vt 0.416823 0.390790
vt 0.441200 0.413387
vt 0.389108 0.397193
vt 0.375838 0.427040
vt 0.401843 0.388904
vt 0.060104 0.570025
vt 0.062629 0.558293
vt 0.066176 0.566252
vt 0.066746 0.559600
vt 0.067708 0.575374
vt 0.070995 0.571195
vt 0.055355 0.555536
vt 0.051472 0.574961
vt 0.081264 0.572783
vt 0.082469 0.578167
vt 0.086495 0.575587
vt 0.089976 0.567846
vt 0.092242 0.568613
vt 0.097392 0.560565
vt 0.098450 0.561810
vt 0.065822 0.549131
vt 0.060387 0.539871
vt 0.076113 0.569033
vt 0.089548 0.565201
vt 0.095787 0.558027
vt 0.084512 0.567356
vt 0.068878 0.550157
vt 0.088673 0.560705
vt 0.093262 0.554436
vt 0.086734 0.558283
vt 0.090602 0.552115
vt 0.083110 0.557231
vt 0.086366 0.550320
vt 0.077929 0.557822
vt 0.080258 0.549325
vt 0.072612 0.559111
vt 0.074276 0.549581
vt 0.083844 0.562381
vt 0.085946 0.563598
vt 0.081559 0.560940
vt 0.073073 0.564837
vt 0.080383 0.566268
vt 0.077828 0.562826
vt 0.100894 0.563394
vt 0.093519 0.570235
vt 0.090322 0.575856
vt 0.088179 0.581651
vt 0.090656 0.581102
vt 0.093815 0.585453
vt 0.091548 0.586767
vt 0.100159 0.587972
vt 0.110113 0.588671
vt 0.099521 0.588529
vt 0.110549 0.588297
vt 0.103516 0.583452
vt 0.112423 0.583028
vt 0.105834 0.579406
vt 0.113244 0.577716
vt 0.105844 0.576387
vt 0.112670 0.573982
vt 0.103576 0.573852
vt 0.110381 0.570342
vt 0.098906 0.571849
vt 0.105909 0.566381
vt 0.100973 0.578068
vt 0.101816 0.580094
vt 0.100025 0.575923
vt 0.095847 0.579705
vt 0.095776 0.575837
vt 0.098490 0.582531
vt 0.086226 0.581885
vt 0.099761 0.590094
vt 0.089793 0.590083
vt 0.110938 0.590086
vt 0.066103 0.590056
vt 0.050821 0.590055
vt 0.081054 0.590068
vt 0.066718 0.620512
vt 0.062598 0.621802
vt 0.066163 0.613885
vt 0.060112 0.610076
vt 0.067725 0.604708
vt 0.070991 0.608902
vt 0.055330 0.624558
vt 0.051478 0.605152
vt 0.082476 0.601972
vt 0.081262 0.607325
vt 0.086517 0.604530
vt 0.089965 0.612259
vt 0.092245 0.611527
vt 0.097351 0.619570
vt 0.098412 0.618334
vt 0.065753 0.630987
vt 0.060337 0.640278
vt 0.076099 0.611078
vt 0.089551 0.614904
vt 0.095751 0.622102
vt 0.084499 0.612758
vt 0.068821 0.629963
vt 0.093234 0.625683
vt 0.088664 0.619391
vt 0.090560 0.628005
vt 0.086721 0.621799
vt 0.086364 0.629774
vt 0.083104 0.622869
vt 0.080206 0.630768
vt 0.077912 0.622291
vt 0.074232 0.630520
vt 0.072579 0.620994
vt 0.083824 0.617709
vt 0.085934 0.616494
vt 0.081549 0.619167
vt 0.073056 0.615270
vt 0.080371 0.613860
vt 0.077806 0.617272
vt 0.093521 0.609915
vt 0.100838 0.616757
vt 0.090335 0.604280
vt 0.088194 0.598486
vt 0.090676 0.599047
vt 0.091597 0.593405
vt 0.093864 0.594729
vt 0.099519 0.591660
vt 0.110104 0.591499
vt 0.100164 0.592221
vt 0.110539 0.591875
vt 0.112440 0.597119
vt 0.103547 0.596738
vt 0.113253 0.602418
vt 0.105865 0.600777
vt 0.112643 0.606163
vt 0.105856 0.603794
vt 0.110365 0.609814
vt 0.103591 0.606322
vt 0.105913 0.613786
vt 0.098927 0.608327
vt 0.101860 0.600110
vt 0.101012 0.602129
vt 0.100061 0.604264
vt 0.095891 0.600478
vt 0.095810 0.604338
vt 0.098543 0.597679
vt 0.086257 0.598257
vt 0.035345 0.635185
vt 0.034074 0.652659
vt 0.026451 0.635192
vt 0.024077 0.656250
vt 0.035374 0.544900
vt 0.034125 0.527422
vt 0.026481 0.544884
vt 0.024098 0.523889
vt 0.041631 0.607048
vt 0.033746 0.605246
vt 0.041629 0.573068
vt 0.033752 0.574876
vt 0.043697 0.590049
vt 0.035155 0.590051
vt 0.020054 0.631412
vt 0.026520 0.601355
vt 0.026519 0.578745
vt 0.020068 0.548694
vt 0.025835 0.590047
vt 0.410733 0.515952
vt 0.409435 0.511827
vt 0.417344 0.515379
vt 0.421140 0.509307
vt 0.426493 0.516926
vt 0.422331 0.520213
vt 0.406681 0.504552
vt 0.426078 0.500681
vt 0.429281 0.531722
vt 0.423932 0.530499
vt 0.426716 0.535754
vt 0.418980 0.539231
vt 0.419731 0.541501
vt 0.411625 0.546574
vt 0.412867 0.547639
vt 0.400281 0.514995
vt 0.391000 0.509553
vt 0.420187 0.525331
vt 0.416328 0.538783
vt 0.409084 0.544973
vt 0.418503 0.533732
vt 0.401305 0.518060
vt 0.405553 0.542404
vt 0.411862 0.537862
vt 0.403243 0.539741
vt 0.409447 0.535912
vt 0.401489 0.535567
vt 0.408382 0.532316
vt 0.400479 0.529443
vt 0.408973 0.527120
vt 0.400743 0.523444
vt 0.410257 0.521810
vt 0.413528 0.533046
vt 0.414748 0.535152
vt 0.412068 0.530767
vt 0.415976 0.522273
vt 0.417391 0.529595
vt 0.413969 0.527034
vt 0.421349 0.542782
vt 0.414458 0.550057
vt 0.426985 0.539565
vt 0.432760 0.537439
vt 0.432203 0.539919
vt 0.437854 0.540831
vt 0.436541 0.543100
vt 0.439610 0.548764
vt 0.439790 0.559363
vt 0.439049 0.549408
vt 0.439417 0.559807
vt 0.434124 0.561734
vt 0.434534 0.552790
vt 0.428814 0.562488
vt 0.430488 0.555109
vt 0.425069 0.561910
vt 0.427465 0.555109
vt 0.421418 0.559620
vt 0.424925 0.552842
vt 0.417435 0.555151
vt 0.422925 0.548177
vt 0.431164 0.551105
vt 0.429140 0.550241
vt 0.426999 0.549296
vt 0.430796 0.545134
vt 0.426933 0.545055
vt 0.433607 0.547778
vt 0.433001 0.535482
vt 0.441178 0.548997
vt 0.441171 0.539031
vt 0.441208 0.560194
vt 0.441160 0.515354
vt 0.441150 0.500035
vt 0.441172 0.530291
vt 0.461178 0.509335
vt 0.472907 0.511842
vt 0.464954 0.515401
vt 0.471600 0.515953
vt 0.455819 0.516958
vt 0.459995 0.520246
vt 0.475642 0.504563
vt 0.456243 0.500676
vt 0.458429 0.530524
vt 0.453075 0.531741
vt 0.455638 0.535753
vt 0.463389 0.539238
vt 0.462637 0.541497
vt 0.470705 0.546644
vt 0.469470 0.547688
vt 0.482076 0.515007
vt 0.491333 0.509557
vt 0.462162 0.525363
vt 0.466045 0.538822
vt 0.473221 0.545020
vt 0.463856 0.533768
vt 0.481049 0.518063
vt 0.470528 0.537923
vt 0.476792 0.542494
vt 0.472926 0.535981
vt 0.479110 0.539840
vt 0.473991 0.532372
vt 0.480900 0.535607
vt 0.473421 0.527174
vt 0.481903 0.529519
vt 0.472093 0.521816
vt 0.481632 0.523501
vt 0.468845 0.533094
vt 0.467628 0.535191
vt 0.470300 0.530809
vt 0.466367 0.522302
vt 0.464963 0.529629
vt 0.468410 0.527066
vt 0.467897 0.550103
vt 0.461019 0.542765
vt 0.455367 0.539552
vt 0.449587 0.537444
vt 0.450147 0.539921
vt 0.445810 0.543098
vt 0.444490 0.540828
vt 0.443316 0.549394
vt 0.442621 0.559360
vt 0.442753 0.548749
vt 0.442996 0.559800
vt 0.447833 0.552779
vt 0.448282 0.561693
vt 0.451884 0.555073
vt 0.453574 0.562500
vt 0.454903 0.555066
vt 0.457288 0.561878
vt 0.457431 0.552810
vt 0.460925 0.559585
vt 0.459424 0.548152
vt 0.464911 0.555128
vt 0.453227 0.550234
vt 0.451203 0.551078
vt 0.455368 0.549284
vt 0.451562 0.545127
vt 0.455433 0.545027
vt 0.448766 0.547765
vt 0.449345 0.535489
vt 0.486234 0.484559
vt 0.503706 0.483277
vt 0.507287 0.473274
vt 0.486235 0.475664
vt 0.396008 0.484592
vt 0.378537 0.483331
vt 0.396022 0.475682
vt 0.375000 0.473310
vt 0.458101 0.490827
vt 0.456277 0.482943
vt 0.424195 0.490838
vt 0.425973 0.482944
vt 0.441136 0.492910
vt 0.441119 0.484319
vt 0.452412 0.475702
vt 0.482453 0.469267
vt 0.399789 0.469285
vt 0.429829 0.475712
vt 0.441119 0.475002
vt 0.863710 0.627873
vt 0.851513 0.630770
vt 0.859781 0.625440
vt 0.851507 0.626868
vt 0.865175 0.624738
vt 0.855539 0.621239
vt 0.851497 0.622567
vt 0.851493 0.617300
vt 0.853212 0.616991
vt 0.874884 0.650803
vt 0.869013 0.660978
vt 0.871498 0.648121
vt 0.865743 0.640698
vt 0.872553 0.645299
vt 0.869491 0.640233
vt 0.868427 0.631830
vt 0.864468 0.631918
vt 0.868992 0.627391
vt 0.851515 0.634658
vt 0.873516 0.628209
vt 0.872024 0.625083
vt 0.875744 0.640132
vt 0.872046 0.636202
vt 0.875793 0.647365
vt 0.882679 0.630970
vt 0.878747 0.628324
vt 0.880987 0.625974
vt 0.880015 0.631183
vt 0.876816 0.626430
vt 0.877263 0.623884
vt 0.875733 0.631771
vt 0.878476 0.635167
vt 0.878736 0.642557
vt 0.881298 0.637196
vt 0.865755 0.621708
vt 0.869296 0.622559
vt 0.868758 0.625661
vt 0.861111 0.620241
vt 0.856746 0.618189
vt 0.853514 0.616544
vt 0.866220 0.611491
vt 0.863997 0.609834
vt 0.864855 0.606840
vt 0.868440 0.610118
vt 0.861456 0.609368
vt 0.860585 0.607049
vt 0.862790 0.614279
vt 0.859237 0.612645
vt 0.866477 0.615725
vt 0.856288 0.610996
vt 0.869765 0.616313
vt 0.851517 0.642585
vt 0.851499 0.660878
vt 0.843253 0.625462
vt 0.839321 0.627875
vt 0.837857 0.624745
vt 0.847453 0.621263
vt 0.849774 0.617025
vt 0.831544 0.648107
vt 0.833998 0.660967
vt 0.828163 0.650786
vt 0.837291 0.640693
vt 0.830500 0.645274
vt 0.833550 0.640223
vt 0.834009 0.627403
vt 0.834585 0.631834
vt 0.838553 0.631912
vt 0.829475 0.628230
vt 0.830963 0.625104
vt 0.830968 0.636212
vt 0.827271 0.640148
vt 0.827258 0.647342
vt 0.821922 0.626083
vt 0.824209 0.628381
vt 0.820312 0.631052
vt 0.822974 0.631241
vt 0.826132 0.626474
vt 0.825674 0.623927
vt 0.827266 0.631792
vt 0.824533 0.635198
vt 0.824277 0.642579
vt 0.821712 0.637227
vt 0.833701 0.622579
vt 0.837241 0.621721
vt 0.834256 0.625675
vt 0.841884 0.620265
vt 0.846238 0.618222
vt 0.849471 0.616580
vt 0.838204 0.606833
vt 0.836780 0.611466
vt 0.834576 0.610057
vt 0.839010 0.609845
vt 0.841562 0.609397
vt 0.842473 0.607094
vt 0.843761 0.612691
vt 0.840195 0.614299
vt 0.836483 0.615723
vt 0.846716 0.611061
vt 0.833193 0.616310
vt 0.833535 0.691911
vt 0.851521 0.692742
vt 0.833622 0.703031
vt 0.851554 0.704871
vt 0.869491 0.691857
vt 0.869504 0.702955
vt 0.948961 0.624369
vt 0.948958 0.620481
vt 0.957119 0.625822
vt 0.961001 0.623425
vt 0.962460 0.626553
vt 0.948964 0.628664
vt 0.952976 0.629992
vt 0.948961 0.633910
vt 0.950659 0.634205
vt 0.968870 0.603319
vt 0.966465 0.590416
vt 0.972263 0.600670
vt 0.963107 0.610681
vt 0.969905 0.606151
vt 0.966849 0.611179
vt 0.966222 0.623934
vt 0.965743 0.619531
vt 0.961799 0.619414
vt 0.948955 0.616620
vt 0.970760 0.623236
vt 0.969179 0.626320
vt 0.969393 0.615224
vt 0.973095 0.611333
vt 0.973151 0.604109
vt 0.978201 0.625616
vt 0.976000 0.623217
vt 0.979977 0.620613
vt 0.977327 0.620349
vt 0.974014 0.625092
vt 0.974395 0.627647
vt 0.973027 0.619723
vt 0.975818 0.616332
vt 0.976084 0.608936
vt 0.978644 0.614341
vt 0.966611 0.628675
vt 0.963089 0.629557
vt 0.966000 0.625621
vt 0.958488 0.631016
vt 0.954173 0.633029
vt 0.950951 0.634643
vt 0.962225 0.644531
vt 0.963645 0.639814
vt 0.965897 0.641181
vt 0.961392 0.641489
vt 0.958811 0.641918
vt 0.957871 0.644229
vt 0.956625 0.638602
vt 0.960183 0.636998
vt 0.963871 0.635543
vt 0.953654 0.640204
vt 0.967154 0.634906
vt 0.948947 0.608758
vt 0.948943 0.590471
vt 0.936926 0.623435
vt 0.940795 0.625836
vt 0.935465 0.626564
vt 0.944952 0.629995
vt 0.947266 0.634205
vt 0.925625 0.600697
vt 0.931421 0.590419
vt 0.929023 0.603347
vt 0.934789 0.610694
vt 0.927992 0.606192
vt 0.931061 0.611209
vt 0.932180 0.619546
vt 0.936135 0.619425
vt 0.931725 0.623942
vt 0.927194 0.623272
vt 0.928815 0.626352
vt 0.924809 0.611394
vt 0.928519 0.615254
vt 0.924741 0.604160
vt 0.917969 0.620712
vt 0.921962 0.623294
vt 0.919743 0.625682
vt 0.920619 0.620437
vt 0.923943 0.625141
vt 0.923587 0.627698
vt 0.924911 0.619775
vt 0.922106 0.616408
vt 0.921806 0.608996
vt 0.919256 0.614405
vt 0.934836 0.629563
vt 0.931321 0.628673
vt 0.931919 0.625629
vt 0.939438 0.631024
vt 0.943754 0.633034
vt 0.946974 0.634651
vt 0.934256 0.639806
vt 0.936507 0.641477
vt 0.935648 0.644506
vt 0.932000 0.641166
vt 0.939082 0.641921
vt 0.940016 0.644229
vt 0.937726 0.637007
vt 0.941286 0.638614
vt 0.934044 0.635540
vt 0.944256 0.640217
vt 0.930761 0.634896
vt 0.930950 0.559384
vt 0.948962 0.558517
vt 0.948957 0.546355
vt 0.930976 0.548250
vt 0.966979 0.559377
vt 0.966929 0.548220
vt 0.584657 0.798675
vt 0.552333 0.774888
vt 0.605669 0.760589
vt 0.610615 0.783734
vt 0.575616 0.898408
vt 0.601177 0.884826
vt 0.590760 0.945053
vt 0.566731 0.848864
vt 0.594909 0.835986
vt 0.557825 0.811123
vt 0.474508 0.697504
vt 0.495164 0.695592
vt 0.521180 0.823066
vt 0.514114 0.785250
vt 0.482792 0.830312
vt 0.480427 0.789530
vt 0.443090 0.832222
vt 0.442998 0.792154
vt 0.509751 0.749561
vt 0.552503 0.757933
vt 0.521575 0.740206
vt 0.512137 0.693604
vt 0.513070 0.631498
vt 0.477453 0.745726
vt 0.442941 0.745317
vt 0.442964 0.694127
vt 0.600528 0.747005
vt 0.571148 0.994143
vt 0.568824 0.977929
vt 0.616023 0.973597
vt 0.642915 0.985517
vt 0.643925 0.969610
vt 0.678357 0.987339
vt 0.682122 0.967166
vt 0.709494 0.986968
vt 0.610185 0.938564
vt 0.609862 0.887440
vt 0.555769 0.946481
vt 0.543076 0.910898
vt 0.635788 0.865067
vt 0.634048 0.857846
vt 0.674204 0.956100
vt 0.504488 0.984732
vt 0.498357 0.953636
vt 0.493556 0.923249
vt 0.442991 0.986423
vt 0.443064 0.955779
vt 0.443081 0.926009
vt 0.443113 0.877951
vt 0.488761 0.872736
vt 0.530411 0.863942
vt 0.622936 0.820027
vt 0.505422 0.994749
vt 0.443001 0.995094
vt 0.280682 0.761120
vt 0.333671 0.775215
vt 0.301389 0.799013
vt 0.275729 0.784188
vt 0.295344 0.945045
vt 0.284607 0.885239
vt 0.310208 0.898803
vt 0.291268 0.836337
vt 0.319220 0.849158
vt 0.328044 0.811380
vt 0.390530 0.695478
vt 0.411302 0.697347
vt 0.371839 0.785427
vt 0.364767 0.823252
vt 0.405578 0.789887
vt 0.403315 0.830592
vt 0.376062 0.749522
vt 0.333480 0.759618
vt 0.364239 0.741301
vt 0.372608 0.630385
vt 0.373658 0.693847
vt 0.408346 0.745790
vt 0.285650 0.748648
vt 0.270127 0.973417
vt 0.317014 0.978089
vt 0.314764 0.994362
vt 0.243278 0.985437
vt 0.242176 0.970085
vt 0.177448 0.986986
vt 0.204544 0.966792
vt 0.208629 0.985745
vt 0.276240 0.938839
vt 0.276257 0.887603
vt 0.330360 0.946332
vt 0.342939 0.911040
vt 0.250325 0.864800
vt 0.252021 0.858073
vt 0.211837 0.956290
vt 0.387860 0.953374
vt 0.381710 0.984499
vt 0.392603 0.923280
vt 0.397458 0.872910
vt 0.355611 0.864255
vt 0.263313 0.820363
vt 0.380811 0.994490
vt 0.929097 0.304085
vt 0.924639 0.259790
vt 0.971538 0.343042
vt 0.949946 0.343758
vt 0.917635 0.308491
vt 0.930496 0.337029
vt 0.911995 0.273745
vt 0.774437 0.197746
vt 0.774442 0.190793
vt 0.810600 0.202797
vt 0.880991 0.237191
vt 0.851811 0.204970
vt 0.846266 0.213310
vt 0.974770 0.385015
vt 0.948525 0.382405
vt 0.971647 0.423548
vt 0.931518 0.421079
vt 0.881173 0.419988
vt 0.888367 0.439520
vt 0.850005 0.451653
vt 0.850697 0.436776
vt 0.852845 0.464190
vt 0.886313 0.460529
vt 0.866272 0.403819
vt 0.873435 0.405891
vt 0.863739 0.408988
vt 0.850266 0.426773
vt 0.833210 0.445383
vt 0.831898 0.457980
vt 0.802791 0.453737
vt 0.804148 0.465931
vt 0.834655 0.470310
vt 0.805837 0.478734
vt 0.795573 0.441275
vt 0.773785 0.455992
vt 0.773805 0.443567
vt 0.773758 0.468249
vt 0.773756 0.481413
vt 0.791006 0.430801
vt 0.773812 0.432241
vt 0.809448 0.438653
vt 0.920164 0.460433
vt 0.910515 0.396205
vt 0.896849 0.383106
vt 0.884696 0.372777
vt 0.864623 0.394254
vt 0.873774 0.363391
vt 0.855453 0.384185
vt 0.852799 0.364102
vt 0.861200 0.355269
vt 0.845857 0.376146
vt 0.773952 0.361590
vt 0.773973 0.355557
vt 0.781719 0.359327
vt 0.780826 0.353940
vt 0.784361 0.289420
vt 0.774198 0.281644
vt 0.785319 0.282804
vt 0.774154 0.288516
vt 0.787462 0.277089
vt 0.774255 0.265350
vt 0.792787 0.270278
vt 0.774208 0.274327
vt 0.774155 0.294568
vt 0.783038 0.295512
vt 0.774244 0.254893
vt 0.774312 0.240602
vt 0.794409 0.258150
vt 0.797907 0.243982
vt 0.774366 0.226901
vt 0.802014 0.230034
vt 0.774417 0.210625
vt 0.806946 0.215489
vt 0.773925 0.370643
vt 0.783223 0.368409
vt 0.774007 0.350510
vt 0.780042 0.349550
vt 0.789385 0.415374
vt 0.773787 0.416277
vt 0.773850 0.389828
vt 0.787134 0.389242
vt 0.773838 0.403591
vt 0.788045 0.402702
vt 0.773878 0.379487
vt 0.787136 0.377220
vt 0.774044 0.344070
vt 0.779744 0.343110
vt 0.774023 0.338218
vt 0.778402 0.337691
vt 0.835857 0.415245
vt 0.847950 0.417581
vt 0.833011 0.421283
vt 0.820365 0.417029
vt 0.793006 0.300947
vt 0.792969 0.302283
vt 0.834501 0.309861
vt 0.825370 0.295411
vt 0.845794 0.305938
vt 0.834178 0.287656
vt 0.849829 0.351182
vt 0.821269 0.377685
vt 0.828724 0.370126
vt 0.829772 0.380100
vt 0.836308 0.372034
vt 0.821091 0.383751
vt 0.827674 0.347952
vt 0.839247 0.348941
vt 0.830833 0.360943
vt 0.839929 0.361760
vt 0.866209 0.341996
vt 0.850387 0.337950
vt 0.787435 0.355070
vt 0.786459 0.350920
vt 0.820736 0.352920
vt 0.822565 0.361052
vt 0.791737 0.371561
vt 0.787986 0.363437
vt 0.798990 0.374170
vt 0.806666 0.374587
vt 0.813352 0.347831
vt 0.793537 0.350373
vt 0.802308 0.348570
vt 0.815162 0.373112
vt 0.820738 0.368789
vt 0.793896 0.286756
vt 0.791051 0.293417
vt 0.789105 0.298310
vt 0.794305 0.299119
vt 0.804081 0.303158
vt 0.806445 0.300769
vt 0.799750 0.290626
vt 0.796701 0.296177
vt 0.808807 0.297152
vt 0.813127 0.306430
vt 0.793513 0.304231
vt 0.782645 0.323535
vt 0.788387 0.318247
vt 0.788260 0.324127
vt 0.781545 0.319815
vt 0.782549 0.315459
vt 0.788476 0.311188
vt 0.794153 0.316883
vt 0.801122 0.316545
vt 0.794873 0.323764
vt 0.802885 0.322769
vt 0.794136 0.309584
vt 0.801052 0.310104
vt 0.805046 0.327157
vt 0.795380 0.329257
vt 0.787693 0.328510
vt 0.807595 0.322026
vt 0.806838 0.316034
vt 0.804992 0.311107
vt 0.809766 0.264597
vt 0.817576 0.251277
vt 0.868375 0.324933
vt 0.850508 0.322820
vt 0.865036 0.304600
vt 0.852969 0.282376
vt 0.823951 0.274608
vt 0.836966 0.264773
vt 0.816490 0.284942
vt 0.804572 0.275900
vt 0.826586 0.313441
vt 0.819862 0.300546
vt 0.794553 0.279679
vt 0.801948 0.284376
vt 0.828137 0.327691
vt 0.838298 0.324004
vt 0.812367 0.292822
vt 0.827159 0.238519
vt 0.885120 0.330339
vt 0.880786 0.348981
vt 0.875100 0.282105
vt 0.884221 0.307424
vt 0.853874 0.256991
vt 0.899369 0.335666
vt 0.893197 0.357216
vt 0.914637 0.337849
vt 0.907336 0.365101
vt 0.899465 0.309152
vt 0.891166 0.278691
vt 0.868651 0.249366
vt 0.837925 0.225326
vt 0.798467 0.379293
vt 0.793150 0.348121
vt 0.802368 0.345774
vt 0.817301 0.342704
vt 0.813193 0.337476
vt 0.800763 0.341767
vt 0.791806 0.343981
vt 0.785450 0.347245
vt 0.808463 0.378853
vt 0.830663 0.402777
vt 0.817688 0.407993
vt 0.844448 0.393788
vt 0.851915 0.403983
vt 0.799523 0.387326
vt 0.801955 0.400151
vt 0.804111 0.411935
vt 0.836637 0.385210
vt 0.825118 0.392801
vt 0.810394 0.385814
vt 0.814404 0.396805
vt 0.784444 0.340956
vt 0.789007 0.338704
vt 0.784511 0.332490
vt 0.795818 0.333935
vt 0.797605 0.337649
vt 0.781992 0.335872
vt 0.803262 0.305306
vt 0.809472 0.309041
vt 0.812822 0.315313
vt 0.812535 0.323877
vt 0.807590 0.330928
vt 0.816061 0.303745
vt 0.818210 0.314683
vt 0.821942 0.314749
vt 0.811160 0.333819
vt 0.821948 0.326705
vt 0.817751 0.325042
vt 0.838501 0.336919
vt 0.827675 0.338853
vt 0.924891 0.371270
vt 0.815979 0.423349
vt 0.803060 0.422389
vt 0.816622 0.430673
vt 0.859284 0.404205
vt 0.834945 0.439411
vt 0.800352 0.419662
vt 0.807419 0.417564
vt 0.576622 0.342137
vt 0.623678 0.258636
vt 0.619184 0.303184
vt 0.597919 0.343100
vt 0.617328 0.336259
vt 0.630450 0.307691
vt 0.636307 0.272786
vt 0.738322 0.202636
vt 0.667962 0.236643
vt 0.697299 0.204621
vt 0.702683 0.212965
vt 0.599058 0.381747
vt 0.572359 0.384561
vt 0.616196 0.420270
vt 0.575507 0.423185
vt 0.697509 0.451055
vt 0.666394 0.419418
vt 0.696795 0.436422
vt 0.659231 0.438870
vt 0.694693 0.463545
vt 0.661249 0.459875
vt 0.683252 0.407601
vt 0.674403 0.405227
vt 0.681338 0.403314
vt 0.697818 0.426891
vt 0.743341 0.465887
vt 0.715478 0.457715
vt 0.744780 0.453640
vt 0.714293 0.445070
vt 0.741594 0.478427
vt 0.712743 0.469755
vt 0.752026 0.441208
vt 0.756602 0.430775
vt 0.738067 0.438710
vt 0.627566 0.459510
vt 0.637205 0.395407
vt 0.651050 0.382357
vt 0.663072 0.372187
vt 0.683080 0.393749
vt 0.692358 0.383763
vt 0.674058 0.362831
vt 0.695264 0.363581
vt 0.686974 0.354737
vt 0.701991 0.375705
vt 0.766207 0.359316
vt 0.767151 0.353888
vt 0.763074 0.282620
vt 0.763960 0.289325
vt 0.755677 0.270248
vt 0.760932 0.277114
vt 0.765244 0.295491
vt 0.467852 0.580957
vt 0.754163 0.258363
vt 0.750728 0.243983
vt 0.746717 0.229834
vt 0.741810 0.215072
vt 0.764621 0.368402
vt 0.768001 0.349476
vt 0.758200 0.415154
vt 0.760572 0.389257
vt 0.759588 0.402781
vt 0.760638 0.377069
vt 0.768302 0.343104
vt 0.769627 0.337692
vt 0.714585 0.421018
vt 0.699712 0.417198
vt 0.711972 0.414677
vt 0.727076 0.417082
vt 0.755350 0.300912
vt 0.755258 0.302036
vt 0.702308 0.305417
vt 0.722926 0.295139
vt 0.713840 0.309512
vt 0.714142 0.287286
vt 0.698075 0.350717
vt 0.718211 0.379652
vt 0.711552 0.371657
vt 0.719309 0.369704
vt 0.726690 0.377247
vt 0.726816 0.383330
vt 0.707973 0.361402
vt 0.708839 0.348530
vt 0.717289 0.360492
vt 0.720352 0.347605
vt 0.682011 0.341463
vt 0.697799 0.337467
vt 0.760507 0.354998
vt 0.761598 0.350856
vt 0.725370 0.360679
vt 0.727319 0.352521
vt 0.759928 0.363331
vt 0.756082 0.371415
vt 0.741215 0.374358
vt 0.748743 0.374067
vt 0.734435 0.347416
vt 0.745672 0.348375
vt 0.754452 0.350266
vt 0.732642 0.372864
vt 0.727259 0.368378
vt 0.754441 0.286597
vt 0.757370 0.293448
vt 0.753990 0.298905
vt 0.759241 0.298219
vt 0.744077 0.302704
vt 0.741944 0.300499
vt 0.748572 0.290394
vt 0.751707 0.296184
vt 0.739457 0.296724
vt 0.734961 0.306012
vt 0.754840 0.304191
vt 0.765611 0.323489
vt 0.759980 0.318151
vt 0.766709 0.319678
vt 0.759929 0.323949
vt 0.765777 0.315273
vt 0.759935 0.311060
vt 0.745303 0.322517
vt 0.747212 0.316432
vt 0.753334 0.323566
vt 0.754096 0.316661
vt 0.747245 0.310003
vt 0.754179 0.309369
vt 0.743154 0.326948
vt 0.752758 0.329075
vt 0.760457 0.328422
vt 0.740609 0.321830
vt 0.741365 0.315849
vt 0.743260 0.310882
vt 0.738639 0.264347
vt 0.730926 0.250962
vt 0.680055 0.324415
vt 0.697863 0.322401
vt 0.683177 0.304032
vt 0.695326 0.281816
vt 0.711463 0.264367
vt 0.724526 0.274328
vt 0.731962 0.284827
vt 0.743802 0.275668
vt 0.728397 0.300339
vt 0.721520 0.313038
vt 0.753866 0.279803
vt 0.746368 0.284162
vt 0.709838 0.323603
vt 0.720006 0.327331
vt 0.736051 0.292643
vt 0.721566 0.238286
vt 0.667419 0.348347
vt 0.663032 0.329666
vt 0.664095 0.306786
vt 0.673435 0.281551
vt 0.694652 0.256542
vt 0.654732 0.356545
vt 0.648770 0.334933
vt 0.640552 0.364340
vt 0.633540 0.337090
vt 0.648768 0.308413
vt 0.657110 0.277917
vt 0.679956 0.248811
vt 0.710908 0.225020
vt 0.749238 0.379217
vt 0.754819 0.348069
vt 0.745714 0.345615
vt 0.730767 0.342242
vt 0.734960 0.337072
vt 0.747334 0.341632
vt 0.756203 0.343930
vt 0.762563 0.347225
vt 0.739289 0.378781
vt 0.717078 0.402400
vt 0.729929 0.407772
vt 0.695639 0.403762
vt 0.703335 0.393384
vt 0.748311 0.387070
vt 0.745811 0.399849
vt 0.743399 0.411817
vt 0.711333 0.384691
vt 0.722765 0.392411
vt 0.737366 0.385597
vt 0.733305 0.396587
vt 0.763583 0.340929
vt 0.758996 0.338655
vt 0.752222 0.333771
vt 0.763481 0.332410
vt 0.750497 0.337544
vt 0.766043 0.335841
vt 0.745051 0.305047
vt 0.738837 0.308700
vt 0.735504 0.315026
vt 0.735511 0.323502
vt 0.740579 0.330718
vt 0.732216 0.303509
vt 0.730101 0.314420
vt 0.726162 0.314339
vt 0.736851 0.333418
vt 0.726446 0.326529
vt 0.730477 0.324801
vt 0.709866 0.336543
vt 0.720425 0.338491
vt 0.622920 0.370518
vt 0.731630 0.423189
vt 0.744541 0.422315
vt 0.730974 0.430481
vt 0.688522 0.403731
vt 0.712645 0.439524
vt 0.746746 0.419566
vt 0.740162 0.417460
vt 0.464832 0.071024
vt 0.461102 0.076571
vt 0.461080 0.069779
vt 0.466791 0.078208
vt 0.447738 0.066906
vt 0.448841 0.062858
vt 0.473257 0.080886
vt 0.468144 0.083776
vt 0.474507 0.084440
vt 0.483299 0.095812
vt 0.478943 0.094957
vt 0.469577 0.068925
vt 0.471050 0.075041
vt 0.476664 0.077249
vt 0.482407 0.061363
vt 0.482952 0.065322
vt 0.486534 0.066321
vt 0.479993 0.012017
vt 0.491500 0.023530
vt 0.486530 0.035666
vt 0.475006 0.034210
vt 0.469418 0.033275
vt 0.473556 0.007151
vt 0.469572 0.008431
vt 0.466037 0.032794
vt 0.451102 0.032609
vt 0.448364 0.017232
vt 0.426281 0.030795
vt 0.429706 0.037880
vt 0.503854 0.115364
vt 0.512167 0.100785
vt 0.510057 0.120094
vt 0.522733 0.104184
vt 0.535099 0.083942
vt 0.511385 0.084432
vt 0.511410 0.080840
vt 0.537521 0.080438
vt 0.534328 0.074681
vt 0.510776 0.075434
vt 0.521071 0.059892
vt 0.510677 0.062457
vt 0.508491 0.042318
vt 0.503267 0.047176
vt 0.493772 0.055169
vt 0.497411 0.064632
vt 0.483058 0.049192
vt 0.471178 0.051108
vt 0.466362 0.051233
vt 0.463072 0.050653
vt 0.450619 0.047909
vt 0.436079 0.050205
vt 0.492772 0.107672
vt 0.497280 0.098193
vt 0.492218 0.085144
vt 0.491764 0.081722
vt 0.493258 0.077443
vt 0.382180 0.094408
vt 0.386304 0.099988
vt 0.380724 0.101536
vt 0.385930 0.093205
vt 0.399728 0.090541
vt 0.398183 0.086451
vt 0.379436 0.107053
vt 0.373812 0.104209
vt 0.372582 0.107761
vt 0.368693 0.118278
vt 0.363847 0.119142
vt 0.375986 0.098373
vt 0.377451 0.092278
vt 0.370402 0.100580
vt 0.364108 0.088640
vt 0.364657 0.084688
vt 0.360526 0.089641
vt 0.360606 0.059011
vt 0.367797 0.035942
vt 0.372157 0.057632
vt 0.356187 0.047372
vt 0.377770 0.056728
vt 0.374785 0.030607
vt 0.377754 0.031886
vt 0.381160 0.056266
vt 0.396120 0.056220
vt 0.398974 0.040851
vt 0.420991 0.054193
vt 0.417987 0.061708
vt 0.337223 0.143531
vt 0.334985 0.124184
vt 0.343922 0.138760
vt 0.323954 0.127636
vt 0.311531 0.107359
vt 0.335739 0.107800
vt 0.335719 0.104198
vt 0.309594 0.104345
vt 0.313293 0.098566
vt 0.336332 0.098775
vt 0.326516 0.083691
vt 0.336424 0.085749
vt 0.343837 0.070476
vt 0.339122 0.066103
vt 0.353297 0.078477
vt 0.349655 0.087934
vt 0.364043 0.072532
vt 0.375917 0.074500
vt 0.380731 0.074660
vt 0.384020 0.074117
vt 0.396495 0.071495
vt 0.411514 0.073983
vt 0.354941 0.131025
vt 0.349869 0.121555
vt 0.354884 0.108496
vt 0.355332 0.105068
vt 0.353834 0.100783
vt 0.012719 0.654191
vt 0.012730 0.525944
vt 0.505214 0.461911
vt 0.377042 0.461946
vt 0.832793 0.715973
vt 0.851603 0.718750
vt 0.870355 0.715884
vt 0.930107 0.535308
vt 0.948940 0.532422
vt 0.967783 0.535257
vt 0.634280 0.766848
vt 0.645249 0.719789
vt 0.564619 0.597560
vt 0.627200 0.636140
vt 0.661877 0.680283
vt 0.661554 0.745305
vt 0.688318 0.719111
vt 0.613199 0.649764
vt 0.564214 0.617995
vt 0.604494 0.587629
vt 0.642021 0.612663
vt 0.682245 0.653812
vt 0.625895 0.706589
vt 0.745906 0.672061
vt 0.711546 0.626657
vt 0.753416 0.611183
vt 0.780275 0.647996
vt 0.714887 0.696437
vt 0.551614 0.570162
vt 0.539253 0.543015
vt 0.598654 0.561817
vt 0.584045 0.532966
vt 0.706243 0.938850
vt 0.714891 0.880804
vt 0.730081 0.940324
vt 0.698433 0.885289
vt 0.665883 0.849059
vt 0.695433 0.831228
vt 0.693348 0.937340
vt 0.683653 0.889258
vt 0.661523 0.857543
vt 0.835286 0.924148
vt 0.819264 0.857723
vt 0.857203 0.848009
vt 0.871076 0.917058
vt 0.798342 0.789409
vt 0.838524 0.775767
vt 0.798818 0.930448
vt 0.783734 0.867007
vt 0.763649 0.801621
vt 0.766543 0.935418
vt 0.751154 0.874351
vt 0.731282 0.814971
vt 0.710232 0.761668
vt 0.678557 0.783898
vt 0.739001 0.740682
vt 0.771102 0.720433
vt 0.809953 0.699183
vt 0.649305 0.803071
vt 0.810023 0.981734
vt 0.845782 0.975783
vt 0.880553 0.969170
vt 0.778902 0.985592
vt 0.741310 0.987147
vt 0.659322 0.596423
vt 0.713120 0.605252
vt 0.670443 0.584162
vt 0.625448 0.558649
vt 0.603941 0.527383
vt 0.747659 0.599441
vt 0.252240 0.767310
vt 0.240918 0.720230
vt 0.320721 0.597710
vt 0.223919 0.680663
vt 0.258401 0.636524
vt 0.198065 0.719536
vt 0.224866 0.745722
vt 0.321447 0.616923
vt 0.272684 0.649446
vt 0.280961 0.587919
vt 0.243528 0.613055
vt 0.203164 0.654241
vt 0.260009 0.707305
vt 0.132529 0.611671
vt 0.173964 0.627136
vt 0.140131 0.672462
vt 0.104899 0.648767
vt 0.171250 0.696866
vt 0.334087 0.570538
vt 0.346393 0.543298
vt 0.286699 0.562111
vt 0.300719 0.533169
vt 0.180145 0.938668
vt 0.156245 0.940191
vt 0.171857 0.880523
vt 0.188108 0.885080
vt 0.191254 0.831205
vt 0.220549 0.849078
vt 0.192545 0.937380
vt 0.202506 0.888804
vt 0.224506 0.857096
vt 0.029532 0.847816
vt 0.067198 0.857614
vt 0.051240 0.923603
vt 0.015398 0.916436
vt 0.048184 0.775779
vt 0.088333 0.789360
vt 0.102982 0.866664
vt 0.087368 0.930248
vt 0.122788 0.801603
vt 0.135440 0.874145
vt 0.119578 0.935363
vt 0.155178 0.814963
vt 0.176060 0.761923
vt 0.208074 0.784154
vt 0.147272 0.740878
vt 0.114766 0.720766
vt 0.075781 0.699697
vt 0.237293 0.803344
vt 0.075814 0.981468
vt 0.040512 0.975006
vt 0.005906 0.968337
vt 0.107232 0.985237
vt 0.145010 0.986707
vt 0.173736 0.606232
vt 0.226594 0.597034
vt 0.215905 0.585286
vt 0.261072 0.559691
vt 0.280621 0.527528
vt 0.140552 0.600354
vt 0.885166 0.489071
vt 0.958583 0.464837
vt 0.927626 0.512900
vt 0.809602 0.497298
vt 0.818803 0.529612
vt 0.773701 0.502106
vt 0.773607 0.535865
vt 0.839606 0.487946
vt 0.857247 0.512635
vt 0.853937 0.482107
vt 0.890619 0.548027
vt 0.837126 0.575673
vt 0.773520 0.587795
vt 0.662300 0.488480
vt 0.620222 0.511498
vt 0.589260 0.463912
vt 0.728452 0.529113
vt 0.737686 0.497055
vt 0.690024 0.512238
vt 0.707810 0.487347
vt 0.693573 0.481435
vt 0.709994 0.575368
vt 0.656721 0.547108
vt 0.717594 0.142512
vt 0.740280 0.129803
vt 0.721166 0.146063
vt 0.737156 0.126432
vt 0.701876 0.114745
vt 0.721928 0.104005
vt 0.692134 0.169299
vt 0.692560 0.176180
vt 0.678475 0.123634
vt 0.654802 0.198225
vt 0.653886 0.208456
vt 0.650962 0.131518
vt 0.698805 0.104182
vt 0.715090 0.085826
vt 0.718468 0.095259
vt 0.695893 0.093794
vt 0.648884 0.100921
vt 0.649955 0.115995
vt 0.673624 0.097962
vt 0.675781 0.110022
vt 0.675879 0.030142
vt 0.690074 0.024751
vt 0.661702 0.032803
vt 0.645135 0.034310
vt 0.804965 0.126926
vt 0.783307 0.114064
vt 0.785381 0.110780
vt 0.802263 0.130557
vt 0.800632 0.088369
vt 0.820679 0.099130
vt 0.830429 0.153696
vt 0.830586 0.160959
vt 0.844078 0.108027
vt 0.867771 0.182580
vt 0.868873 0.193512
vt 0.871601 0.115913
vt 0.804083 0.079648
vt 0.807481 0.070191
vt 0.823754 0.088567
vt 0.826688 0.078166
vt 0.872619 0.100395
vt 0.873693 0.085313
vt 0.846771 0.094413
vt 0.848949 0.082354
vt 0.832541 0.009157
vt 0.846724 0.014552
vt 0.860889 0.017211
vt 0.877444 0.018723
vt 0.094543 0.464880
vt 0.053050 0.468348
vt 0.117870 0.498946
vt 0.089940 0.505590
vt 0.148030 0.529730
vt 0.135394 0.535815
vt 0.178755 0.561949
vt 0.173963 0.566766
vt 0.160063 0.524942
vt 0.181397 0.559540
vt 0.145132 0.494811
vt 0.137847 0.463958
vt 0.169462 0.572219
vt 0.125113 0.543770
vt 0.071951 0.516476
vt 0.025782 0.473585
vt 0.255698 0.492903
vt 0.268224 0.488707
vt 0.275295 0.511606
vt 0.263764 0.516407
vt 0.250103 0.472312
vt 0.263416 0.469474
vt 0.247340 0.450862
vt 0.260578 0.449713
vt 0.185642 0.514359
vt 0.242678 0.496644
vt 0.203829 0.547281
vt 0.252819 0.521417
vt 0.171876 0.489346
vt 0.236261 0.475168
vt 0.164315 0.462468
vt 0.233793 0.452613
vt 0.156665 0.492687
vt 0.149249 0.463155
vt 0.171035 0.520696
vt 0.190710 0.554320
vt 0.320935 0.440003
vt 0.326634 0.457412
vt 0.327530 0.475694
vt 0.318528 0.496691
vt 0.486750 0.161745
vt 0.483306 0.203252
vt 0.523937 0.198569
vt 0.517386 0.226547
vt 0.554322 0.244054
vt 0.548241 0.256706
vt 0.585251 0.282773
vt 0.580423 0.287565
vt 0.578006 0.290208
vt 0.543451 0.268767
vt 0.513270 0.253829
vt 0.482415 0.246577
vt 0.591714 0.278271
vt 0.562237 0.233763
vt 0.534810 0.180584
vt 0.491983 0.134507
vt 0.530042 0.384155
vt 0.507162 0.377038
vt 0.511386 0.364495
vt 0.534865 0.372611
vt 0.487928 0.372228
vt 0.490806 0.358921
vt 0.468177 0.369375
vt 0.469322 0.356120
vt 0.565679 0.312655
vt 0.539783 0.361597
vt 0.515030 0.351426
vt 0.532872 0.294333
vt 0.493633 0.345029
vt 0.507882 0.280534
vt 0.471100 0.342565
vt 0.480920 0.273053
vt 0.511146 0.265365
vt 0.481603 0.257980
vt 0.539236 0.279703
vt 0.572780 0.299520
vt 0.458382 0.429806
vt 0.475789 0.435561
vt 0.494085 0.436500
vt 0.516042 0.427389
vt 0.891090 0.700814
vt 0.900876 0.700311
vt 0.910215 0.700002
vt 0.902319 0.715259
vt 0.904048 0.728390
vt 0.892615 0.716596
vt 0.894470 0.730469
vt 0.911522 0.714271
vt 0.913015 0.726790
vt 0.934366 0.708179
vt 0.933844 0.713315
vt 0.930396 0.713845
vt 0.930282 0.704734
vt 0.936601 0.701277
vt 0.938697 0.704695
vt 0.924300 0.714748
vt 0.924481 0.700240
vt 0.948207 0.699681
vt 0.946800 0.703959
vt 0.951195 0.701824
vt 0.953327 0.708287
vt 0.955241 0.707718
vt 0.958714 0.714440
vt 0.959685 0.713433
vt 0.931137 0.721440
vt 0.924100 0.725151
vt 0.942427 0.706707
vt 0.952775 0.710480
vt 0.957155 0.716474
vt 0.948931 0.708494
vt 0.933978 0.720991
vt 0.954709 0.719282
vt 0.951646 0.714068
vt 0.952278 0.720979
vt 0.949824 0.715875
vt 0.948651 0.722081
vt 0.946769 0.716468
vt 0.943536 0.722382
vt 0.942601 0.715665
vt 0.938550 0.721762
vt 0.938427 0.714273
vt 0.949722 0.711606
vt 0.947905 0.712452
vt 0.945909 0.713461
vt 0.939564 0.709840
vt 0.945518 0.709185
vt 0.943105 0.711747
vt 0.956408 0.706415
vt 0.961798 0.712144
vt 0.954264 0.701737
vt 0.952821 0.696940
vt 0.954769 0.697448
vt 0.955623 0.692794
vt 0.957413 0.693894
vt 0.961933 0.691327
vt 0.970405 0.691223
vt 0.962449 0.691802
vt 0.970747 0.691556
vt 0.972089 0.696143
vt 0.965122 0.695637
vt 0.972560 0.700593
vt 0.966847 0.699071
vt 0.966724 0.701584
vt 0.971953 0.703666
vt 0.969969 0.706598
vt 0.964792 0.703635
vt 0.966132 0.709742
vt 0.960898 0.705205
vt 0.963715 0.698456
vt 0.962956 0.700133
vt 0.962094 0.701887
vt 0.958904 0.698685
vt 0.958663 0.701881
vt 0.961122 0.696384
vt 0.951296 0.696709
vt 0.972120 0.782857
vt 0.962332 0.782359
vt 0.952998 0.782052
vt 0.970622 0.798619
vt 0.959191 0.810426
vt 0.960914 0.797296
vt 0.968758 0.812500
vt 0.950226 0.808832
vt 0.951713 0.796313
vt 0.932921 0.786789
vt 0.932826 0.795905
vt 0.928835 0.790218
vt 0.929373 0.795370
vt 0.926596 0.783323
vt 0.924504 0.786739
vt 0.938925 0.796804
vt 0.938718 0.782293
vt 0.916398 0.785995
vt 0.914992 0.781712
vt 0.912006 0.783872
vt 0.909884 0.790343
vt 0.907969 0.789764
vt 0.904499 0.796475
vt 0.903529 0.795467
vt 0.932086 0.803498
vt 0.939146 0.807206
vt 0.920771 0.788746
vt 0.910436 0.792527
vt 0.906058 0.798506
vt 0.914275 0.790535
vt 0.929229 0.803040
vt 0.911565 0.796114
vt 0.908501 0.801320
vt 0.913388 0.797918
vt 0.910924 0.803011
vt 0.916440 0.798509
vt 0.914551 0.804115
vt 0.920605 0.797703
vt 0.919662 0.804418
vt 0.924775 0.796310
vt 0.924656 0.803814
vt 0.915304 0.794499
vt 0.913485 0.793652
vt 0.917301 0.795505
vt 0.923640 0.791883
vt 0.917682 0.791216
vt 0.920096 0.793779
vt 0.901418 0.794176
vt 0.906802 0.788461
vt 0.908945 0.783766
vt 0.910381 0.778983
vt 0.908433 0.779494
vt 0.905792 0.775936
vt 0.907579 0.774837
vt 0.900749 0.773846
vt 0.892798 0.773261
vt 0.901269 0.773371
vt 0.892463 0.773591
vt 0.898086 0.777678
vt 0.891111 0.778198
vt 0.896353 0.781124
vt 0.890635 0.782674
vt 0.896486 0.783629
vt 0.891258 0.785742
vt 0.898418 0.785682
vt 0.893249 0.788660
vt 0.902311 0.787251
vt 0.897084 0.791801
vt 0.900247 0.782177
vt 0.899489 0.780501
vt 0.901109 0.783938
vt 0.904293 0.780735
vt 0.904546 0.783921
vt 0.902086 0.778424
vt 0.911905 0.778748
vt 0.904474 0.875250
vt 0.894654 0.874873
vt 0.913673 0.875698
vt 0.953122 0.883520
vt 0.951221 0.880494
vt 0.953654 0.879347
vt 0.956391 0.886767
vt 0.959665 0.888570
vt 0.932903 0.872483
vt 0.935264 0.874838
vt 0.925285 0.876099
vt 0.941216 0.878934
vt 0.937433 0.873872
vt 0.941500 0.876053
vt 0.951532 0.876433
vt 0.948093 0.876837
vt 0.948069 0.879900
vt 0.950939 0.872904
vt 0.953362 0.874098
vt 0.941454 0.871187
vt 0.944631 0.874029
vt 0.935664 0.871459
vt 0.952702 0.867058
vt 0.950860 0.868798
vt 0.948758 0.865731
vt 0.948580 0.867790
vt 0.952351 0.870322
vt 0.954348 0.870024
vt 0.948128 0.871150
vt 0.945407 0.869001
vt 0.939475 0.868924
vt 0.943802 0.866824
vt 0.955278 0.876120
vt 0.956000 0.878849
vt 0.952875 0.876605
vt 0.957182 0.882447
vt 0.958772 0.885834
vt 0.960017 0.888345
vt 0.967757 0.879438
vt 0.965399 0.880124
vt 0.965099 0.876616
vt 0.964062 0.878366
vt 0.965750 0.882157
vt 0.967538 0.882882
vt 0.961872 0.881101
vt 0.963143 0.883900
vt 0.960701 0.878208
vt 0.964390 0.886216
vt 0.960179 0.875658
vt 0.963765 0.824076
vt 0.953945 0.824457
vt 0.944743 0.824906
vt 0.905304 0.832725
vt 0.907201 0.829697
vt 0.904761 0.828545
vt 0.902047 0.835970
vt 0.898772 0.837773
vt 0.933127 0.825302
vt 0.923153 0.824034
vt 0.925516 0.821681
vt 0.917201 0.828136
vt 0.920973 0.823076
vt 0.916911 0.825256
vt 0.910353 0.829107
vt 0.910320 0.826038
vt 0.906876 0.825636
vt 0.907465 0.822112
vt 0.905046 0.823301
vt 0.913780 0.823221
vt 0.916943 0.820388
vt 0.922740 0.820662
vt 0.909633 0.814928
vt 0.907546 0.817994
vt 0.905697 0.816265
vt 0.909818 0.816988
vt 0.906046 0.819540
vt 0.904055 0.819225
vt 0.910273 0.820350
vt 0.912997 0.818195
vt 0.918922 0.818122
vt 0.914599 0.816017
vt 0.902402 0.828040
vt 0.903118 0.825307
vt 0.905533 0.825804
vt 0.901235 0.831647
vt 0.899662 0.835040
vt 0.898424 0.837551
vt 0.893283 0.825841
vt 0.893003 0.829355
vt 0.890640 0.828681
vt 0.894339 0.827590
vt 0.892668 0.831390
vt 0.890878 0.832122
vt 0.896535 0.830312
vt 0.895276 0.833118
vt 0.897703 0.827418
vt 0.894040 0.835440
vt 0.898210 0.824861
vt 0.280722 0.140252
vt 0.294467 0.163231
vt 0.275531 0.151348
vt 0.274032 0.163261
vt 0.255953 0.145756
vt 0.254295 0.163439
vt 0.262670 0.129120
vt 0.227849 0.119015
vt 0.223487 0.141201
vt 0.192550 0.115000
vt 0.188984 0.138974
vt 0.156850 0.112242
vt 0.153917 0.137516
vt 0.120610 0.109682
vt 0.117996 0.136310
vt 0.083845 0.106741
vt 0.081075 0.134731
vt 0.047067 0.102203
vt 0.043644 0.132364
vt 0.221604 0.163127
vt 0.187782 0.163304
vt 0.152890 0.163230
vt 0.117033 0.163199
vt 0.080195 0.163184
vt 0.042300 0.163097
vt 0.020821 0.129984
vt 0.021509 0.097688
vt 0.010111 0.095950
vt 0.011746 0.129142
vt 0.022004 0.163091
vt 0.014726 0.163090
vt 0.275908 0.175194
vt 0.281095 0.186379
vt 0.256541 0.180883
vt 0.263012 0.197544
vt 0.227953 0.207505
vt 0.223328 0.185333
vt 0.192748 0.211460
vt 0.189204 0.187486
vt 0.156979 0.214284
vt 0.154037 0.188922
vt 0.120610 0.216714
vt 0.117971 0.190046
vt 0.083895 0.219709
vt 0.081071 0.191700
vt 0.047003 0.224173
vt 0.043568 0.193987
vt 0.020730 0.196355
vt 0.021322 0.228626
vt 0.009908 0.230316
vt 0.011635 0.197223
vt 0.289412 0.130269
vt 0.300278 0.123561
vt 0.271794 0.112288
vt 0.281928 0.095808
vt 0.234986 0.098345
vt 0.197565 0.091280
vt 0.160823 0.087091
vt 0.124295 0.083439
vt 0.088041 0.079158
vt 0.051976 0.073083
vt 0.241885 0.078562
vt 0.202468 0.068858
vt 0.164641 0.063248
vt 0.128642 0.058585
vt 0.093630 0.053120
vt 0.059206 0.046302
vt 0.020117 0.065594
vt 0.005480 0.062550
vt 0.028753 0.037377
vt 0.013994 0.030823
vt 0.289783 0.196434
vt 0.300630 0.203183
vt 0.271985 0.214353
vt 0.282091 0.231005
vt 0.235149 0.228245
vt 0.197757 0.235219
vt 0.160841 0.239383
vt 0.124331 0.242931
vt 0.088146 0.247261
vt 0.051821 0.253104
vt 0.241977 0.248047
vt 0.202335 0.257818
vt 0.164698 0.263064
vt 0.128791 0.267824
vt 0.093690 0.273309
vt 0.059061 0.279871
vt 0.020072 0.260733
vt 0.005407 0.263817
vt 0.028730 0.288928
vt 0.014001 0.295546
vt 0.425576 0.738263
vt 0.419007 0.756245
vt 0.418480 0.743790
vt 0.427890 0.744328
vt 0.407796 0.760216
vt 0.407796 0.746305
vt 0.397105 0.743777
vt 0.396567 0.756176
vt 0.389971 0.738176
vt 0.387562 0.743777
vt 0.396683 0.650557
vt 0.389702 0.655685
vt 0.395122 0.637584
vt 0.386853 0.650565
vt 0.407537 0.648770
vt 0.407406 0.636228
vt 0.418471 0.640354
vt 0.418174 0.651408
vt 0.424935 0.656990
vt 0.426940 0.651514
vt 0.419419 0.760436
vt 0.428790 0.748067
vt 0.407796 0.764843
vt 0.396132 0.760216
vt 0.386474 0.746305
vt 0.390827 0.635857
vt 0.385021 0.648645
vt 0.407796 0.723852
vt 0.396567 0.722840
vt 0.387562 0.721590
vt 0.382228 0.722840
vt 0.380490 0.723852
vt 0.419004 0.722860
vt 0.427864 0.721747
vt 0.433589 0.723021
vt 0.434432 0.731107
vt 0.407796 0.696735
vt 0.396132 0.696735
vt 0.419395 0.696765
vt 0.428596 0.696979
vt 0.433856 0.696240
vt 0.386474 0.696735
vt 0.380490 0.696735
vt 0.378500 0.696735
vt 0.396513 0.670739
vt 0.407764 0.669819
vt 0.418917 0.670902
vt 0.427384 0.672579
vt 0.431854 0.671214
vt 0.387519 0.671941
vt 0.382138 0.670740
vt 0.380309 0.669803
vt 0.398715 0.621338
vt 0.394428 0.621393
vt 0.408918 0.621944
vt 0.420129 0.626618
vt 0.429323 0.639664
vt 0.434694 0.663146
vt 0.437001 0.689903
vt 0.437664 0.710681
vt 0.437861 0.718253
vt 0.443300 0.634731
vt 0.438433 0.646614
vt 0.433531 0.615656
vt 0.443300 0.617650
vt 0.443300 0.674828
vt 0.440064 0.680100
vt 0.443300 0.698106
vt 0.440577 0.701876
vt 0.440670 0.709264
vt 0.443300 0.705662
vt 0.401387 0.608973
vt 0.397142 0.608090
vt 0.411469 0.611069
vt 0.423416 0.613553
vt 0.461024 0.738263
vt 0.467593 0.756245
vt 0.458710 0.744328
vt 0.468120 0.743790
vt 0.478804 0.760216
vt 0.478804 0.746305
vt 0.489495 0.743777
vt 0.490033 0.756176
vt 0.496629 0.738176
vt 0.499038 0.743777
vt 0.499747 0.650565
vt 0.496898 0.655685
vt 0.491478 0.637584
vt 0.489917 0.650557
vt 0.479194 0.636228
vt 0.479063 0.648770
vt 0.468129 0.640354
vt 0.468426 0.651408
vt 0.461665 0.656990
vt 0.459660 0.651514
vt 0.467181 0.760436
vt 0.457810 0.748067
vt 0.478804 0.764843
vt 0.490468 0.760216
vt 0.500126 0.746305
vt 0.501579 0.648645
vt 0.495773 0.635857
vt 0.478804 0.723852
vt 0.490033 0.722840
vt 0.499038 0.721590
vt 0.504372 0.722840
vt 0.506110 0.723852
vt 0.467596 0.722860
vt 0.458736 0.721747
vt 0.453011 0.723021
vt 0.452168 0.731107
vt 0.490468 0.696735
vt 0.478804 0.696735
vt 0.467205 0.696765
vt 0.458004 0.696979
vt 0.452744 0.696240
vt 0.500126 0.696735
vt 0.506110 0.696735
vt 0.508100 0.696735
vt 0.490087 0.670739
vt 0.478836 0.669819
vt 0.467683 0.670902
vt 0.459216 0.672579
vt 0.454746 0.671214
vt 0.499081 0.671941
vt 0.504462 0.670740
vt 0.506291 0.669803
vt 0.492172 0.621393
vt 0.487885 0.621338
vt 0.477682 0.621944
vt 0.466471 0.626618
vt 0.457277 0.639664
vt 0.451906 0.663146
vt 0.449599 0.689903
vt 0.448936 0.710681
vt 0.448739 0.718253
vt 0.453069 0.615656
vt 0.448167 0.646614
vt 0.446536 0.680100
vt 0.446023 0.701876
vt 0.445930 0.709264
vt 0.489458 0.608090
vt 0.485213 0.608973
vt 0.475131 0.611069
vt 0.463184 0.613553
vt 0.485213 0.608620
vt 0.475131 0.609955
vt 0.485065 0.597900
vt 0.464252 0.600534
vt 0.463184 0.611537
vt 0.443300 0.603187
vt 0.497656 0.602347
vt 0.489458 0.608057
vt 0.482483 0.602756
vt 0.490274 0.602546
vt 0.462386 0.605869
vt 0.423409 0.605245
vt 0.433531 0.612876
vt 0.423416 0.611537
vt 0.404181 0.601783
vt 0.411469 0.609955
vt 0.395395 0.601788
vt 0.401387 0.608620
vt 0.387854 0.601793
vt 0.397142 0.608057
vt 0.395247 0.599707
vt 0.423483 0.600693
vt 0.401540 0.597931
s 1
usemtl 0.kounai
f 2749/1/1 2748/2/2 2750/3/3
f 2748/2/2 2747/4/4 2750/3/3
f 2760/5/5 2740/6/6 2748/2/2
f 2760/5/5 2748/2/2 2749/1/1
f 2740/6/6 2739/7/7 2741/8/8
f 2741/8/8 2746/9/9 2747/4/4
f 2748/2/2 2741/8/8 2747/4/4
f 2740/6/6 2741/8/8 2748/2/2
usemtl 1.medama
f 2649/10/10 2647/11/11 2653/12/12
f 2654/13/13 2649/10/10 2653/12/12
f 2643/14/14 2644/15/15 2655/16/16
f 2644/15/15 2656/17/17 2655/16/16
f 2643/14/14 2657/18/18 2645/19/19
f 2643/14/14 2655/16/16 2657/18/18
f 2652/20/20 2648/21/21 2658/22/22
f 2658/22/22 2648/21/21 2659/23/23
f 2660/24/24 2642/25/25 2651/26/26
f 2660/24/24 2661/27/27 2642/25/25
f 2648/21/21 2649/10/10 2659/23/23
f 2659/23/23 2649/10/10 2654/13/13
f 2645/19/19 2657/18/18 2646/28/28
f 2657/18/18 2662/29/29 2646/28/28
f 2661/27/27 2641/30/30 2642/25/25
f 2663/31/31 2641/30/30 2661/27/27
f 2653/12/12 2647/11/11 2641/30/30
f 2663/31/31 2653/12/12 2641/30/30
f 2644/15/15 2652/20/20 2656/17/17
f 2656/17/17 2652/20/20 2658/22/22
f 2664/32/32 2651/26/26 2650/33/33
f 2664/32/32 2660/24/24 2651/26/26
f 2646/28/28 2662/29/29 2650/33/33
f 2662/29/29 2664/32/32 2650/33/33
f 2655/16/16 2665/34/34 2657/18/18
f 2657/18/18 2665/34/34 2666/35/35
f 2657/18/18 2666/35/35 2662/29/29
f 2666/35/35 2667/36/36 2662/29/29
f 2664/32/32 2668/37/37 2660/24/24
f 2669/38/38 2668/37/37 2664/32/32
f 2662/29/29 2669/38/38 2664/32/32
f 2667/36/36 2669/38/38 2662/29/29
f 2656/17/17 2658/22/22 2670/39/39
f 2656/17/17 2670/39/39 2671/40/40
f 2656/17/17 2671/40/40 2655/16/16
f 2655/16/16 2671/40/40 2665/34/34
f 2672/41/41 2653/12/12 2663/31/31
f 2673/42/42 2672/41/41 2663/31/31
f 2654/13/13 2653/12/12 2674/43/43
f 2674/43/43 2653/12/12 2672/41/41
f 2675/44/44 2663/31/31 2661/27/27
f 2673/42/42 2663/31/31 2675/44/44
f 2668/37/37 2661/27/27 2660/24/24
f 2675/44/44 2661/27/27 2668/37/37
f 2659/23/23 2654/13/13 2676/45/45
f 2676/45/45 2654/13/13 2674/43/43
f 2658/22/22 2659/23/23 2670/39/39
f 2670/39/39 2659/23/23 2676/45/45
f 2677/46/46 2675/44/44 2668/37/37
f 2678/47/47 2675/44/44 2677/46/46
f 2678/47/47 2673/42/42 2675/44/44
f 2679/48/48 2673/42/42 2678/47/47
f 2666/35/35 2680/49/49 2667/36/36
f 2680/49/49 2681/50/50 2667/36/36
f 2671/40/40 2682/51/51 2665/34/34
f 2665/34/34 2682/51/51 2683/52/52
f 2684/53/53 2672/41/41 2673/42/42
f 2684/53/53 2673/42/42 2679/48/48
f 2670/39/39 2676/45/45 2685/54/54
f 2685/54/54 2676/45/45 2686/55/55
f 2676/45/45 2674/43/43 2686/55/55
f 2686/55/55 2674/43/43 2687/56/56
f 2671/40/40 2670/39/39 2685/54/54
f 2671/40/40 2685/54/54 2682/51/51
f 2674/43/43 2672/41/41 2684/53/53
f 2687/56/56 2674/43/43 2684/53/53
f 2665/34/34 2683/52/52 2666/35/35
f 2666/35/35 2683/52/52 2680/49/49
f 2667/36/36 2688/57/57 2669/38/38
f 2681/50/50 2688/57/57 2667/36/36
f 2669/38/38 2677/46/46 2668/37/37
f 2688/57/57 2677/46/46 2669/38/38
f 2689/58/58 2684/53/53 2679/48/48
f 2687/56/56 2684/53/53 2689/58/58
f 2686/55/55 2687/56/56 2689/58/58
f 2689/58/58 2678/47/47 2677/46/46
f 2688/57/57 2689/58/58 2677/46/46
f 2682/51/51 2689/58/58 2683/52/52
f 2685/54/54 2686/55/55 2689/58/58
f 2683/52/52 2689/58/58 2680/49/49
f 2682/51/51 2685/54/54 2689/58/58
f 2680/49/49 2689/58/58 2681/50/50
f 2681/50/50 2689/58/58 2688/57/57
f 2689/58/58 2679/48/48 2678/47/47
f 2702/59/59 2696/60/60 2697/61/61
f 2702/59/59 2697/61/61 2703/62/62
f 2705/63/63 2704/64/64 2692/65/65
f 2705/63/63 2692/65/65 2693/66/66
f 2706/67/67 2705/63/63 2693/66/66
f 2694/68/68 2706/67/67 2693/66/66
f 2707/69/69 2698/70/70 2708/71/71
f 2708/71/71 2698/70/70 2701/72/72
f 2700/73/73 2691/74/74 2709/75/75
f 2691/74/74 2710/76/76 2709/75/75
f 2703/62/62 2697/61/61 2707/69/69
f 2707/69/69 2697/61/61 2698/70/70
f 2695/77/77 2706/67/67 2694/68/68
f 2695/77/77 2711/78/78 2706/67/67
f 2691/74/74 2690/79/79 2710/76/76
f 2710/76/76 2690/79/79 2712/80/80
f 2690/79/79 2702/59/59 2712/80/80
f 2690/79/79 2696/60/60 2702/59/59
f 2708/71/71 2701/72/72 2704/64/64
f 2704/64/64 2701/72/72 2692/65/65
f 2699/81/81 2700/73/73 2713/82/82
f 2700/73/73 2709/75/75 2713/82/82
f 2699/81/81 2711/78/78 2695/77/77
f 2699/81/81 2713/82/82 2711/78/78
f 2706/67/67 2714/83/83 2705/63/63
f 2715/84/84 2714/83/83 2706/67/67
f 2711/78/78 2715/84/84 2706/67/67
f 2711/78/78 2716/85/85 2715/84/84
f 2713/82/82 2717/86/86 2718/87/87
f 2709/75/75 2717/86/86 2713/82/82
f 2711/78/78 2718/87/87 2716/85/85
f 2713/82/82 2718/87/87 2711/78/78
f 2719/88/88 2708/71/71 2704/64/64
f 2720/89/89 2719/88/88 2704/64/64
f 2705/63/63 2720/89/89 2704/64/64
f 2714/83/83 2720/89/89 2705/63/63
f 2712/80/80 2721/90/90 2722/91/91
f 2712/80/80 2702/59/59 2721/90/90
f 2721/90/90 2702/59/59 2723/92/92
f 2723/92/92 2702/59/59 2703/62/62
f 2710/76/76 2712/80/80 2724/93/93
f 2724/93/93 2712/80/80 2722/91/91
f 2709/75/75 2710/76/76 2717/86/86
f 2717/86/86 2710/76/76 2724/93/93
f 2723/92/92 2703/62/62 2725/94/94
f 2725/94/94 2703/62/62 2707/69/69
f 2725/94/94 2707/69/69 2719/88/88
f 2719/88/88 2707/69/69 2708/71/71
f 2717/86/86 2724/93/93 2726/95/95
f 2726/95/95 2724/93/93 2727/96/96
f 2724/93/93 2722/91/91 2727/96/96
f 2727/96/96 2722/91/91 2728/97/97
f 2716/85/85 2729/98/98 2715/84/84
f 2716/85/85 2730/99/99 2729/98/98
f 2714/83/83 2731/100/100 2720/89/89
f 2732/101/101 2731/100/100 2714/83/83
f 2728/97/97 2722/91/91 2733/102/102
f 2722/91/91 2721/90/90 2733/102/102
f 2734/103/103 2725/94/94 2735/104/104
f 2735/104/104 2725/94/94 2719/88/88
f 2736/105/105 2723/92/92 2734/103/103
f 2734/103/103 2723/92/92 2725/94/94
f 2735/104/104 2719/88/88 2720/89/89
f 2731/100/100 2735/104/104 2720/89/89
f 2733/102/102 2721/90/90 2723/92/92
f 2733/102/102 2723/92/92 2736/105/105
f 2715/84/84 2732/101/101 2714/83/83
f 2729/98/98 2732/101/101 2715/84/84
f 2716/85/85 2737/106/106 2730/99/99
f 2718/87/87 2737/106/106 2716/85/85
f 2718/87/87 2726/95/95 2737/106/106
f 2717/86/86 2726/95/95 2718/87/87
f 2728/97/97 2733/102/102 2738/107/107
f 2738/107/107 2733/102/102 2736/105/105
f 2738/107/107 2736/105/105 2734/103/103
f 2726/95/95 2727/96/96 2738/107/107
f 2726/95/95 2738/107/107 2737/106/106
f 2732/101/101 2738/107/107 2731/100/100
f 2738/107/107 2734/103/103 2735/104/104
f 2729/98/98 2738/107/107 2732/101/101
f 2738/107/107 2735/104/104 2731/100/100
f 2730/99/99 2738/107/107 2729/98/98
f 2737/106/106 2738/107/107 2730/99/99
f 2727/96/96 2728/97/97 2738/107/107
usemtl 2.hana
f 1044/108/108 1001/109/109 1002/110/110
f 1044/108/108 1045/111/111 1001/109/109
f 1043/112/112 999/113/113 1042/114/114
f 1042/114/114 999/113/113 1000/115/115
f 1045/111/111 1047/116/116 1004/117/117
f 1045/111/111 1004/117/117 1001/109/109
f 1043/112/112 1044/108/108 1002/110/110
f 1043/112/112 1002/110/110 999/113/113
f 1001/109/109 1004/117/117 998/118/118
f 999/113/113 974/119/119 975/120/120
f 999/113/113 1002/110/110 974/119/119
f 1002/110/110 1001/109/109 974/119/119
f 999/113/113 975/120/120 1000/115/115
f 1001/109/109 998/118/118 974/119/119
f 1036/121/121 1035/122/122 1044/108/108
f 1035/122/122 1045/111/111 1044/108/108
f 1042/114/114 1034/123/123 1043/112/112
f 1033/124/124 1034/123/123 1042/114/114
f 1035/122/122 1038/125/125 1045/111/111
f 1038/125/125 1047/116/116 1045/111/111
f 1036/121/121 1044/108/108 1043/112/112
f 1034/123/123 1036/121/121 1043/112/112
f 1031/126/126 1038/125/125 1035/122/122
f 1009/127/127 1036/121/121 1034/123/123
f 1008/128/128 1009/127/127 1034/123/123
f 1009/127/127 1035/122/122 1036/121/121
f 1033/124/124 1008/128/128 1034/123/123
f 1009/127/127 1031/126/126 1035/122/122
usemtl 3.zenshin
f 2745/129/129 2744/130/130 2746/9/9
f 2741/8/8 2745/129/129 2746/9/9
f 2751/116/131 2750/3/3 2752/117/132
f 2751/116/131 2749/1/1 2750/3/3
f 2745/129/129 2743/131/133 2744/130/130
f 2744/130/130 2743/131/133 2742/132/134
f 2752/117/132 2750/3/3 2753/133/135
f 2744/130/130 2755/134/136 2756/135/137
f 2744/130/130 2756/135/137 2746/9/9
f 2750/3/3 2747/4/4 2757/136/138
f 2750/3/3 2757/136/138 2753/133/135
f 2747/4/4 2746/9/9 2757/136/138
f 2746/9/9 2756/135/137 2757/136/138
f 2744/130/130 2754/137/139 2755/134/136
f 2744/130/130 2742/132/134 2754/137/139
f 2739/7/7 2745/129/129 2741/8/8
f 2739/7/7 2759/138/140 2745/129/129
f 2761/125/125 2760/5/5 2751/116/131
f 2760/5/5 2749/1/1 2751/116/131
f 2759/138/140 2743/131/133 2745/129/129
f 2758/139/141 2743/131/133 2759/138/140
f 2762/140/142 2760/5/5 2761/125/125
f 2765/141/143 2764/142/144 2759/138/140
f 2739/7/7 2765/141/143 2759/138/140
f 2766/143/145 2740/6/6 2760/5/5
f 2762/140/142 2766/143/145 2760/5/5
f 2766/143/145 2739/7/7 2740/6/6
f 2766/143/145 2765/141/143 2739/7/7
f 2763/144/146 2758/139/141 2759/138/140
f 2764/142/144 2763/144/146 2759/138/140
f 1931/145/147 2542/146/148 1938/147/149
f 2079/148/150 2547/149/151 2535/150/152
f 1933/151/153 2547/149/151 2079/148/150
f 1933/151/153 2545/152/154 2546/153/155
f 1931/145/147 2538/154/156 2543/155/157
f 2075/156/158 2538/154/156 1931/145/147
f 2533/157/159 2537/158/160 2075/156/158
f 2083/159/161 2541/160/162 2082/161/163
f 2536/162/164 2541/160/162 2083/159/161
f 2082/161/163 2540/163/165 2539/164/166
f 1933/151/153 2546/153/155 2547/149/151
f 2523/165/167 2545/152/154 1933/151/153
f 2523/165/167 2544/166/168 2545/152/154
f 2543/155/157 2542/146/148 1931/145/147
f 2541/160/162 2540/163/165 2082/161/163
f 2078/167/169 2539/164/166 2534/168/170
f 2082/161/163 2539/164/166 2078/167/169
f 2075/156/158 2537/158/160 2538/154/156
f 2079/148/150 2536/162/164 2083/159/161
f 2079/148/150 2535/150/152 2536/162/164
f 2078/167/169 2533/157/159 2075/156/158
f 2534/168/170 2533/157/159 2078/167/169
f 1885/169/171 1632/170/172 1631/171/173
f 346/172/174 1988/173/175 1989/174/176
f 1991/175/177 1988/173/175 346/172/174
f 1989/174/176 1987/176/178 12/177/179
f 346/172/174 1989/174/176 12/177/179
f 1952/178/180 324/179/181 1567/180/182
f 1952/178/180 1567/180/182 1949/181/183
f 324/179/181 5/182/184 1567/180/182
f 1567/180/182 5/182/184 1564/183/185
f 2166/184/186 336/185/187 324/179/181
f 1952/178/180 2166/184/186 324/179/181
f 336/185/187 335/186/188 5/182/184
f 336/185/187 5/182/184 324/179/181
f 336/185/187 1991/175/177 346/172/174
f 2166/184/186 1991/175/177 336/185/187
f 346/172/174 12/177/179 335/186/188
f 336/185/187 346/172/174 335/186/188
f 11/187/189 1985/188/190 10/189/191
f 1986/190/192 1985/188/190 11/187/189
f 334/191/193 10/189/191 344/192/194
f 11/187/189 10/189/191 334/191/193
f 4/193/195 334/191/193 3/194/196
f 334/191/193 344/192/194 3/194/196
f 1565/195/197 3/194/196 1566/196/198
f 4/193/195 3/194/196 1565/195/197
f 12/177/179 1986/190/192 11/187/189
f 1987/176/178 1986/190/192 12/177/179
f 335/186/188 12/177/179 334/191/193
f 12/177/179 11/187/189 334/191/193
f 5/182/184 335/186/188 4/193/195
f 335/186/188 334/191/193 4/193/195
f 1564/183/185 4/193/195 1565/195/197
f 5/182/184 4/193/195 1564/183/185
f 344/192/194 1972/197/199 1984/198/200
f 344/192/194 1984/198/200 3/194/196
f 344/192/194 1973/199/201 1972/197/199
f 10/189/191 1973/199/201 344/192/194
f 10/189/191 1958/200/202 1973/199/201
f 1985/188/190 1958/200/202 10/189/191
f 3/194/196 1984/198/200 1957/201/203
f 3/194/196 1957/201/203 1566/196/198
f 1993/202/204 1992/203/204 352/204/205
f 352/204/205 1992/203/204 1995/205/206
f 14/206/207 1997/207/208 1993/202/204
f 14/206/207 1993/202/204 352/204/205
f 1568/208/209 333/209/210 1956/210/211
f 1953/211/212 1568/208/209 1956/210/211
f 1569/212/213 8/213/214 1568/208/209
f 1568/208/209 8/213/214 333/209/210
f 333/209/210 341/214/215 2171/215/216
f 333/209/210 2171/215/216 1956/210/211
f 8/213/214 342/216/217 341/214/215
f 333/209/210 8/213/214 341/214/215
f 352/204/205 1995/205/206 341/214/215
f 341/214/215 1995/205/206 2171/215/216
f 342/216/217 14/206/207 352/204/205
f 342/216/217 352/204/205 341/214/215
f 13/217/218 1998/218/219 1996/219/220
f 15/220/221 1998/218/219 13/217/218
f 343/221/222 15/220/221 13/217/218
f 353/222/223 15/220/221 343/221/222
f 6/223/224 343/221/222 7/224/225
f 6/223/224 353/222/223 343/221/222
f 1570/225/226 6/223/224 7/224/225
f 1571/226/227 6/223/224 1570/225/226
f 14/206/207 1996/219/220 1997/207/208
f 13/217/218 1996/219/220 14/206/207
f 343/221/222 14/206/207 342/216/217
f 343/221/222 13/217/218 14/206/207
f 7/224/225 342/216/217 8/213/214
f 7/224/225 343/221/222 342/216/217
f 1569/212/213 7/224/225 8/213/214
f 1570/225/226 7/224/225 1569/212/213
f 6/223/224 2026/227/228 353/222/223
f 2026/227/228 2022/228/229 353/222/223
f 2022/228/229 2023/229/230 353/222/223
f 353/222/223 2023/229/230 15/220/221
f 2023/229/230 2000/230/231 15/220/221
f 15/220/221 2000/230/231 1998/218/219
f 1571/226/227 1999/231/232 6/223/224
f 1999/231/232 2026/227/228 6/223/224
f 2263/232/200 9/233/233 1582/234/234
f 2263/232/200 1582/234/234 2264/235/203
f 9/233/233 68/236/235 1574/237/236
f 9/233/233 1574/237/236 1582/234/234
f 2265/238/199 69/239/237 9/233/233
f 2263/232/200 2265/238/199 9/233/233
f 69/239/237 67/240/238 68/236/235
f 9/233/233 69/239/237 68/236/235
f 2266/241/201 1974/242/239 2265/238/199
f 2265/238/199 1974/242/239 69/239/237
f 1974/242/239 1975/243/240 67/240/238
f 69/239/237 1974/242/239 67/240/238
f 65/244/241 66/245/242 64/246/243
f 66/245/242 63/247/244 64/246/243
f 65/244/241 64/246/243 62/248/245
f 64/246/243 61/249/246 62/248/245
f 60/250/247 66/245/242 65/244/241
f 59/251/248 60/250/247 65/244/241
f 65/244/241 62/248/245 59/251/248
f 61/249/246 57/252/249 58/253/250
f 61/249/246 58/253/250 62/248/245
f 57/252/249 56/254/251 58/253/250
f 54/255/252 55/256/253 56/254/251
f 57/252/249 54/255/252 56/254/251
f 1977/257/254 1976/258/255 55/256/253
f 54/255/252 1977/257/254 55/256/253
f 60/250/247 1978/259/256 66/245/242
f 1979/260/257 1978/259/256 60/250/247
f 53/261/258 57/252/249 61/249/246
f 52/262/259 1977/257/254 54/255/252
f 52/262/259 2039/263/260 1977/257/254
f 51/264/261 54/255/252 57/252/249
f 51/264/261 52/262/259 54/255/252
f 1978/259/256 1980/265/262 66/245/242
f 66/245/242 1980/265/262 63/247/244
f 50/266/263 2040/267/264 2039/263/260
f 50/266/263 2039/263/260 52/262/259
f 49/268/265 2041/269/266 50/266/263
f 2041/269/266 2040/267/264 50/266/263
f 48/270/267 1981/271/268 49/268/265
f 1981/271/268 2041/269/266 49/268/265
f 47/272/269 1982/273/270 48/270/267
f 1982/273/270 1981/271/268 48/270/267
f 46/274/271 1983/275/272 47/272/269
f 1983/275/272 1982/273/270 47/272/269
f 63/247/244 1980/265/262 46/274/271
f 1980/265/262 1983/275/272 46/274/271
f 45/276/273 49/268/265 44/277/274
f 49/268/265 50/266/263 44/277/274
f 48/270/267 49/268/265 45/276/273
f 43/278/275 48/270/267 45/276/273
f 64/246/243 42/279/276 61/249/246
f 42/279/276 53/261/258 61/249/246
f 43/278/275 45/276/273 41/280/277
f 40/281/278 43/278/275 41/280/277
f 42/279/276 41/280/277 53/261/258
f 40/281/278 41/280/277 42/279/276
f 53/261/258 41/280/277 57/252/249
f 41/280/277 51/264/261 57/252/249
f 41/280/277 45/276/273 51/264/261
f 45/276/273 44/277/274 51/264/261
f 44/277/274 50/266/263 52/262/259
f 44/277/274 52/262/259 51/264/261
f 46/274/271 40/281/278 42/279/276
f 46/274/271 47/272/269 40/281/278
f 47/272/269 43/278/275 40/281/278
f 47/272/269 48/270/267 43/278/275
f 63/247/244 46/274/271 64/246/243
f 64/246/243 46/274/271 42/279/276
f 55/256/253 2042/282/279 39/283/280
f 1976/258/255 2042/282/279 55/256/253
f 56/254/251 39/283/280 38/284/281
f 55/256/253 39/283/280 56/254/251
f 37/285/282 38/284/281 36/286/283
f 56/254/251 38/284/281 37/285/282
f 36/286/283 34/287/284 35/288/285
f 36/286/283 35/288/285 37/285/282
f 32/289/286 2043/290/287 33/291/288
f 32/289/286 2044/292/289 2043/290/287
f 34/287/284 33/291/288 35/288/285
f 34/287/284 32/289/286 33/291/288
f 146/293/290 2045/294/291 2044/292/289
f 146/293/290 2044/292/289 32/289/286
f 145/295/292 2046/296/293 2045/294/291
f 145/295/292 2045/294/291 146/293/290
f 144/297/294 2047/298/295 2046/296/293
f 144/297/294 2046/296/293 145/295/292
f 143/299/296 2048/300/297 144/297/294
f 2048/300/297 2047/298/295 144/297/294
f 31/301/298 2049/302/299 143/299/296
f 2049/302/299 2048/300/297 143/299/296
f 39/283/280 2042/282/279 31/301/298
f 2042/282/279 2049/302/299 31/301/298
f 142/303/300 144/297/294 141/304/301
f 141/304/301 144/297/294 145/295/292
f 143/299/296 144/297/294 142/303/300
f 30/305/302 143/299/296 142/303/300
f 30/305/302 142/303/300 29/306/303
f 28/307/304 30/305/302 29/306/303
f 38/284/281 29/306/303 36/286/283
f 38/284/281 28/307/304 29/306/303
f 29/306/303 27/308/305 34/287/284
f 36/286/283 29/306/303 34/287/284
f 29/306/303 142/303/300 27/308/305
f 142/303/300 141/304/301 27/308/305
f 141/304/301 145/295/292 146/293/290
f 141/304/301 146/293/290 27/308/305
f 27/308/305 146/293/290 32/289/286
f 27/308/305 32/289/286 34/287/284
f 39/283/280 28/307/304 38/284/281
f 39/283/280 31/301/298 28/307/304
f 31/301/298 30/305/302 28/307/304
f 31/301/298 143/299/296 30/305/302
f 56/254/251 37/285/282 26/309/306
f 58/253/250 56/254/251 26/309/306
f 35/288/285 33/291/288 1575/310/307
f 33/291/288 1576/311/308 1575/310/307
f 37/285/282 35/288/285 26/309/306
f 26/309/306 35/288/285 1575/310/307
f 2043/290/287 2027/312/309 1576/311/308
f 33/291/288 2043/290/287 1576/311/308
f 68/236/235 1577/313/310 1574/237/236
f 68/236/235 59/251/248 1577/313/310
f 59/251/248 62/248/245 1578/314/311
f 59/251/248 1578/314/311 1577/313/310
f 62/248/245 1579/315/312 1578/314/311
f 62/248/245 58/253/250 1579/315/312
f 58/253/250 26/309/306 1579/315/312
f 26/309/306 1575/310/307 1579/315/312
f 67/240/238 59/251/248 68/236/235
f 67/240/238 60/250/247 59/251/248
f 1975/243/240 1979/260/257 67/240/238
f 67/240/238 1979/260/257 60/250/247
f 1597/316/313 16/317/314 2270/318/228
f 2271/319/315 1597/316/313 2270/318/228
f 1587/320/316 122/321/317 16/317/314
f 1597/316/313 1587/320/316 16/317/314
f 16/317/314 70/322/318 2272/323/319
f 16/317/314 2272/323/319 2270/318/228
f 122/321/317 121/324/320 70/322/318
f 122/321/317 70/322/318 16/317/314
f 70/322/318 2024/325/321 2272/323/319
f 2272/323/319 2024/325/321 2273/326/322
f 121/324/320 2025/327/323 2024/325/321
f 121/324/320 2024/325/321 70/322/318
f 118/328/324 119/329/325 120/330/326
f 118/328/324 120/330/326 117/331/327
f 115/332/328 118/328/324 117/331/327
f 115/332/328 116/333/329 118/328/324
f 117/331/327 113/334/330 114/335/331
f 117/331/327 120/330/326 113/334/330
f 114/335/331 115/332/328 117/331/327
f 115/332/328 112/336/332 116/333/329
f 112/336/332 111/337/333 116/333/329
f 112/336/332 110/338/334 111/337/333
f 110/338/334 109/339/335 111/337/333
f 110/338/334 108/340/336 109/339/335
f 108/340/336 2014/341/337 109/339/335
f 108/340/336 2015/342/338 2014/341/337
f 120/330/326 2017/343/339 113/334/330
f 113/334/330 2017/343/339 2016/344/340
f 116/333/329 111/337/333 107/345/341
f 109/339/335 2014/341/337 106/346/342
f 2014/341/337 2064/347/343 106/346/342
f 111/337/333 109/339/335 105/348/344
f 109/339/335 106/346/342 105/348/344
f 119/329/325 2018/349/345 120/330/326
f 120/330/326 2018/349/345 2017/343/339
f 2064/347/343 2065/350/346 104/351/347
f 106/346/342 2064/347/343 104/351/347
f 104/351/347 2065/350/346 2066/352/348
f 104/351/347 2066/352/348 103/353/349
f 103/353/349 2066/352/348 2019/354/350
f 103/353/349 2019/354/350 102/355/351
f 102/355/351 2019/354/350 2020/356/352
f 102/355/351 2020/356/352 101/357/353
f 101/357/353 2020/356/352 2021/358/354
f 101/357/353 2021/358/354 100/359/355
f 100/359/355 2021/358/354 2018/349/345
f 100/359/355 2018/349/345 119/329/325
f 99/360/356 104/351/347 103/353/349
f 99/360/356 103/353/349 98/361/357
f 98/361/357 103/353/349 102/355/351
f 98/361/357 102/355/351 97/362/358
f 116/333/329 96/363/359 118/328/324
f 116/333/329 107/345/341 96/363/359
f 95/364/360 97/362/358 94/365/361
f 95/364/360 98/361/357 97/362/358
f 96/363/359 95/364/360 94/365/361
f 107/345/341 95/364/360 96/363/359
f 111/337/333 95/364/360 107/345/341
f 111/337/333 105/348/344 95/364/360
f 105/348/344 98/361/357 95/364/360
f 105/348/344 99/360/356 98/361/357
f 105/348/344 106/346/342 99/360/356
f 106/346/342 104/351/347 99/360/356
f 94/365/361 101/357/353 100/359/355
f 96/363/359 94/365/361 100/359/355
f 97/362/358 102/355/351 101/357/353
f 94/365/361 97/362/358 101/357/353
f 96/363/359 100/359/355 118/328/324
f 118/328/324 100/359/355 119/329/325
f 93/366/362 2067/367/363 108/340/336
f 108/340/336 2067/367/363 2015/342/338
f 92/368/364 93/366/362 110/338/334
f 110/338/334 93/366/362 108/340/336
f 91/369/365 92/368/364 110/338/334
f 90/370/366 92/368/364 91/369/365
f 91/369/365 89/371/367 90/370/366
f 89/371/367 88/372/368 90/370/366
f 87/373/369 2069/374/370 86/375/371
f 2069/374/370 2068/376/372 86/375/371
f 89/371/367 87/373/369 88/372/368
f 87/373/369 86/375/371 88/372/368
f 2068/376/372 2070/377/373 170/378/374
f 86/375/371 2068/376/372 170/378/374
f 2070/377/373 2071/379/375 169/380/376
f 170/378/374 2070/377/373 169/380/376
f 2071/379/375 2072/381/377 168/382/378
f 169/380/376 2071/379/375 168/382/378
f 168/382/378 2072/381/377 2073/383/379
f 168/382/378 2073/383/379 167/384/380
f 167/384/380 2073/383/379 2074/385/381
f 167/384/380 2074/385/381 85/386/382
f 85/386/382 2074/385/381 2067/367/363
f 85/386/382 2067/367/363 93/366/362
f 169/380/376 168/382/378 166/387/383
f 166/387/383 168/382/378 165/388/384
f 165/388/384 168/382/378 167/384/380
f 165/388/384 167/384/380 84/389/385
f 83/390/386 84/389/385 82/391/387
f 83/390/386 165/388/384 84/389/385
f 83/390/386 82/391/387 92/368/364
f 90/370/366 83/390/386 92/368/364
f 88/372/368 83/390/386 90/370/366
f 88/372/368 81/392/388 83/390/386
f 81/392/388 165/388/384 83/390/386
f 81/392/388 166/387/383 165/388/384
f 81/392/388 170/378/374 166/387/383
f 170/378/374 169/380/376 166/387/383
f 88/372/368 86/375/371 81/392/388
f 86/375/371 170/378/374 81/392/388
f 82/391/387 85/386/382 93/366/362
f 92/368/364 82/391/387 93/366/362
f 84/389/385 167/384/380 85/386/382
f 82/391/387 84/389/385 85/386/382
f 80/393/389 91/369/365 110/338/334
f 80/393/389 110/338/334 112/336/332
f 1589/394/390 1588/395/391 87/373/369
f 1589/394/390 87/373/369 89/371/367
f 1589/394/390 89/371/367 80/393/389
f 80/393/389 89/371/367 91/369/365
f 1588/395/391 2052/396/392 2069/374/370
f 1588/395/391 2069/374/370 87/373/369
f 1590/397/393 114/335/331 122/321/317
f 1587/320/316 1590/397/393 122/321/317
f 1591/398/394 115/332/328 114/335/331
f 1590/397/393 1591/398/394 114/335/331
f 1592/399/395 112/336/332 115/332/328
f 1591/398/394 1592/399/395 115/332/328
f 1592/399/395 80/393/389 112/336/332
f 1592/399/395 1589/394/390 80/393/389
f 114/335/331 113/334/330 121/324/320
f 122/321/317 114/335/331 121/324/320
f 121/324/320 2016/344/340 2025/327/323
f 113/334/330 2016/344/340 121/324/320
f 2277/400/202 1572/401/396 2278/402/397
f 2278/402/397 1572/401/396 2279/403/239
f 1572/401/396 1573/404/398 2279/403/239
f 2279/403/239 1573/404/398 2280/405/240
f 1598/406/399 139/407/400 140/408/401
f 1598/406/399 1599/409/402 139/407/400
f 140/408/401 139/407/400 138/410/403
f 1599/409/402 137/411/404 139/407/400
f 1599/409/402 1600/412/405 137/411/404
f 137/411/404 1600/412/405 2281/413/406
f 2281/413/406 1600/412/405 2282/414/407
f 2283/415/408 25/416/409 2284/417/410
f 2283/415/408 24/418/411 25/416/409
f 25/416/409 24/418/411 23/419/412
f 23/419/412 24/418/411 22/420/413
f 21/421/414 140/408/401 20/422/415
f 20/422/415 140/408/401 2285/423/416
f 1601/424/417 1598/406/399 21/421/414
f 21/421/414 1598/406/399 140/408/401
f 2285/423/416 136/425/418 20/422/415
f 2286/426/419 136/425/418 2285/423/416
f 22/420/413 19/427/420 18/428/421
f 23/419/412 22/420/413 18/428/421
f 22/420/413 20/422/415 19/427/420
f 2284/417/410 25/416/409 2287/429/422
f 25/416/409 23/419/412 2287/429/422
f 2288/430/423 135/431/424 2289/432/425
f 134/433/426 135/431/424 2288/430/423
f 2289/432/425 133/434/427 2290/435/428
f 135/431/424 133/434/427 2289/432/425
f 132/436/429 133/434/427 135/431/424
f 136/425/418 133/434/427 132/436/429
f 20/422/415 136/425/418 132/436/429
f 20/422/415 132/436/429 19/427/420
f 19/427/420 17/437/430 18/428/421
f 19/427/420 132/436/429 17/437/430
f 17/437/430 132/436/429 134/433/426
f 132/436/429 135/431/424 134/433/426
f 2286/426/419 133/434/427 136/425/418
f 2290/435/428 133/434/427 2286/426/419
f 23/419/412 18/428/421 2291/438/431
f 23/419/412 2291/438/431 2287/429/422
f 17/437/430 2288/430/423 2292/439/432
f 17/437/430 134/433/426 2288/430/423
f 18/428/421 2292/439/432 2291/438/431
f 18/428/421 17/437/430 2292/439/432
f 22/420/413 21/421/414 20/422/415
f 24/418/411 21/421/414 22/420/413
f 138/410/403 131/440/433 2293/441/434
f 2294/442/435 138/410/403 2293/441/434
f 139/407/400 130/443/436 138/410/403
f 138/410/403 130/443/436 131/440/433
f 137/411/404 130/443/436 139/407/400
f 137/411/404 129/444/437 130/443/436
f 2281/413/406 129/444/437 137/411/404
f 2295/445/438 129/444/437 2281/413/406
f 2296/446/439 128/447/440 2297/448/441
f 127/449/442 128/447/440 2296/446/439
f 2297/448/441 126/450/443 2298/451/444
f 2297/448/441 128/447/440 126/450/443
f 126/450/443 128/447/440 125/452/445
f 124/453/446 126/450/443 125/452/445
f 129/444/437 125/452/445 130/443/436
f 124/453/446 125/452/445 129/444/437
f 130/443/436 123/454/447 131/440/433
f 130/443/436 125/452/445 123/454/447
f 125/452/445 127/449/442 123/454/447
f 125/452/445 128/447/440 127/449/442
f 2295/445/438 124/453/446 129/444/437
f 2299/455/448 124/453/446 2295/445/438
f 2299/455/448 126/450/443 124/453/446
f 2298/451/444 126/450/443 2299/455/448
f 2300/456/449 127/449/442 2296/446/439
f 123/454/447 127/449/442 2300/456/449
f 131/440/433 2300/456/449 2293/441/434
f 131/440/433 123/454/447 2300/456/449
f 2285/423/416 140/408/401 2294/442/435
f 140/408/401 138/410/403 2294/442/435
f 24/418/411 1601/424/417 21/421/414
f 1580/457/450 1601/424/417 24/418/411
f 1581/458/451 1580/457/450 24/418/411
f 1581/458/451 24/418/411 2283/415/408
f 2280/405/240 1581/458/451 2283/415/408
f 1573/404/398 1581/458/451 2280/405/240
f 2323/459/321 1595/460/452 2324/461/453
f 2324/461/453 1595/460/452 2325/462/231
f 2326/463/323 1596/464/454 2323/459/321
f 2323/459/321 1596/464/454 1595/460/452
f 164/465/455 1609/466/456 1608/467/457
f 163/468/458 164/465/455 1608/467/457
f 162/469/459 164/465/455 163/468/458
f 161/470/460 1610/471/461 1609/466/456
f 164/465/455 161/470/460 1609/466/456
f 2327/472/462 1610/471/461 2328/473/463
f 2328/473/463 1610/471/461 161/470/460
f 2329/474/339 79/475/464 2330/476/465
f 79/475/464 78/477/466 2330/476/465
f 76/478/467 78/477/466 79/475/464
f 77/479/468 78/477/466 76/478/467
f 2331/480/469 163/468/458 75/481/470
f 75/481/470 163/468/458 74/482/471
f 74/482/471 1608/467/457 1611/483/472
f 163/468/458 1608/467/457 74/482/471
f 2331/480/469 160/484/473 2332/485/474
f 75/481/470 160/484/473 2331/480/469
f 72/486/475 73/487/476 77/479/468
f 72/486/475 77/479/468 76/478/467
f 73/487/476 75/481/470 77/479/468
f 2333/488/477 76/478/467 79/475/464
f 2333/488/477 79/475/464 2329/474/339
f 2334/489/478 158/490/479 2335/491/480
f 2335/491/480 158/490/479 159/492/481
f 2334/489/478 157/493/482 158/490/479
f 2336/494/483 157/493/482 2334/489/478
f 156/495/484 157/493/482 160/484/473
f 158/490/479 157/493/482 156/495/484
f 156/495/484 160/484/473 75/481/470
f 73/487/476 156/495/484 75/481/470
f 71/496/485 156/495/484 73/487/476
f 72/486/475 71/496/485 73/487/476
f 159/492/481 158/490/479 156/495/484
f 159/492/481 156/495/484 71/496/485
f 2332/485/474 157/493/482 2336/494/483
f 160/484/473 157/493/482 2332/485/474
f 2337/497/486 72/486/475 76/478/467
f 2333/488/477 2337/497/486 76/478/467
f 2338/498/487 2335/491/480 71/496/485
f 2335/491/480 159/492/481 71/496/485
f 2337/497/486 2338/498/487 72/486/475
f 2338/498/487 71/496/485 72/486/475
f 75/481/470 74/482/471 77/479/468
f 77/479/468 74/482/471 78/477/466
f 2339/499/488 155/500/489 162/469/459
f 2339/499/488 162/469/459 2340/501/490
f 155/500/489 154/502/491 162/469/459
f 162/469/459 154/502/491 164/465/455
f 154/502/491 153/503/492 161/470/460
f 164/465/455 154/502/491 161/470/460
f 2328/473/463 153/503/492 2341/504/493
f 161/470/460 153/503/492 2328/473/463
f 2342/505/494 151/506/495 2343/507/496
f 2343/507/496 151/506/495 152/508/497
f 150/509/498 151/506/495 2342/505/494
f 2344/510/499 150/509/498 2342/505/494
f 149/511/500 150/509/498 148/512/501
f 149/511/500 151/506/495 150/509/498
f 154/502/491 149/511/500 153/503/492
f 153/503/492 149/511/500 148/512/501
f 147/513/502 149/511/500 154/502/491
f 155/500/489 147/513/502 154/502/491
f 152/508/497 151/506/495 149/511/500
f 147/513/502 152/508/497 149/511/500
f 2341/504/493 148/512/501 2345/514/503
f 153/503/492 148/512/501 2341/504/493
f 2345/514/503 150/509/498 2344/510/499
f 148/512/501 150/509/498 2345/514/503
f 2346/515/504 152/508/497 147/513/502
f 2343/507/496 152/508/497 2346/515/504
f 2339/499/488 2346/515/504 155/500/489
f 2346/515/504 147/513/502 155/500/489
f 2340/501/490 162/469/459 163/468/458
f 2340/501/490 163/468/458 2331/480/469
f 74/482/471 1611/483/472 78/477/466
f 78/477/466 1611/483/472 1593/516/505
f 2330/476/465 78/477/466 1594/517/506
f 78/477/466 1593/516/505 1594/517/506
f 2330/476/465 1594/517/506 2326/463/323
f 2326/463/323 1594/517/506 1596/464/454
f 366/518/507 372/519/508 365/520/509
f 366/518/507 365/520/509 364/521/510
f 364/521/510 365/520/509 1614/522/511
f 364/521/510 1614/522/511 1602/523/512
f 2077/524/513 2088/525/514 374/526/515
f 373/527/516 2077/524/513 374/526/515
f 373/527/516 374/526/515 372/519/508
f 366/518/507 373/527/516 372/519/508
f 2088/525/514 2086/528/517 391/529/518
f 374/526/515 2088/525/514 391/529/518
f 365/520/509 371/530/519 1612/531/520
f 365/520/509 1612/531/520 1614/522/511
f 372/519/508 370/532/521 371/530/519
f 372/519/508 371/530/519 365/520/509
f 374/526/515 391/529/518 370/532/521
f 374/526/515 370/532/521 372/519/508
f 2076/533/522 2077/524/513 2175/534/523
f 2175/534/523 2077/524/513 373/527/516
f 2173/535/524 364/521/510 1602/523/512
f 2173/535/524 1602/523/512 2050/536/525
f 2176/537/526 366/518/507 364/521/510
f 2176/537/526 364/521/510 2173/535/524
f 2175/534/523 373/527/516 366/518/507
f 2176/537/526 2175/534/523 366/518/507
f 181/538/527 178/539/528 180/540/529
f 180/540/529 178/539/528 179/541/530
f 182/542/531 183/543/532 180/540/529
f 180/540/529 183/543/532 181/538/527
f 2094/544/533 2095/545/534 183/543/532
f 2094/544/533 183/543/532 182/542/531
f 179/541/530 178/539/528 1622/546/535
f 178/539/528 1623/547/536 1622/546/535
f 388/548/537 172/549/538 171/550/539
f 388/548/537 171/550/539 387/551/540
f 180/540/529 179/541/530 172/549/538
f 172/549/538 179/541/530 171/550/539
f 173/552/541 172/549/538 390/553/542
f 390/553/542 172/549/538 388/548/537
f 173/552/541 182/542/531 180/540/529
f 173/552/541 180/540/529 172/549/538
f 2087/554/543 173/552/541 2085/555/544
f 2085/555/544 173/552/541 390/553/542
f 2087/554/543 2094/544/533 182/542/531
f 2087/554/543 182/542/531 173/552/541
f 387/551/540 171/550/539 1618/556/545
f 1618/556/545 171/550/539 1619/557/546
f 171/550/539 179/541/530 1619/557/546
f 179/541/530 1622/546/535 1619/557/546
f 2084/558/547 390/553/542 389/559/548
f 2084/558/547 2085/555/544 390/553/542
f 389/559/548 388/548/537 386/560/549
f 389/559/548 390/553/542 388/548/537
f 386/560/549 387/551/540 385/561/550
f 386/560/549 388/548/537 387/551/540
f 385/561/550 1618/556/545 1613/562/551
f 385/561/550 387/551/540 1618/556/545
f 2086/528/517 389/559/548 391/529/518
f 2086/528/517 2084/558/547 389/559/548
f 391/529/518 386/560/549 370/532/521
f 391/529/518 389/559/548 386/560/549
f 370/532/521 385/561/550 371/530/519
f 370/532/521 386/560/549 385/561/550
f 371/530/519 1613/562/551 1612/531/520
f 371/530/519 385/561/550 1613/562/551
f 178/539/528 2112/563/552 1623/547/536
f 2112/563/552 2098/564/553 1623/547/536
f 2095/545/534 2111/565/554 183/543/532
f 2095/545/534 2100/566/555 2111/565/554
f 181/538/527 2113/567/556 178/539/528
f 2113/567/556 2112/563/552 178/539/528
f 183/543/532 2113/567/556 181/538/527
f 183/543/532 2111/565/554 2113/567/556
f 368/568/557 369/569/558 367/570/559
f 369/569/558 384/571/560 367/570/559
f 1607/572/561 1617/573/562 368/568/557
f 1617/573/562 369/569/558 368/568/557
f 381/574/563 2081/575/564 380/576/565
f 381/574/563 2089/577/566 2081/575/564
f 384/571/560 380/576/565 367/570/559
f 384/571/560 381/574/563 380/576/565
f 394/578/567 2092/579/568 2089/577/566
f 394/578/567 2089/577/566 381/574/563
f 1615/580/569 383/581/570 369/569/558
f 1617/573/562 1615/580/569 369/569/558
f 383/581/570 382/582/571 384/571/560
f 369/569/558 383/581/570 384/571/560
f 382/582/571 394/578/567 381/574/563
f 384/571/560 382/582/571 381/574/563
f 380/576/565 2081/575/564 2177/583/572
f 2177/583/572 2081/575/564 2080/584/573
f 1607/572/561 368/568/557 2174/585/574
f 2051/586/575 1607/572/561 2174/585/574
f 368/568/557 367/570/559 2178/587/576
f 2174/585/574 368/568/557 2178/587/576
f 367/570/559 380/576/565 2177/583/572
f 367/570/559 2177/583/572 2178/587/576
f 187/588/577 189/589/532 190/590/527
f 188/591/578 189/589/532 187/588/577
f 190/590/527 185/592/528 187/588/577
f 187/588/577 185/592/528 184/593/579
f 185/592/528 2115/594/580 2114/595/581
f 184/593/579 185/592/528 2114/595/581
f 1625/596/582 1624/597/583 189/589/532
f 1625/596/582 189/589/532 188/591/578
f 175/598/584 176/599/585 397/600/586
f 398/601/587 175/598/584 397/600/586
f 176/599/585 188/591/578 187/588/577
f 175/598/584 188/591/578 176/599/585
f 393/602/588 176/599/585 174/603/589
f 397/600/586 176/599/585 393/602/588
f 187/588/577 184/593/579 174/603/589
f 176/599/585 187/588/577 174/603/589
f 2091/604/590 174/603/589 2093/605/591
f 393/602/588 174/603/589 2091/604/590
f 184/593/579 2114/595/581 2093/605/591
f 174/603/589 184/593/579 2093/605/591
f 1620/606/592 175/598/584 1621/607/593
f 1621/607/593 175/598/584 398/601/587
f 1620/606/592 1625/596/582 188/591/578
f 1620/606/592 188/591/578 175/598/584
f 392/608/594 393/602/588 2090/609/595
f 393/602/588 2091/604/590 2090/609/595
f 396/610/596 397/600/586 392/608/594
f 397/600/586 393/602/588 392/608/594
f 395/611/597 398/601/587 396/610/596
f 398/601/587 397/600/586 396/610/596
f 1616/612/598 1621/607/593 395/611/597
f 1621/607/593 398/601/587 395/611/597
f 394/578/567 392/608/594 2092/579/568
f 392/608/594 2090/609/595 2092/579/568
f 382/582/571 396/610/596 394/578/567
f 396/610/596 392/608/594 394/578/567
f 383/581/570 395/611/597 382/582/571
f 395/611/597 396/610/596 382/582/571
f 1615/580/569 1616/612/598 383/581/570
f 1616/612/598 395/611/597 383/581/570
f 1624/597/583 2131/613/554 189/589/532
f 1624/597/583 2120/614/599 2131/613/554
f 185/592/528 2133/615/552 2115/594/580
f 2133/615/552 2117/616/600 2115/594/580
f 189/589/532 2132/617/556 190/590/527
f 189/589/532 2131/613/554 2132/617/556
f 190/590/527 2132/617/556 185/592/528
f 2132/617/556 2133/615/552 185/592/528
f 555/618/601 556/619/602 554/620/603
f 554/620/603 556/619/602 553/621/604
f 555/618/601 554/620/603 552/622/605
f 552/622/605 554/620/603 551/623/606
f 555/618/601 550/624/607 556/619/602
f 549/625/608 550/624/607 555/618/601
f 549/625/608 555/618/601 552/622/605
f 551/623/606 547/626/609 548/627/610
f 552/622/605 551/623/606 548/627/610
f 548/627/610 547/626/609 546/628/611
f 544/629/612 545/630/613 546/628/611
f 547/626/609 544/629/612 546/628/611
f 545/630/613 2180/631/614 2179/632/615
f 544/629/612 2180/631/614 545/630/613
f 550/624/607 2101/633/616 556/619/602
f 550/624/607 2105/634/617 2101/633/616
f 543/635/618 547/626/609 551/623/606
f 542/636/619 2180/631/614 544/629/612
f 542/636/619 2181/637/620 2180/631/614
f 541/638/621 544/629/612 547/626/609
f 541/638/621 542/636/619 544/629/612
f 556/619/602 2101/633/616 2102/639/622
f 556/619/602 2102/639/622 553/621/604
f 540/640/623 2182/641/624 2181/637/620
f 540/640/623 2181/637/620 542/636/619
f 539/642/625 2183/643/626 2182/641/624
f 539/642/625 2182/641/624 540/640/623
f 538/644/627 2184/645/628 539/642/625
f 2184/645/628 2183/643/626 539/642/625
f 537/646/629 2185/647/630 538/644/627
f 2185/647/630 2184/645/628 538/644/627
f 536/648/631 2186/649/632 537/646/629
f 2186/649/632 2185/647/630 537/646/629
f 553/621/604 2102/639/622 536/648/631
f 536/648/631 2102/639/622 2186/649/632
f 535/650/633 539/642/625 540/640/623
f 535/650/633 540/640/623 534/651/634
f 538/644/627 539/642/625 535/650/633
f 533/652/635 538/644/627 535/650/633
f 551/623/606 554/620/603 532/653/636
f 551/623/606 532/653/636 543/635/618
f 531/654/637 533/652/635 535/650/633
f 530/655/638 533/652/635 531/654/637
f 532/653/636 530/655/638 543/635/618
f 543/635/618 530/655/638 531/654/637
f 531/654/637 547/626/609 543/635/618
f 531/654/637 541/638/621 547/626/609
f 531/654/637 534/651/634 541/638/621
f 535/650/633 534/651/634 531/654/637
f 534/651/634 540/640/623 542/636/619
f 534/651/634 542/636/619 541/638/621
f 532/653/636 536/648/631 530/655/638
f 536/648/631 537/646/629 530/655/638
f 530/655/638 537/646/629 533/652/635
f 537/646/629 538/644/627 533/652/635
f 554/620/603 553/621/604 536/648/631
f 554/620/603 536/648/631 532/653/636
f 545/630/613 2187/656/639 529/657/640
f 2179/632/615 2187/656/639 545/630/613
f 546/628/611 529/657/640 528/658/641
f 546/628/611 545/630/613 529/657/640
f 527/659/642 528/658/641 526/660/643
f 546/628/611 528/658/641 527/659/642
f 526/660/643 525/661/644 485/662/645
f 526/660/643 485/662/645 527/659/642
f 483/663/646 2193/664/647 484/665/648
f 483/663/646 2194/666/649 2193/664/647
f 525/661/644 484/665/648 485/662/645
f 525/661/644 483/663/646 484/665/648
f 524/667/650 2188/668/651 2194/666/649
f 524/667/650 2194/666/649 483/663/646
f 523/669/652 2189/670/653 2188/668/651
f 523/669/652 2188/668/651 524/667/650
f 522/671/654 2190/672/655 2189/670/653
f 522/671/654 2189/670/653 523/669/652
f 521/673/656 2191/674/657 522/671/654
f 2191/674/657 2190/672/655 522/671/654
f 520/675/658 2192/676/659 521/673/656
f 2192/676/659 2191/674/657 521/673/656
f 529/657/640 2187/656/639 520/675/658
f 2187/656/639 2192/676/659 520/675/658
f 519/677/660 522/671/654 518/678/661
f 518/678/661 522/671/654 523/669/652
f 521/673/656 522/671/654 517/679/662
f 517/679/662 522/671/654 519/677/660
f 516/680/663 517/679/662 519/677/660
f 515/681/664 517/679/662 516/680/663
f 528/658/641 515/681/664 526/660/643
f 526/660/643 515/681/664 516/680/663
f 516/680/663 514/682/665 525/661/644
f 526/660/643 516/680/663 525/661/644
f 516/680/663 518/678/661 514/682/665
f 519/677/660 518/678/661 516/680/663
f 518/678/661 523/669/652 524/667/650
f 518/678/661 524/667/650 514/682/665
f 514/682/665 524/667/650 483/663/646
f 514/682/665 483/663/646 525/661/644
f 528/658/641 529/657/640 515/681/664
f 529/657/640 520/675/658 515/681/664
f 515/681/664 520/675/658 517/679/662
f 520/675/658 521/673/656 517/679/662
f 513/683/666 546/628/611 527/659/642
f 548/627/610 546/628/611 513/683/666
f 485/662/645 484/665/648 481/684/667
f 485/662/645 481/684/667 482/685/668
f 527/659/642 485/662/645 513/683/666
f 513/683/666 485/662/645 482/685/668
f 2193/664/647 2195/686/669 481/684/667
f 484/665/648 2193/664/647 481/684/667
f 549/625/608 552/622/605 479/687/670
f 480/688/671 549/625/608 479/687/670
f 552/622/605 548/627/610 479/687/670
f 479/687/670 548/627/610 478/689/672
f 548/627/610 513/683/666 478/689/672
f 513/683/666 482/685/668 478/689/672
f 476/690/673 477/691/674 475/692/675
f 475/692/675 477/691/674 474/693/676
f 472/694/677 475/692/675 474/693/676
f 473/695/678 475/692/675 472/694/677
f 474/693/676 470/696/679 471/697/680
f 477/691/674 470/696/679 474/693/676
f 472/694/677 474/693/676 471/697/680
f 469/698/681 473/695/678 472/694/677
f 469/698/681 468/699/682 473/695/678
f 467/700/683 468/699/682 469/698/681
f 467/700/683 466/701/684 468/699/682
f 467/700/683 465/702/685 466/701/684
f 465/702/685 2196/703/686 466/701/684
f 2197/704/687 2196/703/686 465/702/685
f 477/691/674 2103/705/688 470/696/679
f 2103/705/688 2108/706/689 470/696/679
f 473/695/678 468/699/682 464/707/690
f 466/701/684 2196/703/686 463/708/691
f 2196/703/686 2198/709/692 463/708/691
f 468/699/682 466/701/684 462/710/693
f 466/701/684 463/708/691 462/710/693
f 476/690/673 2104/711/694 477/691/674
f 2104/711/694 2103/705/688 477/691/674
f 2198/709/692 2199/712/695 461/713/696
f 463/708/691 2198/709/692 461/713/696
f 2199/712/695 2200/714/697 460/715/698
f 461/713/696 2199/712/695 460/715/698
f 460/715/698 2200/714/697 2201/716/699
f 460/715/698 2201/716/699 459/717/700
f 459/717/700 2201/716/699 2202/718/701
f 459/717/700 2202/718/701 458/719/702
f 458/719/702 2202/718/701 2203/720/703
f 458/719/702 2203/720/703 457/721/704
f 2203/720/703 2104/711/694 457/721/704
f 457/721/704 2104/711/694 476/690/673
f 461/713/696 460/715/698 455/722/705
f 456/723/706 461/713/696 455/722/705
f 455/722/705 460/715/698 459/717/700
f 455/722/705 459/717/700 454/724/707
f 453/725/708 475/692/675 473/695/678
f 464/707/690 453/725/708 473/695/678
f 452/726/709 454/724/707 451/727/710
f 455/722/705 454/724/707 452/726/709
f 464/707/690 451/727/710 453/725/708
f 452/726/709 451/727/710 464/707/690
f 464/707/690 468/699/682 452/726/709
f 468/699/682 462/710/693 452/726/709
f 452/726/709 456/723/706 455/722/705
f 462/710/693 456/723/706 452/726/709
f 462/710/693 463/708/691 456/723/706
f 463/708/691 461/713/696 456/723/706
f 451/727/710 458/719/702 457/721/704
f 451/727/710 457/721/704 453/725/708
f 454/724/707 459/717/700 458/719/702
f 454/724/707 458/719/702 451/727/710
f 453/725/708 457/721/704 475/692/675
f 457/721/704 476/690/673 475/692/675
f 450/728/711 2204/729/712 465/702/685
f 465/702/685 2204/729/712 2197/704/687
f 449/730/713 450/728/711 467/700/683
f 450/728/711 465/702/685 467/700/683
f 448/731/714 449/730/713 467/700/683
f 447/732/715 449/730/713 448/731/714
f 448/731/714 446/733/716 447/732/715
f 446/733/716 445/734/717 447/732/715
f 444/735/718 2206/736/719 443/737/720
f 2206/736/719 2205/738/719 443/737/720
f 446/733/716 444/735/718 445/734/717
f 444/735/718 443/737/720 445/734/717
f 2205/738/719 2207/739/721 442/740/722
f 443/737/720 2205/738/719 442/740/722
f 2207/739/721 2208/741/723 441/742/724
f 442/740/722 2207/739/721 441/742/724
f 2208/741/723 2209/743/725 440/744/726
f 441/742/724 2208/741/723 440/744/726
f 440/744/726 2209/743/725 2210/745/727
f 440/744/726 2210/745/727 439/746/728
f 439/746/728 2210/745/727 2211/747/729
f 439/746/728 2211/747/729 438/748/730
f 438/748/730 2211/747/729 2204/729/712
f 438/748/730 2204/729/712 450/728/711
f 441/742/724 440/744/726 437/749/731
f 437/749/731 440/744/726 436/750/732
f 436/750/732 440/744/726 435/751/733
f 435/751/733 440/744/726 439/746/728
f 434/752/734 435/751/733 433/753/735
f 436/750/732 435/751/733 434/752/734
f 447/732/715 433/753/735 449/730/713
f 434/752/734 433/753/735 447/732/715
f 445/734/717 434/752/734 447/732/715
f 445/734/717 432/754/736 434/752/734
f 434/752/734 437/749/731 436/750/732
f 432/754/736 437/749/731 434/752/734
f 432/754/736 442/740/722 437/749/731
f 442/740/722 441/742/724 437/749/731
f 445/734/717 443/737/720 432/754/736
f 443/737/720 442/740/722 432/754/736
f 433/753/735 438/748/730 450/728/711
f 433/753/735 450/728/711 449/730/713
f 435/751/733 439/746/728 438/748/730
f 435/751/733 438/748/730 433/753/735
f 448/731/714 467/700/683 431/755/737
f 431/755/737 467/700/683 469/698/681
f 481/684/667 444/735/718 446/733/716
f 482/685/668 481/684/667 446/733/716
f 482/685/668 446/733/716 431/755/737
f 431/755/737 446/733/716 448/731/714
f 481/684/667 2195/686/669 2206/736/719
f 481/684/667 2206/736/719 444/735/718
f 479/687/670 472/694/677 471/697/680
f 479/687/670 471/697/680 480/688/671
f 479/687/670 469/698/681 472/694/677
f 478/689/672 469/698/681 479/687/670
f 478/689/672 431/755/737 469/698/681
f 478/689/672 482/685/668 431/755/737
f 198/756/738 2108/706/689 2109/757/739
f 470/696/679 2108/706/689 198/756/738
f 197/758/740 2109/757/739 2110/759/741
f 198/756/738 2109/757/739 197/758/740
f 202/760/742 2105/634/617 550/624/607
f 2106/761/743 2105/634/617 202/760/742
f 201/762/744 2106/761/743 202/760/742
f 2107/763/745 2106/761/743 201/762/744
f 470/696/679 198/756/738 196/764/746
f 471/697/680 470/696/679 196/764/746
f 196/764/746 198/756/738 197/758/740
f 196/764/746 197/758/740 195/765/747
f 200/766/748 550/624/607 549/625/608
f 200/766/748 202/760/742 550/624/607
f 199/767/749 201/762/744 200/766/748
f 201/762/744 202/760/742 200/766/748
f 194/768/750 471/697/680 196/764/746
f 480/688/671 471/697/680 194/768/750
f 194/768/750 196/764/746 195/765/747
f 177/769/751 194/768/750 195/765/747
f 194/768/750 549/625/608 480/688/671
f 200/766/748 549/625/608 194/768/750
f 199/767/749 194/768/750 177/769/751
f 199/767/749 200/766/748 194/768/750
f 195/765/747 2401/770/752 2402/771/753
f 195/765/747 197/758/740 2401/770/752
f 2404/772/754 2403/773/755 199/767/749
f 2403/773/755 201/762/744 199/767/749
f 2405/774/756 177/769/751 2402/771/753
f 177/769/751 195/765/747 2402/771/753
f 2404/772/754 177/769/751 2405/774/756
f 2404/772/754 199/767/749 177/769/751
f 626/775/673 627/776/674 625/777/675
f 625/777/675 627/776/674 624/778/676
f 622/779/677 625/777/675 624/778/676
f 623/780/678 625/777/675 622/779/677
f 624/778/676 620/781/679 621/782/680
f 627/776/674 620/781/679 624/778/676
f 622/779/677 624/778/676 621/782/680
f 619/783/681 623/780/678 622/779/677
f 619/783/681 618/784/682 623/780/678
f 617/785/683 618/784/682 619/783/681
f 617/785/683 616/786/684 618/784/682
f 617/785/683 615/787/685 616/786/684
f 615/787/685 2231/788/757 616/786/684
f 2232/789/758 2231/788/757 615/787/685
f 627/776/674 2123/790/688 620/781/679
f 2123/790/688 2128/791/689 620/781/679
f 623/780/678 618/784/682 614/792/690
f 616/786/684 2231/788/757 613/793/691
f 2231/788/757 2233/794/759 613/793/691
f 618/784/682 616/786/684 612/795/693
f 616/786/684 613/793/691 612/795/693
f 626/775/673 2124/796/694 627/776/674
f 2124/796/694 2123/790/688 627/776/674
f 2233/794/759 2234/797/695 611/798/696
f 613/793/691 2233/794/759 611/798/696
f 2234/797/695 2235/799/697 610/800/698
f 611/798/696 2234/797/695 610/800/698
f 610/800/698 2235/799/697 2236/801/760
f 610/800/698 2236/801/760 609/802/700
f 609/802/700 2236/801/760 2237/803/701
f 609/802/700 2237/803/701 608/804/702
f 608/804/702 2237/803/701 2238/805/703
f 608/804/702 2238/805/703 607/806/704
f 2238/805/703 2124/796/694 607/806/704
f 607/806/704 2124/796/694 626/775/673
f 611/798/696 610/800/698 605/807/705
f 606/808/706 611/798/696 605/807/705
f 605/807/705 610/800/698 609/802/700
f 605/807/705 609/802/700 604/809/707
f 603/810/708 625/777/675 623/780/678
f 614/792/690 603/810/708 623/780/678
f 602/811/709 604/809/707 601/812/710
f 605/807/705 604/809/707 602/811/709
f 614/792/690 601/812/710 603/810/708
f 602/811/709 601/812/710 614/792/690
f 614/792/690 618/784/682 602/811/709
f 618/784/682 612/795/693 602/811/709
f 602/811/709 606/808/706 605/807/705
f 612/795/693 606/808/706 602/811/709
f 612/795/693 613/793/691 606/808/706
f 613/793/691 611/798/696 606/808/706
f 601/812/710 608/804/702 607/806/704
f 601/812/710 607/806/704 603/810/708
f 604/809/707 609/802/700 608/804/702
f 604/809/707 608/804/702 601/812/710
f 603/810/708 607/806/704 625/777/675
f 607/806/704 626/775/673 625/777/675
f 600/813/711 2239/814/761 615/787/685
f 615/787/685 2239/814/761 2232/789/758
f 599/815/713 600/813/711 617/785/683
f 600/813/711 615/787/685 617/785/683
f 598/816/714 599/815/713 617/785/683
f 597/817/715 599/815/713 598/816/714
f 598/816/714 714/818/716 597/817/715
f 714/818/716 596/819/717 597/817/715
f 713/820/762 2213/821/763 712/822/764
f 2213/821/763 2212/823/765 712/822/764
f 714/818/716 713/820/762 596/819/717
f 713/820/762 712/822/764 596/819/717
f 2212/823/765 2240/824/721 595/825/766
f 712/822/764 2212/823/765 595/825/766
f 2240/824/721 2241/826/723 594/827/724
f 595/825/766 2240/824/721 594/827/724
f 2241/826/723 2242/828/725 593/829/726
f 594/827/724 2241/826/723 593/829/726
f 593/829/726 2242/828/725 2243/830/727
f 593/829/726 2243/830/727 592/831/728
f 592/831/728 2243/830/727 2244/832/729
f 592/831/728 2244/832/729 591/833/730
f 591/833/730 2244/832/729 2239/814/761
f 591/833/730 2239/814/761 600/813/711
f 594/827/724 593/829/726 590/834/731
f 590/834/731 593/829/726 589/835/767
f 589/835/767 593/829/726 588/836/733
f 588/836/733 593/829/726 592/831/728
f 587/837/734 588/836/733 586/838/768
f 589/835/767 588/836/733 587/837/734
f 597/817/715 586/838/768 599/815/713
f 587/837/734 586/838/768 597/817/715
f 596/819/717 587/837/734 597/817/715
f 596/819/717 585/839/736 587/837/734
f 587/837/734 590/834/731 589/835/767
f 585/839/736 590/834/731 587/837/734
f 585/839/736 595/825/766 590/834/731
f 595/825/766 594/827/724 590/834/731
f 596/819/717 712/822/764 585/839/736
f 712/822/764 595/825/766 585/839/736
f 586/838/768 591/833/730 600/813/711
f 586/838/768 600/813/711 599/815/713
f 588/836/733 592/831/728 591/833/730
f 588/836/733 591/833/730 586/838/768
f 598/816/714 617/785/683 584/840/769
f 584/840/769 617/785/683 619/783/681
f 711/841/667 713/820/762 714/818/716
f 710/842/668 711/841/667 714/818/716
f 710/842/668 714/818/716 584/840/769
f 584/840/769 714/818/716 598/816/714
f 711/841/667 2214/843/669 2213/821/763
f 711/841/667 2213/821/763 713/820/762
f 709/844/670 622/779/677 621/782/680
f 709/844/670 621/782/680 708/845/671
f 709/844/670 619/783/681 622/779/677
f 707/846/672 619/783/681 709/844/670
f 707/846/672 584/840/769 619/783/681
f 707/846/672 710/842/668 584/840/769
f 705/847/601 706/848/602 704/849/603
f 704/849/603 706/848/602 703/850/604
f 705/847/601 704/849/603 702/851/605
f 702/851/605 704/849/603 701/852/606
f 705/847/601 700/853/607 706/848/602
f 699/854/608 700/853/607 705/847/601
f 699/854/608 705/847/601 702/851/605
f 701/852/606 697/855/609 698/856/610
f 702/851/605 701/852/606 698/856/610
f 698/856/610 697/855/609 696/857/611
f 694/858/612 695/859/613 696/857/611
f 697/855/609 694/858/612 696/857/611
f 695/859/613 2216/860/614 2215/861/615
f 694/858/612 2216/860/614 695/859/613
f 700/853/607 2121/862/770 706/848/602
f 700/853/607 2125/863/617 2121/862/770
f 693/864/618 697/855/609 701/852/606
f 692/865/619 2216/860/614 694/858/612
f 692/865/619 2217/866/620 2216/860/614
f 691/867/621 694/858/612 697/855/609
f 691/867/621 692/865/619 694/858/612
f 706/848/602 2121/862/770 2122/868/771
f 706/848/602 2122/868/771 703/850/604
f 690/869/623 2218/870/624 2217/866/620
f 690/869/623 2217/866/620 692/865/619
f 689/871/625 2219/872/772 2218/870/624
f 689/871/625 2218/870/624 690/869/623
f 688/873/627 2220/874/628 689/871/625
f 2220/874/628 2219/872/772 689/871/625
f 687/875/629 2221/876/773 688/873/627
f 2221/876/773 2220/874/628 688/873/627
f 686/877/631 2222/878/774 687/875/629
f 2222/878/774 2221/876/773 687/875/629
f 703/850/604 2122/868/771 686/877/631
f 686/877/631 2122/868/771 2222/878/774
f 685/879/633 689/871/625 690/869/623
f 685/879/633 690/869/623 684/880/634
f 688/873/627 689/871/625 685/879/633
f 683/881/635 688/873/627 685/879/633
f 701/852/606 704/849/603 682/882/636
f 701/852/606 682/882/636 693/864/618
f 681/883/637 683/881/635 685/879/633
f 680/884/638 683/881/635 681/883/637
f 682/882/636 680/884/638 693/864/618
f 693/864/618 680/884/638 681/883/637
f 681/883/637 697/855/609 693/864/618
f 681/883/637 691/867/621 697/855/609
f 681/883/637 684/880/634 691/867/621
f 685/879/633 684/880/634 681/883/637
f 684/880/634 690/869/623 692/865/619
f 684/880/634 692/865/619 691/867/621
f 682/882/636 686/877/631 680/884/638
f 686/877/631 687/875/629 680/884/638
f 680/884/638 687/875/629 683/881/635
f 687/875/629 688/873/627 683/881/635
f 704/849/603 703/850/604 686/877/631
f 704/849/603 686/877/631 682/882/636
f 695/859/613 2223/885/639 679/886/640
f 2215/861/615 2223/885/639 695/859/613
f 696/857/611 679/886/640 678/887/641
f 696/857/611 695/859/613 679/886/640
f 677/888/642 678/887/641 676/889/643
f 696/857/611 678/887/641 677/888/642
f 676/889/643 674/890/644 675/891/645
f 676/889/643 675/891/645 677/888/642
f 672/892/646 2224/893/775 673/894/776
f 672/892/646 2225/895/777 2224/893/775
f 674/890/644 673/894/776 675/891/645
f 674/890/644 672/892/646 673/894/776
f 671/896/778 2226/897/779 2225/895/777
f 671/896/778 2225/895/777 672/892/646
f 670/898/652 2227/899/653 2226/897/779
f 670/898/652 2226/897/779 671/896/778
f 669/900/654 2228/901/655 2227/899/653
f 669/900/654 2227/899/653 670/898/652
f 668/902/656 2229/903/657 669/900/654
f 2229/903/657 2228/901/655 669/900/654
f 667/904/658 2230/905/659 668/902/656
f 2230/905/659 2229/903/657 668/902/656
f 679/886/640 2223/885/639 667/904/658
f 2223/885/639 2230/905/659 667/904/658
f 666/906/780 669/900/654 665/907/661
f 665/907/661 669/900/654 670/898/652
f 668/902/656 669/900/654 664/908/662
f 664/908/662 669/900/654 666/906/780
f 663/909/663 664/908/662 666/906/780
f 662/910/664 664/908/662 663/909/663
f 678/887/641 662/910/664 676/889/643
f 676/889/643 662/910/664 663/909/663
f 663/909/663 661/911/665 674/890/644
f 676/889/643 663/909/663 674/890/644
f 663/909/663 665/907/661 661/911/665
f 666/906/780 665/907/661 663/909/663
f 665/907/661 670/898/652 671/896/778
f 665/907/661 671/896/778 661/911/665
f 661/911/665 671/896/778 672/892/646
f 661/911/665 672/892/646 674/890/644
f 678/887/641 679/886/640 662/910/664
f 679/886/640 667/904/658 662/910/664
f 662/910/664 667/904/658 664/908/662
f 667/904/658 668/902/656 664/908/662
f 660/912/666 696/857/611 677/888/642
f 698/856/610 696/857/611 660/912/666
f 675/891/645 673/894/776 711/841/667
f 675/891/645 711/841/667 710/842/668
f 677/888/642 675/891/645 660/912/666
f 660/912/666 675/891/645 710/842/668
f 2224/893/775 2214/843/669 711/841/667
f 673/894/776 2224/893/775 711/841/667
f 699/854/608 702/851/605 709/844/670
f 708/845/671 699/854/608 709/844/670
f 702/851/605 698/856/610 709/844/670
f 709/844/670 698/856/610 707/846/672
f 698/856/610 660/912/666 707/846/672
f 660/912/666 710/842/668 707/846/672
f 214/913/742 2125/863/617 700/853/607
f 2126/914/743 2125/863/617 214/913/742
f 2127/915/745 2126/914/743 213/916/781
f 213/916/781 2126/914/743 214/913/742
f 206/917/738 2128/791/689 2129/918/739
f 620/781/679 2128/791/689 206/917/738
f 205/919/740 2129/918/739 2130/920/741
f 206/917/738 2129/918/739 205/919/740
f 212/921/748 700/853/607 699/854/608
f 212/921/748 214/913/742 700/853/607
f 211/922/749 213/916/781 212/921/748
f 213/916/781 214/913/742 212/921/748
f 620/781/679 206/917/738 204/923/746
f 621/782/680 620/781/679 204/923/746
f 204/923/746 205/919/740 203/924/747
f 204/923/746 206/917/738 205/919/740
f 210/925/750 699/854/608 708/845/671
f 212/921/748 699/854/608 210/925/750
f 211/922/749 210/925/750 186/926/751
f 211/922/749 212/921/748 210/925/750
f 210/925/750 621/782/680 204/923/746
f 708/845/671 621/782/680 210/925/750
f 186/926/751 210/925/750 203/924/747
f 210/925/750 204/923/746 203/924/747
f 2407/927/754 2406/928/782 211/922/749
f 2406/928/782 213/916/781 211/922/749
f 203/924/747 205/919/740 2408/929/783
f 203/924/747 2408/929/783 2409/930/753
f 2407/927/754 186/926/751 2410/931/756
f 2407/927/754 211/922/749 186/926/751
f 186/926/751 203/924/747 2409/930/753
f 2410/931/756 186/926/751 2409/930/753
f 512/932/784 430/933/785 511/934/786
f 511/934/786 430/933/785 429/935/787
f 510/936/788 512/932/784 511/934/786
f 511/934/786 429/935/787 509/937/789
f 509/937/789 429/935/787 428/938/790
f 509/937/789 428/938/790 2411/939/791
f 2412/940/649 509/937/789 2411/939/791
f 2414/941/792 2413/942/793 508/943/794
f 508/943/794 2413/942/793 507/944/795
f 508/943/794 507/944/795 506/945/796
f 506/945/796 507/944/795 505/946/797
f 503/947/798 504/948/799 512/932/784
f 503/947/798 512/932/784 2415/949/800
f 504/948/799 427/950/801 430/933/785
f 504/948/799 430/933/785 512/932/784
f 2415/949/800 502/951/802 503/947/798
f 2416/952/620 502/951/802 2415/949/800
f 500/953/803 505/946/797 501/954/804
f 506/945/796 505/946/797 500/953/803
f 501/954/804 505/946/797 503/947/798
f 2414/941/792 508/943/794 2417/955/805
f 2417/955/805 508/943/794 506/945/796
f 2418/956/806 499/957/807 2419/958/808
f 498/959/809 499/957/807 2418/956/806
f 2419/958/808 497/960/810 2420/961/811
f 2419/958/808 499/957/807 497/960/810
f 499/957/807 496/962/812 497/960/810
f 497/960/810 496/962/812 502/951/802
f 502/951/802 496/962/812 503/947/798
f 503/947/798 496/962/812 501/954/804
f 500/953/803 501/954/804 495/963/813
f 501/954/804 496/962/812 495/963/813
f 495/963/813 496/962/812 498/959/809
f 498/959/809 496/962/812 499/957/807
f 2420/961/811 502/951/802 2416/952/620
f 497/960/810 502/951/802 2420/961/811
f 2421/964/814 506/945/796 500/953/803
f 2417/955/805 506/945/796 2421/964/814
f 2422/965/815 495/963/813 2418/956/806
f 2418/956/806 495/963/813 498/959/809
f 2421/964/814 500/953/803 2422/965/815
f 500/953/803 495/963/813 2422/965/815
f 503/947/798 507/944/795 504/948/799
f 505/946/797 507/944/795 503/947/798
f 510/936/788 494/966/816 2423/967/817
f 2424/968/818 510/936/788 2423/967/817
f 510/936/788 511/934/786 493/969/819
f 510/936/788 493/969/819 494/966/816
f 493/969/819 511/934/786 509/937/789
f 492/970/820 493/969/819 509/937/789
f 2412/940/649 492/970/820 509/937/789
f 2425/971/647 492/970/820 2412/940/649
f 490/972/821 491/973/822 2426/974/655
f 2427/975/823 490/972/821 2426/974/655
f 2426/974/655 489/976/824 2428/977/825
f 2426/974/655 491/973/822 489/976/824
f 491/973/822 488/978/826 489/976/824
f 489/976/824 488/978/826 487/979/827
f 492/970/820 488/978/826 493/969/819
f 487/979/827 488/978/826 492/970/820
f 494/966/816 493/969/819 486/980/828
f 493/969/819 488/978/826 486/980/828
f 486/980/828 488/978/826 490/972/821
f 490/972/821 488/978/826 491/973/822
f 2425/971/647 487/979/827 492/970/820
f 2429/981/829 487/979/827 2425/971/647
f 489/976/824 487/979/827 2429/981/829
f 2428/977/825 489/976/824 2429/981/829
f 2430/982/830 490/972/821 2427/975/823
f 2430/982/830 486/980/828 490/972/821
f 2423/967/817 494/966/816 2430/982/830
f 494/966/816 486/980/828 2430/982/830
f 2415/949/800 512/932/784 2424/968/818
f 2424/968/818 512/932/784 510/936/788
f 507/944/795 427/950/801 504/948/799
f 507/944/795 426/983/831 427/950/801
f 2413/942/793 426/983/831 507/944/795
f 2413/942/793 193/984/832 426/983/831
f 429/935/787 430/933/785 425/985/833
f 425/985/833 430/933/785 424/986/834
f 425/985/833 424/986/834 423/987/835
f 428/938/790 429/935/787 422/988/836
f 422/988/836 429/935/787 425/985/833
f 2411/939/791 428/938/790 422/988/836
f 2411/939/791 422/988/836 2431/989/719
f 421/990/837 2432/991/838 2433/992/839
f 420/993/840 2432/991/838 421/990/837
f 418/994/841 420/993/840 421/990/837
f 419/995/842 420/993/840 418/994/841
f 2434/996/686 424/986/834 417/997/843
f 424/986/834 416/998/844 417/997/843
f 430/933/785 427/950/801 416/998/844
f 424/986/834 430/933/785 416/998/844
f 2434/996/686 415/999/845 2435/1000/846
f 417/997/843 415/999/845 2434/996/686
f 414/1001/847 419/995/842 413/1002/848
f 413/1002/848 419/995/842 418/994/841
f 417/997/843 419/995/842 414/1001/847
f 418/994/841 421/990/837 2436/1003/849
f 2436/1003/849 421/990/837 2433/992/839
f 2437/1004/850 411/1005/851 2438/1006/852
f 2438/1006/852 411/1005/851 412/1007/853
f 410/1008/854 411/1005/851 2437/1004/850
f 2439/1009/855 410/1008/854 2437/1004/850
f 415/999/845 409/1010/856 410/1008/854
f 410/1008/854 409/1010/856 411/1005/851
f 417/997/843 409/1010/856 415/999/845
f 414/1001/847 409/1010/856 417/997/843
f 408/1011/846 409/1010/856 414/1001/847
f 408/1011/846 414/1001/847 413/1002/848
f 411/1005/851 409/1010/856 412/1007/853
f 412/1007/853 409/1010/856 408/1011/846
f 2435/1000/846 415/999/845 2439/1009/855
f 2439/1009/855 415/999/845 410/1008/854
f 413/1002/848 418/994/841 2440/1012/857
f 2440/1012/857 418/994/841 2436/1003/849
f 2438/1006/852 408/1011/846 2441/1013/858
f 412/1007/853 408/1011/846 2438/1006/852
f 2441/1013/858 413/1002/848 2440/1012/857
f 2441/1013/858 408/1011/846 413/1002/848
f 417/997/843 420/993/840 419/995/842
f 416/998/844 420/993/840 417/997/843
f 2442/1014/859 407/1015/860 423/987/835
f 2442/1014/859 423/987/835 2443/1016/861
f 407/1015/860 406/1017/862 423/987/835
f 406/1017/862 425/985/833 423/987/835
f 422/988/836 406/1017/862 405/1018/863
f 422/988/836 425/985/833 406/1017/862
f 2431/989/719 405/1018/863 2444/1019/719
f 422/988/836 405/1018/863 2431/989/719
f 2445/1020/864 404/1021/865 2446/1022/866
f 2445/1020/864 403/1023/867 404/1021/865
f 402/1024/868 403/1023/867 2445/1020/864
f 2447/1025/869 402/1024/868 2445/1020/864
f 400/1026/870 401/1027/871 402/1024/868
f 402/1024/868 401/1027/871 403/1023/867
f 406/1017/862 401/1027/871 405/1018/863
f 405/1018/863 401/1027/871 400/1026/870
f 399/1028/872 401/1027/871 406/1017/862
f 399/1028/872 406/1017/862 407/1015/860
f 403/1023/867 401/1027/871 404/1021/865
f 404/1021/865 401/1027/871 399/1028/872
f 2444/1019/719 400/1026/870 2448/1029/873
f 405/1018/863 400/1026/870 2444/1019/719
f 2448/1029/873 402/1024/868 2447/1025/869
f 2448/1029/873 400/1026/870 402/1024/868
f 404/1021/865 399/1028/872 2449/1030/874
f 2446/1022/866 404/1021/865 2449/1030/874
f 2449/1030/874 407/1015/860 2442/1014/859
f 2449/1030/874 399/1028/872 407/1015/860
f 423/987/835 424/986/834 2443/1016/861
f 2443/1016/861 424/986/834 2434/996/686
f 416/998/844 427/950/801 420/993/840
f 427/950/801 426/983/831 420/993/840
f 420/993/840 426/983/831 2432/991/838
f 426/983/831 193/984/832 2432/991/838
f 2450/1031/739 193/984/832 192/1032/875
f 2432/991/838 193/984/832 2450/1031/739
f 2451/1033/741 192/1032/875 191/1034/876
f 2450/1031/739 192/1032/875 2451/1033/741
f 2452/1035/743 193/984/832 2413/942/793
f 192/1032/875 193/984/832 2452/1035/743
f 2453/1036/745 192/1032/875 2452/1035/743
f 191/1034/876 192/1032/875 2453/1036/745
f 658/1037/787 659/1038/785 583/1039/877
f 583/1039/877 659/1038/785 582/1040/834
f 583/1039/877 582/1040/834 581/1041/835
f 657/1042/790 658/1037/787 580/1043/836
f 580/1043/836 658/1037/787 583/1039/877
f 2456/1044/791 657/1042/790 580/1043/836
f 2456/1044/791 580/1043/836 2457/1045/763
f 579/1046/837 2458/1047/838 2459/1048/839
f 578/1049/840 2458/1047/838 579/1046/837
f 576/1050/841 578/1049/840 579/1046/837
f 577/1051/842 578/1049/840 576/1050/841
f 2460/1052/878 582/1040/834 575/1053/843
f 582/1040/834 574/1054/844 575/1053/843
f 659/1038/785 656/1055/801 574/1054/844
f 582/1040/834 659/1038/785 574/1054/844
f 2460/1052/878 573/1056/845 2461/1057/879
f 575/1053/843 573/1056/845 2460/1052/878
f 572/1058/847 577/1051/842 571/1059/848
f 571/1059/848 577/1051/842 576/1050/841
f 575/1053/843 577/1051/842 572/1058/847
f 576/1050/841 579/1046/837 2462/1060/849
f 2462/1060/849 579/1046/837 2459/1048/839
f 2463/1061/850 569/1062/851 2464/1063/852
f 2464/1063/852 569/1062/851 570/1064/853
f 568/1065/854 569/1062/851 2463/1061/850
f 2465/1066/855 568/1065/854 2463/1061/850
f 573/1056/845 567/1067/856 568/1065/854
f 568/1065/854 567/1067/856 569/1062/851
f 575/1053/843 567/1067/856 573/1056/845
f 572/1058/847 567/1067/856 575/1053/843
f 566/1068/880 567/1067/856 572/1058/847
f 566/1068/880 572/1058/847 571/1059/848
f 569/1062/851 567/1067/856 570/1064/853
f 570/1064/853 567/1067/856 566/1068/880
f 2461/1057/879 573/1056/845 2465/1066/855
f 2465/1066/855 573/1056/845 568/1065/854
f 571/1059/848 576/1050/841 2466/1069/857
f 2466/1069/857 576/1050/841 2462/1060/849
f 2464/1063/852 566/1068/880 2467/1070/858
f 570/1064/853 566/1068/880 2464/1063/852
f 2467/1070/858 571/1059/848 2466/1069/857
f 2467/1070/858 566/1068/880 571/1059/848
f 575/1053/843 578/1049/840 577/1051/842
f 574/1054/844 578/1049/840 575/1053/843
f 2468/1071/881 565/1072/860 581/1041/835
f 2468/1071/881 581/1041/835 2469/1073/882
f 565/1072/860 564/1074/862 581/1041/835
f 564/1074/862 583/1039/877 581/1041/835
f 580/1043/836 564/1074/862 563/1075/863
f 580/1043/836 583/1039/877 564/1074/862
f 2457/1045/763 563/1075/863 2470/1076/883
f 580/1043/836 563/1075/863 2457/1045/763
f 2471/1077/864 562/1078/865 2472/1079/866
f 2471/1077/864 561/1080/867 562/1078/865
f 560/1081/868 561/1080/867 2471/1077/864
f 2473/1082/869 560/1081/868 2471/1077/864
f 558/1083/870 559/1084/871 560/1081/868
f 560/1081/868 559/1084/871 561/1080/867
f 564/1074/862 559/1084/871 563/1075/863
f 563/1075/863 559/1084/871 558/1083/870
f 557/1085/872 559/1084/871 564/1074/862
f 557/1085/872 564/1074/862 565/1072/860
f 561/1080/867 559/1084/871 562/1078/865
f 562/1078/865 559/1084/871 557/1085/872
f 2470/1076/883 558/1083/870 2474/1086/873
f 563/1075/863 558/1083/870 2470/1076/883
f 2474/1086/873 560/1081/868 2473/1082/869
f 2474/1086/873 558/1083/870 560/1081/868
f 562/1078/865 557/1085/872 2475/1087/874
f 2472/1079/866 562/1078/865 2475/1087/874
f 2475/1087/874 565/1072/860 2468/1071/881
f 2475/1087/874 557/1085/872 565/1072/860
f 581/1041/835 582/1040/834 2469/1073/882
f 2469/1073/882 582/1040/834 2460/1052/878
f 574/1054/844 656/1055/801 578/1049/840
f 656/1055/801 655/1088/831 578/1049/840
f 578/1049/840 655/1088/831 2458/1047/838
f 655/1088/831 209/1089/832 2458/1047/838
f 654/1090/784 659/1038/785 653/1091/786
f 653/1091/786 659/1038/785 658/1037/787
f 652/1092/788 654/1090/784 653/1091/786
f 653/1091/786 658/1037/787 651/1093/789
f 651/1093/789 658/1037/787 657/1042/790
f 651/1093/789 657/1042/790 2456/1044/791
f 2476/1094/775 651/1093/789 2456/1044/791
f 2478/1095/884 2477/1096/793 650/1097/794
f 650/1097/794 2477/1096/793 649/1098/795
f 650/1097/794 649/1098/795 648/1099/796
f 648/1099/796 649/1098/795 647/1100/797
f 645/1101/798 646/1102/799 654/1090/784
f 645/1101/798 654/1090/784 2479/1103/800
f 646/1102/799 656/1055/801 659/1038/785
f 646/1102/799 659/1038/785 654/1090/784
f 2479/1103/800 644/1104/802 645/1101/798
f 2480/1105/620 644/1104/802 2479/1103/800
f 642/1106/803 647/1100/797 643/1107/804
f 648/1099/796 647/1100/797 642/1106/803
f 643/1107/804 647/1100/797 645/1101/798
f 2478/1095/884 650/1097/794 2481/1108/885
f 2481/1108/885 650/1097/794 648/1099/796
f 2482/1109/806 641/1110/807 2483/1111/808
f 640/1112/809 641/1110/807 2482/1109/806
f 2483/1111/808 639/1113/886 2484/1114/811
f 2483/1111/808 641/1110/807 639/1113/886
f 641/1110/807 638/1115/812 639/1113/886
f 639/1113/886 638/1115/812 644/1104/802
f 644/1104/802 638/1115/812 645/1101/798
f 645/1101/798 638/1115/812 643/1107/804
f 642/1106/803 643/1107/804 637/1116/887
f 643/1107/804 638/1115/812 637/1116/887
f 637/1116/887 638/1115/812 640/1112/809
f 640/1112/809 638/1115/812 641/1110/807
f 2484/1114/811 644/1104/802 2480/1105/620
f 639/1113/886 644/1104/802 2484/1114/811
f 2485/1117/888 648/1099/796 642/1106/803
f 2481/1108/885 648/1099/796 2485/1117/888
f 2486/1118/889 637/1116/887 2482/1109/806
f 2482/1109/806 637/1116/887 640/1112/809
f 2485/1117/888 642/1106/803 2486/1118/889
f 642/1106/803 637/1116/887 2486/1118/889
f 645/1101/798 649/1098/795 646/1102/799
f 647/1100/797 649/1098/795 645/1101/798
f 652/1092/788 636/1119/816 2487/1120/817
f 2488/1121/818 652/1092/788 2487/1120/817
f 652/1092/788 653/1091/786 635/1122/819
f 652/1092/788 635/1122/819 636/1119/816
f 635/1122/819 653/1091/786 651/1093/789
f 634/1123/820 635/1122/819 651/1093/789
f 2476/1094/775 634/1123/820 651/1093/789
f 2489/1124/890 634/1123/820 2476/1094/775
f 632/1125/821 633/1126/822 2490/1127/655
f 2491/1128/823 632/1125/821 2490/1127/655
f 2490/1127/655 631/1129/824 2492/1130/891
f 2490/1127/655 633/1126/822 631/1129/824
f 633/1126/822 630/1131/826 631/1129/824
f 631/1129/824 630/1131/826 629/1132/827
f 634/1123/820 630/1131/826 635/1122/819
f 629/1132/827 630/1131/826 634/1123/820
f 636/1119/816 635/1122/819 628/1133/828
f 635/1122/819 630/1131/826 628/1133/828
f 628/1133/828 630/1131/826 632/1125/821
f 632/1125/821 630/1131/826 633/1126/822
f 2489/1124/890 629/1132/827 634/1123/820
f 2493/1134/829 629/1132/827 2489/1124/890
f 631/1129/824 629/1132/827 2493/1134/829
f 2492/1130/891 631/1129/824 2493/1134/829
f 2494/1135/830 632/1125/821 2491/1128/823
f 2494/1135/830 628/1133/828 632/1125/821
f 2487/1120/817 636/1119/816 2494/1135/830
f 636/1119/816 628/1133/828 2494/1135/830
f 2479/1103/800 654/1090/784 2488/1121/818
f 2488/1121/818 654/1090/784 652/1092/788
f 649/1098/795 656/1055/801 646/1102/799
f 649/1098/795 655/1088/831 656/1055/801
f 2477/1096/793 655/1088/831 649/1098/795
f 2477/1096/793 209/1089/832 655/1088/831
f 2495/1136/743 209/1089/832 2477/1096/793
f 208/1137/875 209/1089/832 2495/1136/743
f 207/1138/876 208/1137/875 2496/1139/745
f 2496/1139/745 208/1137/875 2495/1136/743
f 2497/1140/739 209/1089/832 208/1137/875
f 2458/1047/838 209/1089/832 2497/1140/739
f 2498/1141/741 208/1137/875 207/1138/876
f 2497/1140/739 208/1137/875 2498/1141/741
f 359/1142/892 362/1143/893 1603/1144/894
f 359/1142/892 1603/1144/894 1604/1145/895
f 348/1146/896 345/1147/897 338/1148/898
f 348/1146/896 355/1149/899 345/1147/897
f 355/1149/899 354/1150/900 345/1147/897
f 358/1151/901 362/1143/893 359/1142/892
f 355/1149/899 358/1151/901 359/1142/892
f 355/1149/899 359/1142/892 354/1150/900
f 376/1152/902 2078/167/169 375/1153/903
f 2078/167/169 2075/156/158 375/1153/903
f 858/1154/904 863/1155/905 362/1143/893
f 858/1154/904 362/1143/893 358/1151/901
f 859/1156/906 864/1157/907 863/1155/905
f 859/1156/906 863/1155/905 858/1154/904
f 860/1158/908 865/1159/909 859/1156/906
f 859/1156/906 865/1159/909 864/1157/907
f 863/1155/905 868/1160/910 362/1143/893
f 362/1143/893 868/1160/910 2501/1161/911
f 868/1160/910 2502/1162/912 2501/1161/911
f 375/1153/903 2075/156/158 2503/1163/523
f 2503/1163/523 2075/156/158 2504/1164/913
f 864/1157/907 868/1160/910 863/1155/905
f 864/1157/907 869/1165/914 868/1160/910
f 869/1165/914 375/1153/903 868/1160/910
f 869/1165/914 376/1152/902 375/1153/903
f 868/1160/910 2503/1163/523 2502/1162/912
f 868/1160/910 375/1153/903 2503/1163/523
f 865/1159/909 869/1165/914 864/1157/907
f 865/1159/909 870/1166/915 869/1165/914
f 870/1166/915 376/1152/902 869/1165/914
f 870/1166/915 377/1167/916 376/1152/902
f 377/1167/916 2082/161/163 2078/167/169
f 377/1167/916 2078/167/169 376/1152/902
f 362/1143/893 2505/1168/917 1603/1144/894
f 362/1143/893 2501/1161/911 2505/1168/917
f 2167/1169/918 326/1170/919 325/1171/920
f 2167/1169/918 325/1171/920 1942/1172/921
f 1942/1172/921 325/1171/920 2506/1173/922
f 1943/1174/923 1560/1175/924 1939/1176/925
f 1943/1174/923 1942/1172/921 1560/1175/924
f 325/1171/920 2507/1177/926 2506/1173/922
f 325/1171/920 338/1148/898 2507/1177/926
f 338/1148/898 2508/1178/897 2507/1177/926
f 338/1148/898 345/1147/897 2508/1178/897
f 326/1170/919 338/1148/898 325/1171/920
f 326/1170/919 337/1179/927 338/1148/898
f 347/1180/928 348/1146/896 337/1179/927
f 337/1179/927 348/1146/896 338/1148/898
f 345/1147/897 2509/1181/175 2508/1178/897
f 345/1147/897 1584/1182/929 2509/1181/175
f 1560/1175/924 2506/1173/922 2510/1183/930
f 1942/1172/921 2506/1173/922 1560/1175/924
f 328/1184/931 847/1185/932 337/1179/927
f 328/1184/931 337/1179/927 326/1170/919
f 850/1186/933 347/1180/928 847/1185/932
f 847/1185/932 347/1180/928 337/1179/927
f 841/1187/934 848/1188/935 847/1185/932
f 841/1187/934 847/1185/932 328/1184/931
f 848/1188/935 851/1189/936 850/1186/933
f 848/1188/935 850/1186/933 847/1185/932
f 855/1190/937 859/1156/906 854/1191/938
f 855/1190/937 860/1158/908 859/1156/906
f 853/1192/939 859/1156/906 858/1154/904
f 854/1191/938 859/1156/906 853/1192/939
f 355/1149/899 858/1154/904 358/1151/901
f 853/1192/939 858/1154/904 355/1149/899
f 354/1150/900 359/1142/892 1583/1193/940
f 1583/1193/940 359/1142/892 1604/1145/895
f 855/1190/937 854/1191/938 850/1186/933
f 851/1189/936 855/1190/937 850/1186/933
f 854/1191/938 853/1192/939 347/1180/928
f 850/1186/933 854/1191/938 347/1180/928
f 853/1192/939 355/1149/899 348/1146/896
f 347/1180/928 853/1192/939 348/1146/896
f 345/1147/897 354/1150/900 1584/1182/929
f 354/1150/900 1583/1193/940 1584/1182/929
f 2168/1194/941 328/1184/931 326/1170/919
f 2168/1194/941 326/1170/919 2167/1169/918
f 2169/1195/942 328/1184/931 2168/1194/941
f 2169/1195/942 841/1187/934 328/1184/931
f 1605/1196/943 363/1197/944 361/1198/945
f 1606/1199/946 1605/1196/943 361/1198/945
f 340/1200/947 351/1201/948 350/1202/949
f 351/1201/948 356/1203/950 357/1204/951
f 351/1201/948 357/1204/951 350/1202/949
f 361/1198/945 363/1197/944 360/1205/952
f 356/1203/950 361/1198/945 357/1204/951
f 361/1198/945 360/1205/952 357/1204/951
f 379/1206/953 2083/159/161 378/1207/954
f 379/1206/953 2079/148/150 2083/159/161
f 363/1197/944 867/1208/955 862/1209/956
f 360/1205/952 363/1197/944 862/1209/956
f 867/1208/955 866/1210/957 861/1211/958
f 862/1209/956 867/1208/955 861/1211/958
f 866/1210/957 865/1159/909 861/1211/958
f 861/1211/958 865/1159/909 860/1158/908
f 363/1197/944 872/1212/959 867/1208/955
f 2511/1213/960 872/1212/959 363/1197/944
f 2511/1213/960 2512/1214/961 872/1212/959
f 2513/1215/962 2079/148/150 2514/1216/572
f 2514/1216/572 2079/148/150 379/1206/953
f 867/1208/955 872/1212/959 866/1210/957
f 872/1212/959 871/1217/963 866/1210/957
f 379/1206/953 378/1207/954 871/1217/963
f 872/1212/959 379/1206/953 871/1217/963
f 2514/1216/572 379/1206/953 872/1212/959
f 2512/1214/961 2514/1216/572 872/1212/959
f 866/1210/957 871/1217/963 865/1159/909
f 871/1217/963 870/1166/915 865/1159/909
f 871/1217/963 378/1207/954 870/1166/915
f 378/1207/954 377/1167/916 870/1166/915
f 2083/159/161 2082/161/163 377/1167/916
f 378/1207/954 2083/159/161 377/1167/916
f 1605/1196/943 2515/1218/964 363/1197/944
f 2515/1218/964 2511/1213/960 363/1197/944
f 331/1219/965 332/1220/966 2172/1221/967
f 1947/1222/968 331/1219/965 2172/1221/967
f 2516/1223/969 331/1219/965 1947/1222/968
f 1944/1224/970 1562/1225/971 1948/1226/972
f 1562/1225/971 1947/1222/968 1948/1226/972
f 2517/1227/973 340/1200/947 331/1219/965
f 2516/1223/969 2517/1227/973 331/1219/965
f 2518/1228/974 351/1201/948 340/1200/947
f 2517/1227/973 2518/1228/974 340/1200/947
f 331/1219/965 340/1200/947 332/1220/966
f 340/1200/947 339/1229/975 332/1220/966
f 340/1200/947 350/1202/949 339/1229/975
f 339/1229/975 350/1202/949 349/1230/976
f 2519/1231/977 1586/1232/978 351/1201/948
f 2518/1228/974 2519/1231/977 351/1201/948
f 1562/1225/971 2516/1223/969 1947/1222/968
f 2520/1233/979 2516/1223/969 1562/1225/971
f 339/1229/975 849/1234/980 330/1235/981
f 332/1220/966 339/1229/975 330/1235/981
f 849/1234/980 349/1230/976 852/1236/982
f 339/1229/975 349/1230/976 849/1234/980
f 849/1234/980 848/1188/935 841/1187/934
f 330/1235/981 849/1234/980 841/1187/934
f 852/1236/982 851/1189/936 848/1188/935
f 849/1234/980 852/1236/982 848/1188/935
f 856/1237/983 861/1211/958 855/1190/937
f 861/1211/958 860/1158/908 855/1190/937
f 857/1238/984 861/1211/958 856/1237/983
f 862/1209/956 861/1211/958 857/1238/984
f 357/1204/951 862/1209/956 857/1238/984
f 360/1205/952 862/1209/956 357/1204/951
f 1585/1239/985 361/1198/945 356/1203/950
f 1606/1199/946 361/1198/945 1585/1239/985
f 852/1236/982 856/1237/983 855/1190/937
f 852/1236/982 855/1190/937 851/1189/936
f 349/1230/976 857/1238/984 856/1237/983
f 349/1230/976 856/1237/983 852/1236/982
f 350/1202/949 357/1204/951 857/1238/984
f 350/1202/949 857/1238/984 349/1230/976
f 1586/1232/978 356/1203/950 351/1201/948
f 1586/1232/978 1585/1239/985 356/1203/950
f 332/1220/966 330/1235/981 2170/1240/986
f 2172/1221/967 332/1220/966 2170/1240/986
f 2170/1240/986 330/1235/981 2169/1195/942
f 330/1235/981 841/1187/934 2169/1195/942
f 316/1241/987 2549/1242/988 2550/1243/989
f 316/1241/987 2550/1243/989 315/1244/990
f 314/1245/991 316/1241/987 313/1246/992
f 313/1246/992 316/1241/987 315/1244/990
f 314/1245/991 312/1247/993 316/1241/987
f 312/1247/993 2549/1242/988 316/1241/987
f 840/1248/994 2551/1249/995 830/1250/996
f 312/1247/993 327/1251/997 2549/1242/988
f 327/1251/997 2552/1252/941 2549/1242/988
f 824/1253/998 2552/1252/941 327/1251/997
f 830/1250/996 2551/1249/995 2552/1252/941
f 830/1250/996 2552/1252/941 824/1253/998
f 315/1244/990 2550/1243/989 2553/1254/999
f 315/1244/990 2553/1254/999 310/1255/1000
f 310/1255/1000 2553/1254/999 2554/1256/1001
f 310/1255/1000 2554/1256/1001 1/1257/1002
f 293/1258/1003 294/1259/1004 296/1260/1005
f 295/1261/1006 293/1258/1003 296/1260/1005
f 296/1260/1005 294/1259/1004 1552/1262/1007
f 1552/1262/1007 294/1259/1004 1551/1263/1008
f 2134/1264/1009 292/1265/1010 2135/1266/1011
f 2136/1267/1012 292/1265/1010 295/1261/1006
f 2135/1266/1011 292/1265/1010 2136/1267/1012
f 247/1268/1013 248/1269/1014 251/1270/1015
f 251/1270/1015 248/1269/1014 250/1271/1016
f 248/1269/1014 1554/1272/1017 250/1271/1016
f 250/1271/1016 1554/1272/1017 1553/1273/1018
f 249/1274/1019 251/1270/1015 257/1275/1020
f 256/1276/1021 249/1274/1019 257/1275/1020
f 257/1275/1020 250/1271/1016 255/1277/1022
f 251/1270/1015 250/1271/1016 257/1275/1020
f 255/1277/1022 1553/1273/1018 1557/1278/1023
f 250/1271/1016 1553/1273/1018 255/1277/1022
f 728/1279/1024 249/1274/1019 256/1276/1021
f 736/1280/1025 728/1279/1024 256/1276/1021
f 728/1279/1024 246/1281/1026 249/1274/1019
f 1551/1263/1008 1/1257/1002 1561/1282/1027
f 294/1259/1004 1/1257/1002 1551/1263/1008
f 305/1283/1028 1/1257/1002 294/1259/1004
f 293/1258/1003 305/1283/1028 294/1259/1004
f 304/1284/1029 305/1283/1028 293/1258/1003
f 292/1265/1010 304/1284/1029 293/1258/1003
f 792/1285/1030 304/1284/1029 292/1265/1010
f 754/1286/1031 792/1285/1030 292/1265/1010
f 791/1287/1032 792/1285/1030 753/1288/1033
f 753/1288/1033 792/1285/1030 754/1286/1031
f 752/1289/1034 791/1287/1032 753/1288/1033
f 752/1289/1034 790/1290/1035 791/1287/1032
f 751/1291/1036 752/1289/1034 753/1288/1033
f 928/1292/1037 929/1293/1038 908/1294/1039
f 929/1293/1038 907/1295/1040 908/1294/1039
f 1116/1296/1041 1146/1297/1042 1117/1298/1043
f 1145/1299/1044 1146/1297/1042 1116/1296/1041
f 1114/1300/1045 1172/1301/1046 1115/1302/1047
f 1144/1303/1048 1172/1301/1046 1114/1300/1045
f 1117/1298/1043 1144/1303/1048 1114/1300/1045
f 1146/1297/1042 1144/1303/1048 1117/1298/1043
f 1112/132/1049 1143/1304/1050 1113/1305/1051
f 1142/131/1052 1143/1304/1050 1112/132/1049
f 1143/1304/1050 1145/1299/1044 1116/1296/1041
f 1143/1304/1050 1116/1296/1041 1113/1305/1051
f 1171/1306/1053 839/1307/1054 1168/1308/1055
f 1168/1308/1055 839/1307/1054 829/1309/1056
f 1172/1301/1046 1168/1308/1055 1115/1302/1047
f 1172/1301/1046 1171/1306/1053 1168/1308/1055
f 839/1307/1054 838/1310/1057 829/1309/1056
f 829/1309/1056 838/1310/1057 828/1311/1058
f 838/1310/1057 837/1312/1059 828/1311/1058
f 828/1311/1058 837/1312/1059 827/1313/1060
f 837/1312/1059 840/1248/994 827/1313/1060
f 827/1313/1060 840/1248/994 830/1250/996
f 927/1314/1061 928/1292/1037 906/1315/1062
f 928/1292/1037 908/1294/1039 906/1315/1062
f 926/1316/1063 1006/1317/1064 907/1295/1040
f 929/1293/1038 926/1316/1063 907/1295/1040
f 736/1280/1025 727/1318/1065 728/1279/1024
f 735/1319/1066 727/1318/1065 736/1280/1025
f 873/1320/1067 725/1321/1068 734/1322/1069
f 734/1322/1069 725/1321/1068 726/1323/1070
f 735/1319/1066 726/1323/1070 727/1318/1065
f 734/1322/1069 726/1323/1070 735/1319/1066
f 873/1320/1067 925/1324/1071 725/1321/1068
f 925/1324/1071 905/1325/1072 725/1321/1068
f 925/1324/1071 927/1314/1061 905/1325/1072
f 927/1314/1061 906/1315/1062 905/1325/1072
f 1048/1326/1073 1005/1327/1074 926/1316/1063
f 926/1316/1063 1005/1327/1074 1006/1317/1064
f 1047/116/116 1007/3/1075 1004/117/117
f 1046/1328/1076 1003/1329/1077 1048/1326/1073
f 1048/1326/1073 1003/1329/1077 1005/1327/1074
f 1042/114/114 1000/115/115 1046/1328/1076
f 1046/1328/1076 1000/115/115 1003/1329/1077
f 763/1330/1078 2137/1331/1079 2146/1332/1080
f 723/1333/1081 763/1330/1078 2146/1332/1080
f 1004/117/117 997/133/1082 998/118/118
f 1004/117/117 1007/3/1075 997/133/1082
f 1110/134/136 1111/137/1083 1108/1334/1084
f 1110/134/136 1108/1334/1084 1109/1335/1085
f 1093/1336/1086 1090/1337/1087 1092/1338/1088
f 1090/1337/1087 1091/1339/1089 1092/1338/1088
f 789/1340/1090 790/1290/1035 752/1289/1034
f 761/1341/1091 762/1342/1092 760/1343/1093
f 762/1342/1092 750/1344/1094 760/1343/1093
f 761/1341/1091 760/1343/1093 759/1345/1095
f 973/1346/1096 788/1347/1097 758/1348/1098
f 758/1348/1098 788/1347/1097 749/1349/1099
f 758/1348/1098 749/1349/1099 750/1344/1094
f 762/1342/1092 758/1348/1098 750/1344/1094
f 788/1347/1097 789/1340/1090 749/1349/1099
f 749/1349/1099 789/1340/1090 752/1289/1034
f 789/1340/1090 787/1350/1100 790/1290/1035
f 786/1351/1101 787/1350/1100 789/1340/1090
f 908/1294/1039 907/1295/1040 904/1352/1102
f 907/1295/1040 903/1353/1103 904/1352/1102
f 891/30/30 972/1354/1104 892/1355/1105
f 890/25/1106 891/30/30 892/1355/1105
f 901/1356/1107 902/1357/1108 900/14/1109
f 902/1357/1108 899/15/1110 900/14/1109
f 889/1358/1111 886/19/1112 888/1359/1113
f 886/19/1112 887/28/1114 888/1359/1113
f 970/11/1115 971/1360/1116 972/1354/1104
f 891/30/30 970/11/1115 972/1354/1104
f 901/1356/1107 900/14/1109 889/1358/1111
f 889/1358/1111 900/14/1109 886/19/1112
f 996/1361/1117 969/1362/1118 898/21/1119
f 898/21/1119 969/1362/1118 968/10/1120
f 969/1362/1118 971/1360/1116 970/11/1115
f 968/10/1120 969/1362/1118 970/11/1115
f 888/1359/1113 884/33/33 885/1363/1121
f 887/28/1114 884/33/33 888/1359/1113
f 882/26/1122 892/1355/1105 883/1364/1123
f 890/25/1106 892/1355/1105 882/26/1122
f 885/1363/1121 882/26/1122 883/1364/1123
f 884/33/33 882/26/1122 885/1363/1121
f 904/1352/1102 996/1361/1117 897/20/20
f 897/20/20 996/1361/1117 898/21/1119
f 902/1357/1108 904/1352/1102 897/20/20
f 902/1357/1108 897/20/20 899/15/1110
f 1116/1296/1041 1106/1365/1124 1107/1366/1125
f 1116/1296/1041 1117/1298/1043 1106/1365/1124
f 1111/137/1083 1105/1367/1126 1108/1334/1084
f 1108/1334/1084 1105/1367/1126 1104/1368/1127
f 1108/1334/1084 1104/1368/1127 1089/1369/1128
f 1089/1369/1128 1104/1368/1127 1088/1370/1129
f 1112/132/1049 1113/1305/1051 1111/137/1083
f 1111/137/1083 1113/1305/1051 1105/1367/1126
f 1107/1366/1125 1106/1365/1124 1102/1371/1130
f 1107/1366/1125 1102/1371/1130 1103/1372/1131
f 1088/1370/1129 1102/1371/1130 1087/1373/1132
f 1103/1372/1131 1102/1371/1130 1088/1370/1129
f 1105/1367/1126 1103/1372/1131 1104/1368/1127
f 1105/1367/1126 1107/1366/1125 1103/1372/1131
f 1089/1369/1128 1088/1370/1129 1086/1374/1133
f 1113/1305/1051 1107/1366/1125 1105/1367/1126
f 1113/1305/1051 1116/1296/1041 1107/1366/1125
f 1110/134/136 1109/1335/1085 1101/135/1134
f 1101/135/1134 1109/1335/1085 1100/1375/1135
f 995/1376/1136 993/1377/1137 994/1378/1138
f 992/1379/1139 993/1377/1137 995/1376/1136
f 991/1380/1140 1099/1381/1141 993/1377/1137
f 992/1379/1139 991/1380/1140 993/1377/1137
f 990/1382/1142 967/1383/1143 989/1384/1144
f 989/1384/1144 967/1383/1143 966/1385/1145
f 990/1382/1142 1098/1386/1146 1085/1387/1147
f 990/1382/1142 1085/1387/1147 967/1383/1143
f 989/1384/1144 966/1385/1145 965/1388/1148
f 988/1389/1149 989/1384/1144 965/1388/1148
f 994/1378/1138 993/1377/1137 989/1384/1144
f 993/1377/1137 990/1382/1142 989/1384/1144
f 993/1377/1137 1099/1381/1141 990/1382/1142
f 1099/1381/1141 1098/1386/1146 990/1382/1142
f 987/1390/1150 994/1378/1138 988/1389/1149
f 994/1378/1138 989/1384/1144 988/1389/1149
f 966/1385/1145 967/1383/1143 964/1391/1151
f 967/1383/1143 963/1392/1152 964/1391/1151
f 967/1383/1143 1084/1393/1153 963/1392/1152
f 967/1383/1143 1085/1387/1147 1084/1393/1153
f 987/1390/1150 995/1376/1136 994/1378/1138
f 1168/1308/1055 829/1309/1056 1167/1394/1154
f 1167/1394/1154 829/1309/1056 826/1395/1155
f 786/1351/1101 785/1396/1156 787/1350/1100
f 784/1397/1157 785/1396/1156 786/1351/1101
f 1092/1338/1088 810/1398/1158 785/1396/1156
f 784/1397/1157 1092/1338/1088 785/1396/1156
f 1092/1338/1088 811/1399/1159 810/1398/1158
f 1091/1339/1089 811/1399/1159 1092/1338/1088
f 1167/1394/1154 826/1395/1155 1083/1400/1160
f 1083/1400/1160 826/1395/1155 823/1401/1161
f 1083/1400/1160 823/1401/1161 1091/1339/1089
f 1091/1339/1089 823/1401/1161 811/1399/1159
f 1082/1402/1162 1083/1400/1160 1091/1339/1089
f 1090/1337/1087 1082/1402/1162 1091/1339/1089
f 1097/1403/1163 1083/1400/1160 1082/1402/1162
f 1097/1403/1163 1167/1394/1154 1083/1400/1160
f 1115/1302/1047 1168/1308/1055 1097/1403/1163
f 1097/1403/1163 1168/1308/1055 1167/1394/1154
f 1081/1404/1164 1080/1405/1165 1093/1336/1086
f 1080/1405/1165 1090/1337/1087 1093/1336/1086
f 1114/1300/1045 1115/1302/1047 1096/1406/1166
f 1096/1406/1166 1115/1302/1047 1097/1403/1163
f 1096/1406/1166 1097/1403/1163 1095/1407/1167
f 962/1408/1168 1081/1404/1164 961/1409/1169
f 1081/1404/1164 1093/1336/1086 961/1409/1169
f 1095/1407/1167 1097/1403/1163 1082/1402/1162
f 1079/1410/1170 1095/1407/1167 1082/1402/1162
f 829/1309/1056 828/1311/1058 826/1395/1155
f 826/1395/1155 828/1311/1058 825/1411/1171
f 787/1350/1100 809/1412/1172 783/1413/1173
f 785/1396/1156 809/1412/1172 787/1350/1100
f 810/1398/1158 807/1414/1174 808/1415/1175
f 811/1399/1159 807/1414/1174 810/1398/1158
f 785/1396/1156 808/1415/1175 809/1412/1172
f 810/1398/1158 808/1415/1175 785/1396/1156
f 826/1395/1155 825/1411/1171 823/1401/1161
f 823/1401/1161 825/1411/1171 822/1416/1176
f 823/1401/1161 822/1416/1176 811/1399/1159
f 811/1399/1159 822/1416/1176 807/1414/1174
f 783/1413/1173 806/1417/1177 782/1418/1178
f 809/1412/1172 806/1417/1177 783/1413/1173
f 806/1417/1177 311/1419/1179 303/1420/1180
f 782/1418/1178 806/1417/1177 303/1420/1180
f 805/1421/1181 314/1245/991 311/1419/1179
f 806/1417/1177 805/1421/1181 311/1419/1179
f 808/1415/1175 805/1421/1181 806/1417/1177
f 809/1412/1172 808/1415/1175 806/1417/1177
f 808/1415/1175 804/1422/1182 805/1421/1181
f 807/1414/1174 804/1422/1182 808/1415/1175
f 804/1422/1182 312/1247/993 314/1245/991
f 805/1421/1181 804/1422/1182 314/1245/991
f 804/1422/1182 327/1251/997 312/1247/993
f 821/1423/1183 327/1251/997 804/1422/1182
f 822/1416/1176 821/1423/1183 807/1414/1174
f 807/1414/1174 821/1423/1183 804/1422/1182
f 825/1411/1171 820/1424/1184 822/1416/1176
f 822/1416/1176 820/1424/1184 821/1423/1183
f 820/1424/1184 824/1253/998 821/1423/1183
f 821/1423/1183 824/1253/998 327/1251/997
f 827/1313/1060 830/1250/996 820/1424/1184
f 820/1424/1184 830/1250/996 824/1253/998
f 828/1311/1058 827/1313/1060 825/1411/1171
f 825/1411/1171 827/1313/1060 820/1424/1184
f 905/1325/1072 901/1356/1107 881/1425/1185
f 881/1425/1185 901/1356/1107 889/1358/1111
f 903/1353/1103 996/1361/1117 904/1352/1102
f 903/1353/1103 986/1426/1186 996/1361/1117
f 986/1426/1186 985/1427/1187 996/1361/1117
f 996/1361/1117 985/1427/1187 969/1362/1118
f 985/1427/1187 960/1428/1188 971/1360/1116
f 969/1362/1118 985/1427/1187 971/1360/1116
f 906/1315/1062 902/1357/1108 901/1356/1107
f 905/1325/1072 906/1315/1062 901/1356/1107
f 883/1364/1123 892/1355/1105 762/1342/1092
f 892/1355/1105 758/1348/1098 762/1342/1092
f 971/1360/1116 960/1428/1188 973/1346/1096
f 971/1360/1116 973/1346/1096 972/1354/1104
f 972/1354/1104 973/1346/1096 758/1348/1098
f 892/1355/1105 972/1354/1104 758/1348/1098
f 985/1427/1187 959/1429/1189 960/1428/1188
f 984/1430/1190 959/1429/1189 985/1427/1187
f 986/1426/1186 984/1430/1190 985/1427/1187
f 983/1431/1191 984/1430/1190 986/1426/1186
f 982/1432/1192 983/1431/1191 986/1426/1186
f 982/1432/1192 986/1426/1186 903/1353/1103
f 1006/1317/1064 982/1432/1192 903/1353/1103
f 907/1295/1040 1006/1317/1064 903/1353/1103
f 908/1294/1039 904/1352/1102 902/1357/1108
f 906/1315/1062 908/1294/1039 902/1357/1108
f 881/1425/1185 889/1358/1111 880/1433/1193
f 889/1358/1111 888/1359/1113 880/1433/1193
f 880/1433/1193 885/1363/1121 761/1341/1091
f 888/1359/1113 885/1363/1121 880/1433/1193
f 883/1364/1123 762/1342/1092 761/1341/1091
f 885/1363/1121 883/1364/1123 761/1341/1091
f 782/1418/1178 303/1420/1180 304/1284/1029
f 792/1285/1030 782/1418/1178 304/1284/1029
f 791/1287/1032 782/1418/1178 792/1285/1030
f 783/1413/1173 782/1418/1178 791/1287/1032
f 723/1333/1081 757/1434/1194 763/1330/1078
f 722/1435/1195 757/1434/1194 723/1333/1081
f 747/1436/1196 748/1437/1197 757/1434/1194
f 757/1434/1194 748/1437/1197 763/1330/1078
f 753/1288/1033 754/1286/1031 747/1436/1196
f 747/1436/1196 754/1286/1031 748/1437/1197
f 725/1321/1068 724/1438/1198 726/1323/1070
f 726/1323/1070 724/1438/1198 721/1439/1199
f 727/1318/1065 721/1439/1199 720/1440/1200
f 726/1323/1070 721/1439/1199 727/1318/1065
f 725/1321/1068 905/1325/1072 724/1438/1198
f 724/1438/1198 905/1325/1072 881/1425/1185
f 760/1343/1093 751/1291/1036 746/1441/1201
f 750/1344/1094 751/1291/1036 760/1343/1093
f 751/1291/1036 753/1288/1033 746/1441/1201
f 746/1441/1201 753/1288/1033 747/1436/1196
f 746/1441/1201 747/1436/1196 756/1442/1202
f 756/1442/1202 747/1436/1196 757/1434/1194
f 759/1345/1095 760/1343/1093 756/1442/1202
f 756/1442/1202 760/1343/1093 746/1441/1201
f 750/1344/1094 752/1289/1034 751/1291/1036
f 749/1349/1099 752/1289/1034 750/1344/1094
f 881/1425/1185 880/1433/1193 724/1438/1198
f 724/1438/1198 880/1433/1193 755/1443/1203
f 880/1433/1193 761/1341/1091 755/1443/1203
f 755/1443/1203 761/1341/1091 759/1345/1095
f 790/1290/1035 783/1413/1173 791/1287/1032
f 787/1350/1100 783/1413/1173 790/1290/1035
f 722/1435/1195 756/1442/1202 757/1434/1194
f 719/1444/1204 756/1442/1202 722/1435/1195
f 720/1440/1200 719/1444/1204 722/1435/1195
f 721/1439/1199 719/1444/1204 720/1440/1200
f 721/1439/1199 755/1443/1203 719/1444/1204
f 724/1438/1198 755/1443/1203 721/1439/1199
f 755/1443/1203 759/1345/1095 719/1444/1204
f 719/1444/1204 759/1345/1095 756/1442/1202
f 1106/1365/1124 1095/1407/1167 1102/1371/1130
f 1106/1365/1124 1096/1406/1166 1095/1407/1167
f 1087/1373/1132 1102/1371/1130 1079/1410/1170
f 1102/1371/1130 1095/1407/1167 1079/1410/1170
f 1117/1298/1043 1114/1300/1045 1106/1365/1124
f 1106/1365/1124 1114/1300/1045 1096/1406/1166
f 980/1445/1205 983/1431/1191 982/1432/1192
f 980/1445/1205 981/1446/1206 983/1431/1191
f 1005/1327/1074 980/1445/1205 1006/1317/1064
f 1006/1317/1064 980/1445/1205 982/1432/1192
f 966/1385/1145 964/1391/1151 965/1388/1148
f 981/1446/1206 979/1447/1207 977/1448/1208
f 981/1446/1206 977/1448/1208 978/1449/1209
f 976/1450/1210 981/1446/1206 980/1445/1205
f 976/1450/1210 979/1447/1207 981/1446/1206
f 1007/3/1075 1094/136/1211 997/133/1082
f 1101/135/1134 1100/1375/1135 1099/1381/1141
f 1099/1381/1141 1100/1375/1135 1098/1386/1146
f 998/118/118 997/133/1082 995/1376/1136
f 997/133/1082 992/1379/1139 995/1376/1136
f 992/1379/1139 1094/136/1211 991/1380/1140
f 997/133/1082 1094/136/1211 992/1379/1139
f 1094/136/1211 1101/135/1134 991/1380/1140
f 991/1380/1140 1101/135/1134 1099/1381/1141
f 1098/1386/1146 1100/1375/1135 1085/1387/1147
f 1085/1387/1147 1100/1375/1135 1078/1451/1212
f 977/1448/1208 987/1390/1150 988/1389/1149
f 979/1447/1207 987/1390/1150 977/1448/1208
f 998/118/118 995/1376/1136 979/1447/1207
f 979/1447/1207 995/1376/1136 987/1390/1150
f 1003/1329/1077 976/1450/1210 1005/1327/1074
f 1005/1327/1074 976/1450/1210 980/1445/1205
f 974/119/119 998/118/118 979/1447/1207
f 1085/1387/1147 1078/1451/1212 1084/1393/1153
f 1084/1393/1153 1078/1451/1212 1077/1452/1213
f 1084/1393/1153 1077/1452/1213 1076/1453/1214
f 963/1392/1152 1084/1393/1153 1076/1453/1214
f 963/1392/1152 1076/1453/1214 964/1391/1151
f 964/1391/1151 1076/1453/1214 958/1454/1215
f 965/1388/1148 964/1391/1151 958/1454/1215
f 965/1388/1148 958/1454/1215 957/1455/1216
f 977/1448/1208 965/1388/1148 957/1455/1216
f 988/1389/1149 965/1388/1148 977/1448/1208
f 1086/1374/1133 1087/1373/1132 1075/1456/1217
f 1088/1370/1129 1087/1373/1132 1086/1374/1133
f 1074/1457/1218 1075/1456/1217 956/1458/1219
f 1086/1374/1133 1075/1456/1217 1074/1457/1218
f 978/1449/1209 955/1459/1220 984/1430/1190
f 984/1430/1190 955/1459/1220 959/1429/1189
f 955/1459/1220 954/1460/1221 959/1429/1189
f 955/1459/1220 953/1461/1222 954/1460/1221
f 953/1461/1222 956/1458/1219 954/1460/1221
f 953/1461/1222 1074/1457/1218 956/1458/1219
f 981/1446/1206 978/1449/1209 983/1431/1191
f 983/1431/1191 978/1449/1209 984/1430/1190
f 1077/1452/1213 1089/1369/1128 1086/1374/1133
f 1078/1451/1212 1089/1369/1128 1077/1452/1213
f 1076/1453/1214 1074/1457/1218 958/1454/1215
f 958/1454/1215 1074/1457/1218 953/1461/1222
f 957/1455/1216 958/1454/1215 955/1459/1220
f 955/1459/1220 958/1454/1215 953/1461/1222
f 977/1448/1208 957/1455/1216 978/1449/1209
f 978/1449/1209 957/1455/1216 955/1459/1220
f 1077/1452/1213 1086/1374/1133 1076/1453/1214
f 1076/1453/1214 1086/1374/1133 1074/1457/1218
f 1078/1451/1212 1109/1335/1085 1089/1369/1128
f 1100/1375/1135 1109/1335/1085 1078/1451/1212
f 1104/1368/1127 1103/1372/1131 1088/1370/1129
f 1109/1335/1085 1108/1334/1084 1089/1369/1128
f 1075/1456/1217 1080/1405/1165 1081/1404/1164
f 956/1458/1219 1075/1456/1217 1081/1404/1164
f 956/1458/1219 1081/1404/1164 954/1460/1221
f 954/1460/1221 1081/1404/1164 962/1408/1168
f 959/1429/1189 954/1460/1221 962/1408/1168
f 959/1429/1189 962/1408/1168 960/1428/1188
f 1075/1456/1217 1087/1373/1132 1080/1405/1165
f 1087/1373/1132 1079/1410/1170 1080/1405/1165
f 1079/1410/1170 1082/1402/1162 1090/1337/1087
f 1080/1405/1165 1079/1410/1170 1090/1337/1087
f 1093/1336/1086 1092/1338/1088 784/1397/1157
f 961/1409/1169 1093/1336/1086 784/1397/1157
f 952/1462/1223 786/1351/1101 788/1347/1097
f 788/1347/1097 786/1351/1101 789/1340/1090
f 973/1346/1096 951/1463/1224 788/1347/1097
f 951/1463/1224 952/1462/1223 788/1347/1097
f 960/1428/1188 951/1463/1224 973/1346/1096
f 960/1428/1188 962/1408/1168 951/1463/1224
f 951/1463/1224 962/1408/1168 952/1462/1223
f 962/1408/1168 961/1409/1169 952/1462/1223
f 961/1409/1169 784/1397/1157 786/1351/1101
f 952/1462/1223 961/1409/1169 786/1351/1101
f 313/1246/992 315/1244/990 310/1255/1000
f 302/1464/1225 313/1246/992 310/1255/1000
f 311/1419/1179 313/1246/992 302/1464/1225
f 303/1420/1180 311/1419/1179 302/1464/1225
f 303/1420/1180 302/1464/1225 305/1283/1028
f 304/1284/1029 303/1420/1180 305/1283/1028
f 302/1464/1225 310/1255/1000 1/1257/1002
f 305/1283/1028 302/1464/1225 1/1257/1002
f 311/1419/1179 314/1245/991 313/1246/992
f 247/1268/1013 296/1260/1005 248/1269/1014
f 247/1268/1013 295/1261/1006 296/1260/1005
f 292/1265/1010 293/1258/1003 295/1261/1006
f 248/1269/1014 1552/1262/1007 1554/1272/1017
f 296/1260/1005 1552/1262/1007 248/1269/1014
f 723/1333/1081 2146/1332/1080 2144/1465/1226
f 2142/1466/1227 246/1281/1026 728/1279/1024
f 2142/1466/1227 2147/1467/1228 246/1281/1026
f 763/1330/1078 748/1437/1197 2137/1331/1079
f 748/1437/1197 2138/1468/1229 2137/1331/1079
f 2148/1469/1230 2136/1267/1012 295/1261/1006
f 2148/1469/1230 295/1261/1006 247/1268/1013
f 748/1437/1197 754/1286/1031 2138/1468/1229
f 2138/1468/1229 754/1286/1031 2134/1264/1009
f 754/1286/1031 292/1265/1010 2134/1264/1009
f 2143/1470/1231 2142/1466/1227 728/1279/1024
f 727/1318/1065 2143/1470/1231 728/1279/1024
f 727/1318/1065 720/1440/1200 2143/1470/1231
f 2143/1470/1231 720/1440/1200 2145/1471/1232
f 246/1281/1026 247/1268/1013 251/1270/1015
f 249/1274/1019 246/1281/1026 251/1270/1015
f 246/1281/1026 2148/1469/1230 247/1268/1013
f 2147/1467/1228 2148/1469/1230 246/1281/1026
f 720/1440/1200 723/1333/1081 2145/1471/1232
f 2145/1471/1232 723/1333/1081 2144/1465/1226
f 720/1440/1200 722/1435/1195 723/1333/1081
f 968/10/1120 970/11/1115 949/12/12
f 950/13/13 968/10/1120 949/12/12
f 900/14/1109 899/15/1110 896/16/1233
f 899/15/1110 895/17/1234 896/16/1233
f 900/14/1109 879/18/1235 886/19/1112
f 900/14/1109 896/16/1233 879/18/1235
f 897/20/20 898/21/1119 894/22/22
f 894/22/22 898/21/1119 893/23/1236
f 877/24/1237 890/25/1106 882/26/1122
f 877/24/1237 878/27/1238 890/25/1106
f 898/21/1119 968/10/1120 893/23/1236
f 893/23/1236 968/10/1120 950/13/13
f 886/19/1112 879/18/1235 887/28/1114
f 879/18/1235 876/29/1239 887/28/1114
f 878/27/1238 891/30/30 890/25/1106
f 875/31/1240 891/30/30 878/27/1238
f 949/12/12 970/11/1115 891/30/30
f 875/31/1240 949/12/12 891/30/30
f 899/15/1110 897/20/20 895/17/1234
f 895/17/1234 897/20/20 894/22/22
f 874/32/1241 882/26/1122 884/33/33
f 874/32/1241 877/24/1237 882/26/1122
f 887/28/1114 876/29/1239 884/33/33
f 876/29/1239 874/32/1241 884/33/33
f 2556/1472/1242 2555/1473/1243 321/1474/1244
f 322/1475/1245 2556/1472/1242 321/1474/1244
f 320/1476/1246 321/1474/1244 319/1477/1247
f 322/1475/1245 321/1474/1244 320/1476/1246
f 321/1474/1244 318/1478/1248 319/1477/1247
f 321/1474/1244 2555/1473/1243 318/1478/1248
f 836/1479/1249 2551/1249/995 840/1248/994
f 2555/1473/1243 329/1480/1250 318/1478/1248
f 2555/1473/1243 2557/1481/986 329/1480/1250
f 329/1480/1250 2557/1481/986 846/1482/1251
f 2557/1481/986 2551/1249/995 836/1479/1249
f 846/1482/1251 2557/1481/986 836/1479/1249
f 323/1483/1252 2558/1484/1253 322/1475/1245
f 2558/1484/1253 2556/1472/1242 322/1475/1245
f 2/1485/1254 2559/1486/1255 323/1483/1252
f 2559/1486/1255 2558/1484/1253 323/1483/1252
f 298/1487/1256 301/1488/1257 297/1489/1258
f 298/1487/1256 300/1490/1259 301/1488/1257
f 1555/1491/1260 300/1490/1259 298/1487/1256
f 1559/1492/1261 300/1490/1259 1555/1491/1260
f 2158/1493/1262 299/1494/1263 2159/1495/1264
f 297/1489/1258 299/1494/1263 2160/1496/1265
f 2160/1496/1265 299/1494/1263 2158/1493/1262
f 254/1497/1266 267/1498/1267 253/1499/1268
f 253/1499/1268 267/1498/1267 266/1500/1269
f 1558/1501/1270 1556/1502/1271 254/1497/1266
f 254/1497/1266 1556/1502/1271 267/1498/1267
f 257/1275/1020 252/1503/1272 256/1276/1021
f 257/1275/1020 253/1499/1268 252/1503/1272
f 257/1275/1020 254/1497/1266 253/1499/1268
f 255/1277/1022 254/1497/1266 257/1275/1020
f 255/1277/1022 1558/1501/1270 254/1497/1266
f 1557/1278/1023 1558/1501/1270 255/1277/1022
f 256/1276/1021 733/1504/1273 736/1280/1025
f 256/1276/1021 252/1503/1272 733/1504/1273
f 252/1503/1272 265/1505/1274 733/1504/1273
f 1563/1506/1275 2/1485/1254 1559/1492/1261
f 1559/1492/1261 2/1485/1254 300/1490/1259
f 300/1490/1259 2/1485/1254 309/1507/1276
f 300/1490/1259 309/1507/1276 301/1488/1257
f 301/1488/1257 309/1507/1276 308/1508/1277
f 301/1488/1257 308/1508/1277 299/1494/1263
f 299/1494/1263 308/1508/1277 803/1509/1278
f 299/1494/1263 803/1509/1278 781/1510/1279
f 781/1510/1279 803/1509/1278 780/1511/1280
f 780/1511/1280 803/1509/1278 802/1512/1281
f 780/1511/1280 802/1512/1281 779/1513/1282
f 802/1512/1281 801/1514/1283 779/1513/1282
f 780/1511/1280 779/1513/1282 778/1515/1284
f 923/1516/1285 924/1517/1286 929/1293/1038
f 923/1516/1285 929/1293/1038 928/1292/1037
f 1141/1518/1287 1146/1297/1042 1140/1519/1288
f 1140/1519/1288 1146/1297/1042 1145/1299/1044
f 1139/1520/1289 1172/1301/1046 1138/1521/1290
f 1138/1521/1290 1172/1301/1046 1144/1303/1048
f 1138/1521/1290 1144/1303/1048 1141/1518/1287
f 1141/1518/1287 1144/1303/1048 1146/1297/1042
f 1137/1522/1291 1143/1304/1050 1136/139/1292
f 1136/139/1292 1143/1304/1050 1142/131/1052
f 1137/1522/1291 1140/1519/1288 1143/1304/1050
f 1140/1519/1288 1145/1299/1044 1143/1304/1050
f 2542/146/148 2548/1523/168 1938/147/149
f 1170/1524/1293 839/1307/1054 1171/1306/1053
f 835/1525/1294 839/1307/1054 1170/1524/1293
f 1139/1520/1289 1170/1524/1293 1172/1301/1046
f 1170/1524/1293 1171/1306/1053 1172/1301/1046
f 835/1525/1294 838/1310/1057 839/1307/1054
f 834/1526/1295 838/1310/1057 835/1525/1294
f 834/1526/1295 837/1312/1059 838/1310/1057
f 833/1527/1296 837/1312/1059 834/1526/1295
f 833/1527/1296 840/1248/994 837/1312/1059
f 836/1479/1249 840/1248/994 833/1527/1296
f 922/1528/1297 928/1292/1037 927/1314/1061
f 922/1528/1297 923/1516/1285 928/1292/1037
f 924/1517/1286 926/1316/1063 929/1293/1038
f 924/1517/1286 1040/1529/1298 926/1316/1063
f 736/1280/1025 732/1530/1299 735/1319/1066
f 733/1504/1273 732/1530/1299 736/1280/1025
f 734/1322/1069 731/1531/1300 873/1320/1067
f 730/1532/1301 731/1531/1300 734/1322/1069
f 735/1319/1066 730/1532/1301 734/1322/1069
f 732/1530/1299 730/1532/1301 735/1319/1066
f 731/1531/1300 921/1533/1302 925/1324/1071
f 731/1531/1300 925/1324/1071 873/1320/1067
f 921/1533/1302 922/1528/1297 927/1314/1061
f 921/1533/1302 927/1314/1061 925/1324/1071
f 1040/1529/1298 1039/1534/1303 926/1316/1063
f 926/1316/1063 1039/1534/1303 1048/1326/1073
f 1038/125/125 1041/5/5 1047/116/116
f 1039/1534/1303 1037/1535/1304 1048/1326/1073
f 1048/1326/1073 1037/1535/1304 1046/1328/1076
f 1037/1535/1304 1033/124/124 1046/1328/1076
f 1046/1328/1076 1033/124/124 1042/114/114
f 2154/1536/1305 2161/1537/1306 772/1538/1307
f 2154/1536/1305 772/1538/1307 745/1539/1308
f 1032/140/1309 1041/5/5 1038/125/125
f 1031/126/126 1032/140/1309 1038/125/125
f 1134/1540/1310 1135/144/1311 1132/142/144
f 1133/1541/1312 1134/1540/1310 1132/142/144
f 1163/1542/1313 1165/1543/1314 1166/1544/1315
f 1163/1542/1313 1164/1545/1316 1165/1543/1314
f 779/1513/1282 801/1514/1283 800/1546/1317
f 770/1547/1318 777/1548/1319 771/1549/1320
f 770/1547/1318 771/1549/1320 769/1550/1321
f 768/1551/1322 770/1547/1318 769/1550/1321
f 776/1552/1323 799/1553/1324 767/1554/1325
f 767/1554/1325 799/1553/1324 1073/1555/1326
f 777/1548/1319 776/1552/1323 767/1554/1325
f 777/1548/1319 767/1554/1325 771/1549/1320
f 776/1552/1323 800/1546/1317 799/1553/1324
f 779/1513/1282 800/1546/1317 776/1552/1323
f 800/1546/1317 797/1556/1327 798/1557/1328
f 801/1514/1283 797/1556/1327 800/1546/1317
f 919/1558/1329 920/1559/1330 924/1517/1286
f 919/1558/1329 924/1517/1286 923/1516/1285
f 948/1560/1331 946/79/79 947/74/1332
f 948/1560/1331 1072/1561/1333 946/79/79
f 916/66/1334 917/65/1335 918/1562/1336
f 916/66/1334 918/1562/1336 915/1563/1337
f 942/1564/1338 944/68/1339 945/1565/1340
f 942/1564/1338 943/77/1341 944/68/1339
f 1072/1561/1333 1071/60/60 946/79/79
f 1072/1561/1333 1070/1566/1342 1071/60/60
f 945/1565/1340 916/66/1334 915/1563/1337
f 944/68/1339 916/66/1334 945/1565/1340
f 1068/61/1343 1069/1567/1344 914/70/1345
f 914/70/1345 1069/1567/1344 1030/1568/1346
f 1071/60/60 1070/1566/1342 1069/1567/1344
f 1071/60/60 1069/1567/1344 1068/61/1343
f 942/1564/1338 941/81/81 943/77/1341
f 940/1569/1347 941/81/81 942/1564/1338
f 939/1570/1348 948/1560/1331 938/73/1349
f 938/73/1349 948/1560/1331 947/74/1332
f 940/1569/1347 938/73/1349 941/81/81
f 939/1570/1348 938/73/1349 940/1569/1347
f 914/70/1345 1030/1568/1346 913/72/1350
f 913/72/1350 1030/1568/1346 919/1558/1329
f 913/72/1350 919/1558/1329 918/1562/1336
f 917/65/1335 913/72/1350 918/1562/1336
f 1131/1571/1351 1141/1518/1287 1140/1519/1288
f 1130/1572/1352 1131/1571/1351 1140/1519/1288
f 1128/1573/1353 1129/1574/1354 1134/1540/1310
f 1134/1540/1310 1129/1574/1354 1135/144/1311
f 1161/1575/1355 1128/1573/1353 1134/1540/1310
f 1162/1576/1356 1128/1573/1353 1161/1575/1355
f 1135/144/1311 1137/1522/1291 1136/139/1292
f 1129/1574/1354 1137/1522/1291 1135/144/1311
f 1127/1577/1357 1131/1571/1351 1130/1572/1352
f 1126/1578/1358 1127/1577/1357 1130/1572/1352
f 1160/1579/1359 1127/1577/1357 1162/1576/1356
f 1162/1576/1356 1127/1577/1357 1126/1578/1358
f 1128/1573/1353 1126/1578/1358 1129/1574/1354
f 1126/1578/1358 1130/1572/1352 1129/1574/1354
f 1159/1580/1360 1162/1576/1356 1161/1575/1355
f 1130/1572/1352 1140/1519/1288 1137/1522/1291
f 1129/1574/1354 1130/1572/1352 1137/1522/1291
f 1125/141/1361 1133/1541/1312 1132/142/144
f 1124/1581/1362 1133/1541/1312 1125/141/1361
f 1029/1582/1363 1027/1583/1364 1028/1584/1365
f 1026/1585/1366 1027/1583/1364 1029/1582/1363
f 1027/1583/1364 1025/1586/1367 1028/1584/1365
f 1027/1583/1364 1123/1587/1368 1025/1586/1367
f 1066/1588/1369 1067/1589/1370 1024/1590/1371
f 1024/1590/1371 1067/1589/1370 1023/1591/1372
f 1067/1589/1370 1158/1592/1373 1023/1591/1372
f 1158/1592/1373 1122/1593/1374 1023/1591/1372
f 1065/1594/1375 1066/1588/1369 1024/1590/1371
f 1065/1594/1375 1024/1590/1371 1022/1595/1376
f 1024/1590/1371 1027/1583/1364 1026/1585/1366
f 1024/1590/1371 1023/1591/1372 1027/1583/1364
f 1023/1591/1372 1123/1587/1368 1027/1583/1364
f 1023/1591/1372 1122/1593/1374 1123/1587/1368
f 1022/1595/1376 1026/1585/1366 1021/1596/1377
f 1022/1595/1376 1024/1590/1371 1026/1585/1366
f 1063/1597/1378 1067/1589/1370 1066/1588/1369
f 1063/1597/1378 1064/1598/1379 1067/1589/1370
f 1064/1598/1379 1157/1599/1380 1067/1589/1370
f 1157/1599/1380 1158/1592/1373 1067/1589/1370
f 1026/1585/1366 1029/1582/1363 1021/1596/1377
f 1169/1600/1381 835/1525/1294 1170/1524/1293
f 832/1601/1382 835/1525/1294 1169/1600/1381
f 798/1557/1328 795/1602/1383 796/1603/1384
f 797/1556/1327 795/1602/1383 798/1557/1328
f 795/1602/1383 1163/1542/1313 796/1603/1384
f 795/1602/1383 819/1604/1385 1163/1542/1313
f 819/1604/1385 812/1605/1386 1163/1542/1313
f 1163/1542/1313 812/1605/1386 1164/1545/1316
f 845/1606/1387 832/1601/1382 1156/1607/1388
f 1156/1607/1388 832/1601/1382 1169/1600/1381
f 812/1605/1386 845/1606/1387 1164/1545/1316
f 1164/1545/1316 845/1606/1387 1156/1607/1388
f 1164/1545/1316 1155/1608/1389 1165/1543/1314
f 1164/1545/1316 1156/1607/1388 1155/1608/1389
f 1155/1608/1389 1156/1607/1388 1121/1609/1390
f 1156/1607/1388 1169/1600/1381 1121/1609/1390
f 1169/1600/1381 1170/1524/1293 1121/1609/1390
f 1121/1609/1390 1170/1524/1293 1139/1520/1289
f 1166/1544/1315 1153/1610/1391 1154/1611/1392
f 1166/1544/1315 1165/1543/1314 1153/1610/1391
f 1120/1612/1393 1139/1520/1289 1138/1521/1290
f 1121/1609/1390 1139/1520/1289 1120/1612/1393
f 1119/1613/1394 1121/1609/1390 1120/1612/1393
f 1061/1614/1395 1154/1611/1392 1062/1615/1396
f 1061/1614/1395 1166/1544/1315 1154/1611/1392
f 1155/1608/1389 1121/1609/1390 1119/1613/1394
f 1155/1608/1389 1119/1613/1394 1152/1616/1397
f 831/1617/1398 834/1526/1295 832/1601/1382
f 832/1601/1382 834/1526/1295 835/1525/1294
f 794/1618/1399 818/1619/1400 797/1556/1327
f 797/1556/1327 818/1619/1400 795/1602/1383
f 817/1620/1401 816/1621/1402 819/1604/1385
f 819/1604/1385 816/1621/1402 812/1605/1386
f 818/1619/1400 817/1620/1401 795/1602/1383
f 795/1602/1383 817/1620/1401 819/1604/1385
f 844/1622/1403 831/1617/1398 845/1606/1387
f 845/1606/1387 831/1617/1398 832/1601/1382
f 816/1621/1402 844/1622/1403 812/1605/1386
f 812/1605/1386 844/1622/1403 845/1606/1387
f 793/1623/1404 815/1624/1405 794/1618/1399
f 794/1618/1399 815/1624/1405 818/1619/1400
f 307/1625/1406 815/1624/1405 793/1623/1404
f 307/1625/1406 317/1626/1407 815/1624/1405
f 317/1626/1407 814/1627/1408 815/1624/1405
f 317/1626/1407 319/1477/1247 814/1627/1408
f 815/1624/1405 817/1620/1401 818/1619/1400
f 815/1624/1405 814/1627/1408 817/1620/1401
f 814/1627/1408 813/1628/1409 817/1620/1401
f 817/1620/1401 813/1628/1409 816/1621/1402
f 319/1477/1247 813/1628/1409 814/1627/1408
f 319/1477/1247 318/1478/1248 813/1628/1409
f 318/1478/1248 329/1480/1250 813/1628/1409
f 813/1628/1409 329/1480/1250 843/1629/1410
f 813/1628/1409 843/1629/1410 816/1621/1402
f 816/1621/1402 843/1629/1410 844/1622/1403
f 843/1629/1410 842/1630/1411 844/1622/1403
f 844/1622/1403 842/1630/1411 831/1617/1398
f 329/1480/1250 846/1482/1251 843/1629/1410
f 843/1629/1410 846/1482/1251 842/1630/1411
f 846/1482/1251 836/1479/1249 842/1630/1411
f 842/1630/1411 836/1479/1249 833/1527/1296
f 842/1630/1411 833/1527/1296 831/1617/1398
f 831/1617/1398 833/1527/1296 834/1526/1295
f 937/1631/1412 915/1563/1337 921/1533/1302
f 945/1565/1340 915/1563/1337 937/1631/1412
f 919/1558/1329 1030/1568/1346 920/1559/1330
f 1030/1568/1346 1020/1632/1413 920/1559/1330
f 1030/1568/1346 1019/1633/1414 1020/1632/1413
f 1069/1567/1344 1019/1633/1414 1030/1568/1346
f 1070/1566/1342 1060/1634/1415 1019/1633/1414
f 1070/1566/1342 1019/1633/1414 1069/1567/1344
f 915/1563/1337 922/1528/1297 921/1533/1302
f 915/1563/1337 918/1562/1336 922/1528/1297
f 771/1549/1320 948/1560/1331 939/1570/1348
f 771/1549/1320 767/1554/1325 948/1560/1331
f 1073/1555/1326 1060/1634/1415 1070/1566/1342
f 1072/1561/1333 1073/1555/1326 1070/1566/1342
f 767/1554/1325 1073/1555/1326 1072/1561/1333
f 767/1554/1325 1072/1561/1333 948/1560/1331
f 1019/1633/1414 1059/1635/1416 1018/1636/1417
f 1060/1634/1415 1059/1635/1416 1019/1633/1414
f 1020/1632/1413 1018/1636/1417 1017/1637/1418
f 1019/1633/1414 1018/1636/1417 1020/1632/1413
f 920/1559/1330 1020/1632/1413 1016/1638/1419
f 1020/1632/1413 1017/1637/1418 1016/1638/1419
f 920/1559/1330 1040/1529/1298 924/1517/1286
f 920/1559/1330 1016/1638/1419 1040/1529/1298
f 918/1562/1336 919/1558/1329 923/1516/1285
f 918/1562/1336 923/1516/1285 922/1528/1297
f 936/1639/1420 945/1565/1340 937/1631/1412
f 936/1639/1420 942/1564/1338 945/1565/1340
f 936/1639/1420 940/1569/1347 942/1564/1338
f 769/1550/1321 940/1569/1347 936/1639/1420
f 769/1550/1321 939/1570/1348 940/1569/1347
f 769/1550/1321 771/1549/1320 939/1570/1348
f 308/1508/1277 793/1623/1404 803/1509/1278
f 308/1508/1277 307/1625/1406 793/1623/1404
f 803/1509/1278 793/1623/1404 802/1512/1281
f 802/1512/1281 793/1623/1404 794/1618/1399
f 745/1539/1308 766/1640/1421 744/1641/1422
f 772/1538/1307 766/1640/1421 745/1539/1308
f 772/1538/1307 775/1642/1423 766/1640/1421
f 766/1640/1421 775/1642/1423 774/1643/1424
f 775/1642/1423 781/1510/1279 774/1643/1424
f 774/1643/1424 781/1510/1279 780/1511/1280
f 730/1532/1301 729/1644/1425 731/1531/1300
f 743/1645/1426 729/1644/1425 730/1532/1301
f 732/1530/1299 743/1645/1426 730/1532/1301
f 742/1646/1427 743/1645/1426 732/1530/1299
f 937/1631/1412 921/1533/1302 729/1644/1425
f 729/1644/1425 921/1533/1302 731/1531/1300
f 770/1547/1318 778/1515/1284 777/1548/1319
f 773/1647/1428 778/1515/1284 770/1547/1318
f 774/1643/1424 780/1511/1280 773/1647/1428
f 773/1647/1428 780/1511/1280 778/1515/1284
f 766/1640/1421 774/1643/1424 765/1648/1429
f 765/1648/1429 774/1643/1424 773/1647/1428
f 765/1648/1429 770/1547/1318 768/1551/1322
f 773/1647/1428 770/1547/1318 765/1648/1429
f 778/1515/1284 779/1513/1282 777/1548/1319
f 777/1548/1319 779/1513/1282 776/1552/1323
f 729/1644/1425 936/1639/1420 937/1631/1412
f 764/1649/1430 936/1639/1420 729/1644/1425
f 764/1649/1430 769/1550/1321 936/1639/1420
f 768/1551/1322 769/1550/1321 764/1649/1430
f 802/1512/1281 794/1618/1399 801/1514/1283
f 801/1514/1283 794/1618/1399 797/1556/1327
f 744/1641/1422 765/1648/1429 741/1650/1431
f 766/1640/1421 765/1648/1429 744/1641/1422
f 742/1646/1427 741/1650/1431 743/1645/1426
f 744/1641/1422 741/1650/1431 742/1646/1427
f 743/1645/1426 764/1649/1430 729/1644/1425
f 741/1650/1431 764/1649/1430 743/1645/1426
f 765/1648/1429 768/1551/1322 741/1650/1431
f 741/1650/1431 768/1551/1322 764/1649/1430
f 1127/1577/1357 1119/1613/1394 1131/1571/1351
f 1119/1613/1394 1120/1612/1393 1131/1571/1351
f 1152/1616/1397 1127/1577/1357 1160/1579/1359
f 1152/1616/1397 1119/1613/1394 1127/1577/1357
f 1131/1571/1351 1138/1521/1290 1141/1518/1287
f 1120/1612/1393 1138/1521/1290 1131/1571/1351
f 1016/1638/1419 1017/1637/1418 1015/1651/1432
f 1017/1637/1418 1014/1652/1433 1015/1651/1432
f 1016/1638/1419 1015/1651/1432 1040/1529/1298
f 1040/1529/1298 1015/1651/1432 1039/1534/1303
f 1065/1594/1375 1063/1597/1378 1066/1588/1369
f 1012/1653/1434 1013/1654/1435 1014/1652/1433
f 1011/1655/1436 1012/1653/1434 1014/1652/1433
f 1015/1651/1432 1014/1652/1433 1010/1656/1437
f 1014/1652/1433 1013/1654/1435 1010/1656/1437
f 1032/140/1309 1118/143/1438 1041/5/5
f 1123/1587/1368 1124/1581/1362 1125/141/1361
f 1122/1593/1374 1124/1581/1362 1123/1587/1368
f 1029/1582/1363 1028/1584/1365 1032/140/1309
f 1029/1582/1363 1032/140/1309 1031/126/126
f 1025/1586/1367 1118/143/1438 1028/1584/1365
f 1028/1584/1365 1118/143/1438 1032/140/1309
f 1123/1587/1368 1125/141/1361 1025/1586/1367
f 1025/1586/1367 1125/141/1361 1118/143/1438
f 1151/1657/1439 1124/1581/1362 1158/1592/1373
f 1158/1592/1373 1124/1581/1362 1122/1593/1374
f 1012/1653/1434 1021/1596/1377 1013/1654/1435
f 1022/1595/1376 1021/1596/1377 1012/1653/1434
f 1021/1596/1377 1029/1582/1363 1013/1654/1435
f 1013/1654/1435 1029/1582/1363 1031/126/126
f 1015/1651/1432 1010/1656/1437 1039/1534/1303
f 1039/1534/1303 1010/1656/1437 1037/1535/1304
f 1013/1654/1435 1031/126/126 1009/127/127
f 1150/1658/1440 1151/1657/1439 1157/1599/1380
f 1157/1599/1380 1151/1657/1439 1158/1592/1373
f 1149/1659/1441 1150/1658/1440 1157/1599/1380
f 1149/1659/1441 1157/1599/1380 1064/1598/1379
f 1058/1660/1442 1149/1659/1441 1063/1597/1378
f 1063/1597/1378 1149/1659/1441 1064/1598/1379
f 1057/1661/1443 1058/1660/1442 1065/1594/1375
f 1058/1660/1442 1063/1597/1378 1065/1594/1375
f 1057/1661/1443 1065/1594/1375 1012/1653/1434
f 1012/1653/1434 1065/1594/1375 1022/1595/1376
f 1159/1580/1360 1160/1579/1359 1162/1576/1356
f 1148/1662/1444 1160/1579/1359 1159/1580/1360
f 1147/1663/1445 1148/1662/1444 1159/1580/1360
f 1056/1664/1446 1148/1662/1444 1147/1663/1445
f 1018/1636/1417 1055/1665/1447 1011/1655/1436
f 1059/1635/1416 1055/1665/1447 1018/1636/1417
f 1053/1666/1448 1054/1667/1449 1055/1665/1447
f 1059/1635/1416 1053/1666/1448 1055/1665/1447
f 1056/1664/1446 1147/1663/1445 1054/1667/1449
f 1053/1666/1448 1056/1664/1446 1054/1667/1449
f 1017/1637/1418 1011/1655/1436 1014/1652/1433
f 1018/1636/1417 1011/1655/1436 1017/1637/1418
f 1159/1580/1360 1161/1575/1355 1150/1658/1440
f 1150/1658/1440 1161/1575/1355 1151/1657/1439
f 1058/1660/1442 1147/1663/1445 1149/1659/1441
f 1054/1667/1449 1147/1663/1445 1058/1660/1442
f 1054/1667/1449 1058/1660/1442 1055/1665/1447
f 1055/1665/1447 1058/1660/1442 1057/1661/1443
f 1055/1665/1447 1057/1661/1443 1011/1655/1436
f 1011/1655/1436 1057/1661/1443 1012/1653/1434
f 1149/1659/1441 1159/1580/1360 1150/1658/1440
f 1147/1663/1445 1159/1580/1360 1149/1659/1441
f 1161/1575/1355 1133/1541/1312 1151/1657/1439
f 1151/1657/1439 1133/1541/1312 1124/1581/1362
f 1162/1576/1356 1126/1578/1358 1128/1573/1353
f 1161/1575/1355 1134/1540/1310 1133/1541/1312
f 1154/1611/1392 1153/1610/1391 1148/1662/1444
f 1154/1611/1392 1148/1662/1444 1056/1664/1446
f 1062/1615/1396 1154/1611/1392 1053/1666/1448
f 1053/1666/1448 1154/1611/1392 1056/1664/1446
f 1060/1634/1415 1062/1615/1396 1059/1635/1416
f 1062/1615/1396 1053/1666/1448 1059/1635/1416
f 1153/1610/1391 1160/1579/1359 1148/1662/1444
f 1153/1610/1391 1152/1616/1397 1160/1579/1359
f 1165/1543/1314 1152/1616/1397 1153/1610/1391
f 1165/1543/1314 1155/1608/1389 1152/1616/1397
f 796/1603/1384 1166/1544/1315 1061/1614/1395
f 796/1603/1384 1163/1542/1313 1166/1544/1315
f 799/1553/1324 798/1557/1328 1052/1668/1450
f 800/1546/1317 798/1557/1328 799/1553/1324
f 799/1553/1324 1052/1668/1450 1051/1669/1451
f 799/1553/1324 1051/1669/1451 1073/1555/1326
f 1073/1555/1326 1051/1669/1451 1060/1634/1415
f 1051/1669/1451 1062/1615/1396 1060/1634/1415
f 1052/1668/1450 1062/1615/1396 1051/1669/1451
f 1052/1668/1450 1061/1614/1395 1062/1615/1396
f 798/1557/1328 1061/1614/1395 1052/1668/1450
f 798/1557/1328 796/1603/1384 1061/1614/1395
f 323/1483/1252 320/1476/1246 306/1670/1452
f 323/1483/1252 322/1475/1245 320/1476/1246
f 306/1670/1452 317/1626/1407 307/1625/1406
f 306/1670/1452 320/1476/1246 317/1626/1407
f 309/1507/1276 307/1625/1406 308/1508/1277
f 309/1507/1276 306/1670/1452 307/1625/1406
f 2/1485/1254 306/1670/1452 309/1507/1276
f 2/1485/1254 323/1483/1252 306/1670/1452
f 320/1476/1246 319/1477/1247 317/1626/1407
f 298/1487/1256 297/1489/1258 266/1500/1269
f 267/1498/1267 298/1487/1256 266/1500/1269
f 297/1489/1258 301/1488/1257 299/1494/1263
f 267/1498/1267 1555/1491/1260 298/1487/1256
f 1556/1502/1271 1555/1491/1260 267/1498/1267
f 2150/1671/1453 2154/1536/1305 745/1539/1308
f 733/1504/1273 265/1505/1274 2152/1672/1454
f 265/1505/1274 2155/1673/1455 2152/1672/1454
f 2161/1537/1306 775/1642/1423 772/1538/1307
f 2161/1537/1306 2162/1674/1456 775/1642/1423
f 297/1489/1258 2160/1496/1265 2156/1675/1457
f 266/1500/1269 297/1489/1258 2156/1675/1457
f 2159/1495/1264 781/1510/1279 2162/1674/1456
f 2162/1674/1456 781/1510/1279 775/1642/1423
f 2159/1495/1264 299/1494/1263 781/1510/1279
f 733/1504/1273 2153/1676/1458 732/1530/1299
f 733/1504/1273 2152/1672/1454 2153/1676/1458
f 2153/1676/1458 742/1646/1427 732/1530/1299
f 2151/1677/1459 742/1646/1427 2153/1676/1458
f 253/1499/1268 265/1505/1274 252/1503/1272
f 253/1499/1268 266/1500/1269 265/1505/1274
f 266/1500/1269 2156/1675/1457 265/1505/1274
f 265/1505/1274 2156/1675/1457 2155/1673/1455
f 2150/1671/1453 745/1539/1308 2151/1677/1459
f 2151/1677/1459 745/1539/1308 742/1646/1427
f 745/1539/1308 744/1641/1422 742/1646/1427
f 1050/59/59 1071/60/60 1068/61/1343
f 1050/59/59 1068/61/1343 1049/62/1460
f 911/63/63 912/64/1461 917/65/1335
f 911/63/63 917/65/1335 916/66/1334
f 935/67/1462 911/63/63 916/66/1334
f 944/68/1339 935/67/1462 916/66/1334
f 910/69/1463 914/70/1345 909/71/71
f 909/71/71 914/70/1345 913/72/1350
f 938/73/1349 947/74/1332 934/75/1464
f 947/74/1332 933/76/1465 934/75/1464
f 1049/62/1460 1068/61/1343 910/69/1463
f 910/69/1463 1068/61/1343 914/70/1345
f 943/77/1341 935/67/1462 944/68/1339
f 943/77/1341 932/78/1466 935/67/1462
f 947/74/1332 946/79/79 933/76/1465
f 933/76/1465 946/79/79 931/80/1467
f 946/79/79 1050/59/59 931/80/1467
f 946/79/79 1071/60/60 1050/59/59
f 909/71/71 913/72/1350 912/64/1461
f 912/64/1461 913/72/1350 917/65/1335
f 941/81/81 938/73/1349 930/82/1468
f 938/73/1349 934/75/1464 930/82/1468
f 941/81/81 932/78/1466 943/77/1341
f 941/81/81 930/82/1468 932/78/1466
f 238/1678/1469 2139/1679/1470 237/1680/1471
f 236/1681/1472 2139/1679/1470 238/1678/1469
f 237/1680/1471 2140/1682/1473 235/1683/1474
f 2139/1679/1470 2140/1682/1473 237/1680/1471
f 236/1681/1472 233/1684/1475 2569/1685/1476
f 233/1684/1475 234/1686/1477 2569/1685/1476
f 234/1686/1477 232/1687/1478 2570/1688/1473
f 234/1686/1477 2570/1688/1473 2569/1685/1476
f 230/1689/1479 231/1690/1480 238/1678/1469
f 238/1678/1469 231/1690/1480 236/1681/1472
f 231/1690/1480 229/1691/1481 233/1684/1475
f 231/1690/1480 233/1684/1475 236/1681/1472
f 227/1692/1482 228/1693/1483 230/1689/1479
f 230/1689/1479 228/1693/1483 231/1690/1480
f 228/1693/1483 226/1694/1484 229/1691/1481
f 231/1690/1480 228/1693/1483 229/1691/1481
f 2572/1695/1485 2571/1696/1486 245/1697/1487
f 718/1698/1488 2572/1695/1485 245/1697/1487
f 717/1699/1489 2572/1695/1485 718/1698/1488
f 2573/1700/1231 2572/1695/1485 717/1699/1489
f 717/1699/1489 2574/1701/1227 2573/1700/1231
f 716/1702/1490 2574/1701/1227 717/1699/1489
f 244/1703/1491 2574/1701/1227 716/1702/1490
f 244/1703/1491 2575/1704/1492 2574/1701/1227
f 244/1703/1491 2576/1705/1493 2575/1704/1492
f 2149/1706/1494 2576/1705/1493 244/1703/1491
f 2577/1707/1495 225/1708/1496 2578/1709/1497
f 225/1708/1496 2579/1710/1498 2578/1709/1497
f 225/1708/1496 2580/1711/1499 2579/1710/1498
f 224/1712/1500 2580/1711/1499 225/1708/1496
f 223/1713/1501 2580/1711/1499 224/1712/1500
f 223/1713/1501 2581/1714/1502 2580/1711/1499
f 2582/1715/1229 2581/1714/1502 223/1713/1501
f 222/1716/1503 2582/1715/1229 223/1713/1501
f 2583/1717/1504 2582/1715/1229 222/1716/1503
f 221/1718/1505 2583/1717/1504 222/1716/1503
f 2584/1719/1506 2583/1717/1504 221/1718/1505
f 2584/1719/1506 221/1718/1505 243/1720/1507
f 2571/1696/1486 2584/1719/1506 243/1720/1507
f 2571/1696/1486 243/1720/1507 245/1697/1487
f 219/1721/1508 220/1722/1509 226/1694/1484
f 228/1693/1483 219/1721/1508 226/1694/1484
f 227/1692/1482 219/1721/1508 228/1693/1483
f 242/1723/1510 219/1721/1508 227/1692/1482
f 715/1724/1511 242/1723/1510 227/1692/1482
f 715/1724/1511 227/1692/1482 230/1689/1479
f 241/1725/1512 715/1724/1511 230/1689/1479
f 241/1725/1512 230/1689/1479 238/1678/1469
f 237/1680/1471 241/1725/1512 238/1678/1469
f 237/1680/1471 240/1726/1480 241/1725/1512
f 237/1680/1471 235/1683/1474 240/1726/1480
f 235/1683/1474 239/1727/1513 240/1726/1480
f 235/1683/1474 2141/1728/1514 239/1727/1513
f 2140/1682/1473 2141/1728/1514 235/1683/1474
f 232/1687/1478 2585/1729/1514 2570/1688/1473
f 232/1687/1478 218/1730/1515 2585/1729/1514
f 217/1731/1516 218/1730/1515 232/1687/1478
f 234/1686/1477 217/1731/1516 232/1687/1478
f 216/1732/1517 217/1731/1516 234/1686/1477
f 233/1684/1475 216/1732/1517 234/1686/1477
f 229/1691/1481 216/1732/1517 233/1684/1475
f 229/1691/1481 215/1733/1518 216/1732/1517
f 226/1694/1484 215/1733/1518 229/1691/1481
f 226/1694/1484 220/1722/1509 215/1733/1518
f 715/1724/1511 245/1697/1487 242/1723/1510
f 718/1698/1488 245/1697/1487 715/1724/1511
f 245/1697/1487 219/1721/1508 242/1723/1510
f 245/1697/1487 243/1720/1507 219/1721/1508
f 219/1721/1508 243/1720/1507 220/1722/1509
f 243/1720/1507 221/1718/1505 220/1722/1509
f 220/1722/1509 222/1716/1503 215/1733/1518
f 221/1718/1505 222/1716/1503 220/1722/1509
f 215/1733/1518 223/1713/1501 216/1732/1517
f 222/1716/1503 223/1713/1501 215/1733/1518
f 216/1732/1517 223/1713/1501 217/1731/1516
f 217/1731/1516 223/1713/1501 224/1712/1500
f 217/1731/1516 224/1712/1500 218/1730/1515
f 218/1730/1515 224/1712/1500 225/1708/1496
f 218/1730/1515 2577/1707/1495 2585/1729/1514
f 218/1730/1515 225/1708/1496 2577/1707/1495
f 239/1727/1513 2141/1728/1514 244/1703/1491
f 2141/1728/1514 2149/1706/1494 244/1703/1491
f 240/1726/1480 239/1727/1513 716/1702/1490
f 239/1727/1513 244/1703/1491 716/1702/1490
f 240/1726/1480 716/1702/1490 241/1725/1512
f 241/1725/1512 716/1702/1490 717/1699/1489
f 241/1725/1512 718/1698/1488 715/1724/1511
f 717/1699/1489 718/1698/1488 241/1725/1512
f 291/1734/1519 2163/1735/1520 290/1736/1521
f 289/1737/1522 2163/1735/1520 291/1734/1519
f 289/1737/1522 2164/1738/1523 2163/1735/1520
f 288/1739/1524 2164/1738/1523 289/1737/1522
f 2586/1740/1525 287/1741/1526 290/1736/1521
f 2586/1740/1525 286/1742/1527 287/1741/1526
f 2587/1743/1523 285/1744/1528 286/1742/1527
f 2586/1740/1525 2587/1743/1523 286/1742/1527
f 290/1736/1521 284/1745/1529 291/1734/1519
f 291/1734/1519 284/1745/1529 283/1746/1530
f 287/1741/1526 282/1747/1531 284/1745/1529
f 290/1736/1521 287/1741/1526 284/1745/1529
f 284/1745/1529 281/1748/1532 283/1746/1530
f 283/1746/1530 281/1748/1532 280/1749/1533
f 282/1747/1531 279/1750/1534 281/1748/1532
f 282/1747/1531 281/1748/1532 284/1745/1529
f 264/1751/1535 2588/1752/1536 740/1753/1537
f 264/1751/1535 2589/1754/1538 2588/1752/1536
f 740/1753/1537 2588/1752/1536 739/1755/1539
f 739/1755/1539 2588/1752/1536 2590/1756/1458
f 739/1755/1539 2591/1757/1540 738/1758/1541
f 2590/1756/1458 2591/1757/1540 739/1755/1539
f 738/1758/1541 2591/1757/1540 263/1759/1542
f 2591/1757/1540 2592/1760/1543 263/1759/1542
f 263/1759/1542 2593/1761/1457 2157/1762/1544
f 2592/1760/1543 2593/1761/1457 263/1759/1542
f 2594/1763/1545 278/1764/1546 2595/1765/1544
f 2594/1763/1545 2596/1766/1547 278/1764/1546
f 278/1764/1546 2597/1767/1548 277/1768/1549
f 2596/1766/1547 2597/1767/1548 278/1764/1546
f 277/1768/1549 2597/1767/1548 276/1769/1550
f 2597/1767/1548 2598/1770/1551 276/1769/1550
f 276/1769/1550 2599/1771/1552 275/1772/1553
f 276/1769/1550 2598/1770/1551 2599/1771/1552
f 275/1772/1553 2600/1773/1554 274/1774/1555
f 275/1772/1553 2599/1771/1552 2600/1773/1554
f 262/1775/1556 274/1774/1555 2601/1776/1557
f 274/1774/1555 2600/1773/1554 2601/1776/1557
f 264/1751/1535 262/1775/1556 2589/1754/1538
f 262/1775/1556 2601/1776/1557 2589/1754/1538
f 279/1750/1534 273/1777/1558 281/1748/1532
f 279/1750/1534 272/1778/1559 273/1777/1558
f 281/1748/1532 273/1777/1558 280/1749/1533
f 280/1749/1533 273/1777/1558 261/1779/1560
f 283/1746/1530 280/1749/1533 737/1780/1561
f 280/1749/1533 261/1779/1560 737/1780/1561
f 291/1734/1519 283/1746/1530 260/1781/1562
f 283/1746/1530 737/1780/1561 260/1781/1562
f 291/1734/1519 260/1781/1562 289/1737/1522
f 260/1781/1562 259/1782/1563 289/1737/1522
f 259/1782/1563 288/1739/1524 289/1737/1522
f 259/1782/1563 258/1783/1564 288/1739/1524
f 288/1739/1524 2165/1784/1565 2164/1738/1523
f 258/1783/1564 2165/1784/1565 288/1739/1524
f 2587/1743/1523 2602/1785/1565 285/1744/1528
f 2602/1785/1565 271/1786/1566 285/1744/1528
f 285/1744/1528 270/1787/1567 286/1742/1527
f 285/1744/1528 271/1786/1566 270/1787/1567
f 286/1742/1527 269/1788/1568 287/1741/1526
f 286/1742/1527 270/1787/1567 269/1788/1568
f 287/1741/1526 269/1788/1568 282/1747/1531
f 269/1788/1568 268/1789/1569 282/1747/1531
f 282/1747/1531 268/1789/1569 279/1750/1534
f 268/1789/1569 272/1778/1559 279/1750/1534
f 737/1780/1561 264/1751/1535 740/1753/1537
f 261/1779/1560 264/1751/1535 737/1780/1561
f 261/1779/1560 273/1777/1558 264/1751/1535
f 273/1777/1558 262/1775/1556 264/1751/1535
f 272/1778/1559 262/1775/1556 273/1777/1558
f 272/1778/1559 274/1774/1555 262/1775/1556
f 272/1778/1559 275/1772/1553 274/1774/1555
f 268/1789/1569 275/1772/1553 272/1778/1559
f 268/1789/1569 276/1769/1550 275/1772/1553
f 269/1788/1568 276/1769/1550 268/1789/1569
f 270/1787/1567 276/1769/1550 269/1788/1568
f 277/1768/1549 276/1769/1550 270/1787/1567
f 271/1786/1566 277/1768/1549 270/1787/1567
f 278/1764/1546 277/1768/1549 271/1786/1566
f 2595/1765/1544 278/1764/1546 271/1786/1566
f 2602/1785/1565 2595/1765/1544 271/1786/1566
f 263/1759/1542 2157/1762/1544 2165/1784/1565
f 263/1759/1542 2165/1784/1565 258/1783/1564
f 738/1758/1541 263/1759/1542 258/1783/1564
f 738/1758/1541 258/1783/1564 259/1782/1563
f 260/1781/1562 738/1758/1541 259/1782/1563
f 739/1755/1539 738/1758/1541 260/1781/1562
f 260/1781/1562 740/1753/1537 739/1755/1539
f 737/1780/1561 740/1753/1537 260/1781/1562
f 1/1257/1002 2554/1256/1001 1561/1282/1027
f 1563/1506/1275 2559/1486/1255 2/1485/1254
f 197/758/740 2097/1790/1570 2401/770/752
f 197/758/740 2110/759/741 2097/1790/1570
f 2099/1791/1571 2107/763/745 201/762/744
f 2403/773/755 2099/1791/1571 201/762/744
f 2119/1792/1572 2127/915/745 213/916/781
f 2406/928/782 2119/1792/1572 213/916/781
f 205/919/740 2116/1793/1570 2408/929/783
f 205/919/740 2130/920/741 2116/1793/1570
f 2454/1794/1570 191/1034/876 2096/1795/1573
f 2451/1033/741 191/1034/876 2454/1794/1570
f 2096/1795/1573 191/1034/876 2455/1796/1572
f 2455/1796/1572 191/1034/876 2453/1036/745
f 2499/1797/1572 207/1138/876 2496/1139/745
f 2118/1798/1573 207/1138/876 2499/1797/1572
f 2500/1799/1570 207/1138/876 2118/1798/1573
f 2498/1141/741 207/1138/876 2500/1799/1570
f 1604/1145/895 1603/1144/894 1440/1800/1574
f 1603/1144/894 1202/1801/1575 1440/1800/1574
f 1228/1802/1576 2075/156/158 1931/145/147
f 1202/1801/1575 1216/1803/1577 1210/1804/1578
f 1201/1805/1579 1202/1801/1575 1200/1806/1580
f 1202/1801/1575 1210/1804/1578 1200/1806/1580
f 1440/1800/1574 1202/1801/1575 1201/1805/1579
f 1930/1807/1581 1932/1808/1582 1216/1803/1577
f 1932/1808/1582 1228/1802/1576 1216/1803/1577
f 1216/1803/1577 1218/1809/1583 1219/1810/1584
f 1216/1803/1577 1228/1802/1576 1218/1809/1583
f 2504/1164/913 2075/156/158 1932/1808/1582
f 1932/1808/1582 2075/156/158 1228/1802/1576
f 1210/1804/1578 1216/1803/1577 1209/1811/1585
f 1209/1811/1585 1216/1803/1577 1219/1810/1584
f 1928/1812/1586 1930/1807/1581 1216/1803/1577
f 1928/1812/1586 1216/1803/1577 1202/1801/1575
f 1203/1813/1587 1211/1814/1588 1913/1815/1589
f 1203/1813/1587 1913/1815/1589 1912/1816/1590
f 1199/1817/1591 1209/1811/1585 1203/1813/1587
f 1203/1813/1587 1209/1811/1585 1211/1814/1588
f 1200/1806/1580 1210/1804/1578 1199/1817/1591
f 1210/1804/1578 1209/1811/1585 1199/1817/1591
f 2505/1168/917 1928/1812/1586 1202/1801/1575
f 1603/1144/894 2505/1168/917 1202/1801/1575
f 1228/1802/1576 1931/145/147 1227/1818/1592
f 1227/1818/1592 1938/147/149 1935/1819/1593
f 1931/145/147 1938/147/149 1227/1818/1592
f 1228/1802/1576 1227/1818/1592 1218/1809/1583
f 1218/1809/1583 1227/1818/1592 1226/1820/1594
f 1227/1818/1592 1935/1819/1593 1226/1820/1594
f 1226/1820/1594 1935/1819/1593 1936/1821/1595
f 1560/1175/924 1249/1822/1596 1939/1176/925
f 1249/1822/1596 1256/1823/1597 1248/1824/1598
f 1249/1822/1596 1255/1825/1599 1256/1823/1597
f 1255/1825/1599 1268/1826/1600 1269/1827/1601
f 1255/1825/1599 1269/1827/1601 1256/1823/1597
f 1951/1828/1602 1950/1829/1603 1255/1825/1599
f 1951/1828/1602 1255/1825/1599 1249/1822/1596
f 1990/1830/1604 1268/1826/1600 1950/1829/1603
f 1950/1829/1603 1268/1826/1600 1255/1825/1599
f 1990/1830/1604 1584/1182/929 1268/1826/1600
f 2509/1181/175 1584/1182/929 1990/1830/1604
f 1560/1175/924 1951/1828/1602 1249/1822/1596
f 2510/1183/930 1951/1828/1602 1560/1175/924
f 1174/1831/1605 1181/1832/1606 1927/1833/1607
f 1174/1831/1605 1927/1833/1607 1925/1834/1608
f 1181/1832/1606 1187/1835/1609 1907/1836/1610
f 1181/1832/1606 1907/1836/1610 1927/1833/1607
f 1173/1837/1611 1180/1838/1612 1181/1832/1606
f 1173/1837/1611 1181/1832/1606 1174/1831/1605
f 1180/1838/1612 1186/1839/1613 1187/1835/1609
f 1180/1838/1612 1187/1835/1609 1181/1832/1606
f 1177/1840/1614 1179/1841/1615 1180/1838/1612
f 1177/1840/1614 1180/1838/1612 1173/1837/1611
f 1179/1841/1615 1185/1842/1616 1186/1839/1613
f 1179/1841/1615 1186/1839/1613 1180/1838/1612
f 1248/1824/1598 1256/1823/1597 1179/1841/1615
f 1248/1824/1598 1179/1841/1615 1177/1840/1614
f 1256/1823/1597 1269/1827/1601 1185/1842/1616
f 1256/1823/1597 1185/1842/1616 1179/1841/1615
f 1201/1805/1579 1200/1806/1580 1196/1843/1617
f 1195/1844/1618 1201/1805/1579 1196/1843/1617
f 1196/1843/1617 1199/1817/1591 1191/1845/1619
f 1196/1843/1617 1200/1806/1580 1199/1817/1591
f 1191/1845/1619 1203/1813/1587 1192/1846/1620
f 1191/1845/1619 1199/1817/1591 1203/1813/1587
f 1908/1847/1621 1203/1813/1587 1912/1816/1590
f 1192/1846/1620 1203/1813/1587 1908/1847/1621
f 1604/1145/895 1440/1800/1574 1363/1848/1622
f 1583/1193/940 1604/1145/895 1363/1848/1622
f 1363/1848/1622 1201/1805/1579 1195/1844/1618
f 1440/1800/1574 1201/1805/1579 1363/1848/1622
f 1269/1827/1601 1363/1848/1622 1195/1844/1618
f 1268/1826/1600 1363/1848/1622 1269/1827/1601
f 1269/1827/1601 1195/1844/1618 1196/1843/1617
f 1269/1827/1601 1196/1843/1617 1185/1842/1616
f 1185/1842/1616 1196/1843/1617 1191/1845/1619
f 1185/1842/1616 1191/1845/1619 1186/1839/1613
f 1186/1839/1613 1191/1845/1619 1192/1846/1620
f 1186/1839/1613 1192/1846/1620 1187/1835/1609
f 1187/1835/1609 1192/1846/1620 1908/1847/1621
f 1187/1835/1609 1908/1847/1621 1907/1836/1610
f 1583/1193/940 1363/1848/1622 1584/1182/929
f 1584/1182/929 1363/1848/1622 1268/1826/1600
f 1921/1849/1623 1174/1831/1605 1922/1850/1624
f 1921/1849/1623 1173/1837/1611 1174/1831/1605
f 1922/1850/1624 1174/1831/1605 1925/1834/1608
f 1922/1850/1624 1925/1834/1608 1926/1851/1625
f 1940/1852/1626 1177/1840/1614 1173/1837/1611
f 1940/1852/1626 1173/1837/1611 1921/1849/1623
f 1939/1176/925 1248/1824/1598 1941/1853/1627
f 1939/1176/925 1249/1822/1596 1248/1824/1598
f 1941/1853/1627 1248/1824/1598 1177/1840/1614
f 1941/1853/1627 1177/1840/1614 1940/1852/1626
f 1211/1814/1588 1217/1854/1628 1909/1855/1629
f 1909/1855/1629 1217/1854/1628 1915/1856/1630
f 1217/1854/1628 1226/1820/1594 1914/1857/1631
f 1217/1854/1628 1914/1857/1631 1915/1856/1630
f 1914/1857/1631 1936/1821/1595 1918/1858/1632
f 1226/1820/1594 1936/1821/1595 1914/1857/1631
f 1211/1814/1588 1909/1855/1629 1913/1815/1589
f 1913/1815/1589 1909/1855/1629 1911/1859/1633
f 1218/1809/1583 1226/1820/1594 1217/1854/1628
f 1219/1810/1584 1218/1809/1583 1217/1854/1628
f 1209/1811/1585 1219/1810/1584 1217/1854/1628
f 1209/1811/1585 1217/1854/1628 1211/1814/1588
f 1441/1860/1634 1605/1196/943 1606/1199/946
f 1441/1860/1634 1208/1861/1635 1605/1196/943
f 1933/151/153 2079/148/150 1231/1862/1636
f 1214/1863/1637 1224/1864/1638 1208/1861/1635
f 1206/1865/1639 1208/1861/1635 1207/1866/1640
f 1206/1865/1639 1214/1863/1637 1208/1861/1635
f 1207/1866/1640 1208/1861/1635 1441/1860/1634
f 1224/1864/1638 1934/1867/1641 1937/1868/1642
f 1224/1864/1638 1231/1862/1636 1934/1867/1641
f 1222/1869/1643 1231/1862/1636 1224/1864/1638
f 1221/1870/1644 1222/1869/1643 1224/1864/1638
f 1934/1867/1641 2079/148/150 2513/1215/962
f 1231/1862/1636 2079/148/150 1934/1867/1641
f 1213/1871/1645 1224/1864/1638 1214/1863/1637
f 1221/1870/1644 1224/1864/1638 1213/1871/1645
f 1208/1861/1635 1224/1864/1638 1929/1872/1646
f 1224/1864/1638 1937/1868/1642 1929/1872/1646
f 2521/1873/1589 1212/1874/1647 1204/1875/1648
f 2522/1876/1649 2521/1873/1589 1204/1875/1648
f 1212/1874/1647 1213/1871/1645 1204/1875/1648
f 1204/1875/1648 1213/1871/1645 1205/1877/1650
f 1205/1877/1650 1213/1871/1645 1214/1863/1637
f 1205/1877/1650 1214/1863/1637 1206/1865/1639
f 1208/1861/1635 2515/1218/964 1605/1196/943
f 1208/1861/1635 1929/1872/1646 2515/1218/964
f 1230/1878/1651 1933/151/153 1231/1862/1636
f 2524/1879/1593 2523/165/167 1230/1878/1651
f 1230/1878/1651 2523/165/167 1933/151/153
f 1222/1869/1643 1230/1878/1651 1231/1862/1636
f 1229/1880/1652 1230/1878/1651 1222/1869/1643
f 1229/1880/1652 2524/1879/1593 1230/1878/1651
f 2525/1881/1653 2524/1879/1593 1229/1880/1652
f 1944/1224/970 1252/1882/1654 1562/1225/971
f 1251/1883/1655 1258/1884/1656 1252/1882/1654
f 1258/1884/1656 1259/1885/1657 1252/1882/1654
f 1258/1884/1656 1272/1886/1658 1259/1885/1657
f 1272/1886/1658 1271/1887/1659 1259/1885/1657
f 1252/1882/1654 1259/1885/1657 1955/1888/1660
f 1259/1885/1657 1954/1889/1661 1955/1888/1660
f 1259/1885/1657 1271/1887/1659 1954/1889/1661
f 1954/1889/1661 1271/1887/1659 1994/1890/1662
f 1271/1887/1659 1586/1232/978 1994/1890/1662
f 1994/1890/1662 1586/1232/978 2519/1231/977
f 1252/1882/1654 1955/1888/1660 1562/1225/971
f 1562/1225/971 1955/1888/1660 2520/1233/979
f 2526/1891/1663 1183/1892/1664 1176/1893/1665
f 2527/1894/1608 2526/1891/1663 1176/1893/1665
f 2528/1895/1610 1189/1896/1666 1183/1892/1664
f 2526/1891/1663 2528/1895/1610 1183/1892/1664
f 1183/1892/1664 1182/1897/1667 1175/1898/1668
f 1176/1893/1665 1183/1892/1664 1175/1898/1668
f 1189/1896/1666 1188/1899/1669 1182/1897/1667
f 1183/1892/1664 1189/1896/1666 1182/1897/1667
f 1182/1897/1667 1184/1900/1670 1178/1901/1671
f 1175/1898/1668 1182/1897/1667 1178/1901/1671
f 1188/1899/1669 1190/1902/1672 1184/1900/1670
f 1182/1897/1667 1188/1899/1669 1184/1900/1670
f 1184/1900/1670 1258/1884/1656 1251/1883/1655
f 1178/1901/1671 1184/1900/1670 1251/1883/1655
f 1190/1902/1672 1272/1886/1658 1258/1884/1656
f 1184/1900/1670 1190/1902/1672 1258/1884/1656
f 1198/1903/1673 1207/1866/1640 1197/1904/1674
f 1198/1903/1673 1206/1865/1639 1207/1866/1640
f 1194/1905/1675 1205/1877/1650 1198/1903/1673
f 1205/1877/1650 1206/1865/1639 1198/1903/1673
f 1193/1906/1676 1204/1875/1648 1194/1905/1675
f 1204/1875/1648 1205/1877/1650 1194/1905/1675
f 2529/1907/1621 1204/1875/1648 1193/1906/1676
f 2522/1876/1649 1204/1875/1648 2529/1907/1621
f 1364/1908/1677 1606/1199/946 1585/1239/985
f 1364/1908/1677 1441/1860/1634 1606/1199/946
f 1197/1904/1674 1207/1866/1640 1364/1908/1677
f 1364/1908/1677 1207/1866/1640 1441/1860/1634
f 1272/1886/1658 1364/1908/1677 1271/1887/1659
f 1197/1904/1674 1364/1908/1677 1272/1886/1658
f 1190/1902/1672 1198/1903/1673 1272/1886/1658
f 1198/1903/1673 1197/1904/1674 1272/1886/1658
f 1188/1899/1669 1194/1905/1675 1190/1902/1672
f 1194/1905/1675 1198/1903/1673 1190/1902/1672
f 1189/1896/1666 1193/1906/1676 1188/1899/1669
f 1193/1906/1676 1194/1905/1675 1188/1899/1669
f 2528/1895/1610 2529/1907/1621 1189/1896/1666
f 2529/1907/1621 1193/1906/1676 1189/1896/1666
f 1271/1887/1659 1364/1908/1677 1586/1232/978
f 1586/1232/978 1364/1908/1677 1585/1239/985
f 1176/1893/1665 1175/1898/1668 1923/1909/1678
f 1924/1910/1679 1176/1893/1665 1923/1909/1678
f 2530/1911/1625 2527/1894/1608 1924/1910/1679
f 2527/1894/1608 1176/1893/1665 1924/1910/1679
f 1923/1909/1678 1175/1898/1668 1945/1912/1680
f 1175/1898/1668 1178/1901/1671 1945/1912/1680
f 1251/1883/1655 1252/1882/1654 1944/1224/970
f 1946/1913/1681 1251/1883/1655 1944/1224/970
f 1945/1912/1680 1178/1901/1671 1946/1913/1681
f 1178/1901/1671 1251/1883/1655 1946/1913/1681
f 1910/1914/1682 1220/1915/1683 1212/1874/1647
f 1917/1916/1684 1220/1915/1683 1910/1914/1682
f 1916/1917/1685 1229/1880/1652 1220/1915/1683
f 1917/1916/1684 1916/1917/1685 1220/1915/1683
f 2531/1918/1686 2525/1881/1653 1916/1917/1685
f 1916/1917/1685 2525/1881/1653 1229/1880/1652
f 2521/1873/1589 1910/1914/1682 1212/1874/1647
f 2532/1919/1633 1910/1914/1682 2521/1873/1589
f 1220/1915/1683 1229/1880/1652 1222/1869/1643
f 1220/1915/1683 1222/1869/1643 1221/1870/1644
f 1212/1874/1647 1220/1915/1683 1213/1871/1645
f 1220/1915/1683 1221/1870/1644 1213/1871/1645
f 1551/1263/1008 1561/1282/1027 1245/1920/1687
f 1561/1282/1027 2560/1921/1688 2561/1922/1689
f 1561/1282/1027 2561/1922/1689 1245/1920/1687
f 1237/1923/1690 1236/1924/1691 1244/1925/1692
f 1244/1925/1692 1236/1924/1691 1243/1926/1693
f 1235/1927/1694 1236/1924/1691 1237/1923/1690
f 1235/1927/1694 1234/1928/1695 1236/1924/1691
f 1233/1929/1696 1234/1928/1695 1235/1927/1694
f 1233/1929/1696 1245/1920/1687 1234/1928/1695
f 1552/1262/1007 1551/1263/1008 1233/1929/1696
f 1551/1263/1008 1245/1920/1687 1233/1929/1696
f 1554/1272/1017 1235/1927/1694 1553/1273/1018
f 1553/1273/1018 1235/1927/1694 1237/1923/1690
f 1234/1928/1695 2562/1930/1697 2563/1931/1698
f 1234/1928/1695 2563/1931/1698 1236/1924/1691
f 1557/1278/1023 1237/1923/1690 1244/1925/1692
f 1553/1273/1018 1237/1923/1690 1557/1278/1023
f 1236/1924/1691 2564/1932/1699 1243/1926/1693
f 1236/1924/1691 2563/1931/1698 2564/1932/1699
f 1245/1920/1687 2561/1922/1689 2562/1930/1697
f 1245/1920/1687 2562/1930/1697 1234/1928/1695
f 1554/1272/1017 1233/1929/1696 1235/1927/1694
f 1552/1262/1007 1233/1929/1696 1554/1272/1017
f 1246/1933/1700 1563/1506/1275 1559/1492/1261
f 1246/1933/1700 2565/1934/1701 1563/1506/1275
f 2565/1934/1701 2566/1935/1702 1563/1506/1275
f 1244/1925/1692 1241/1936/1703 1242/1937/1704
f 1243/1926/1693 1241/1936/1703 1244/1925/1692
f 1241/1936/1703 1239/1938/1705 1240/1939/1706
f 1242/1937/1704 1241/1936/1703 1240/1939/1706
f 1239/1938/1705 1246/1933/1700 1238/1940/1707
f 1240/1939/1706 1239/1938/1705 1238/1940/1707
f 1238/1940/1707 1559/1492/1261 1555/1491/1260
f 1238/1940/1707 1246/1933/1700 1559/1492/1261
f 1242/1937/1704 1240/1939/1706 1558/1501/1270
f 1558/1501/1270 1240/1939/1706 1556/1502/1271
f 2568/1941/1708 2567/1942/1709 1239/1938/1705
f 1241/1936/1703 2568/1941/1708 1239/1938/1705
f 1557/1278/1023 1242/1937/1704 1558/1501/1270
f 1244/1925/1692 1242/1937/1704 1557/1278/1023
f 1243/1926/1693 2564/1932/1699 1241/1936/1703
f 2564/1932/1699 2568/1941/1708 1241/1936/1703
f 1239/1938/1705 2567/1942/1709 1246/1933/1700
f 2567/1942/1709 2565/1934/1701 1246/1933/1700
f 1556/1502/1271 1238/1940/1707 1555/1491/1260
f 1240/1939/1706 1238/1940/1707 1556/1502/1271
f 1561/1282/1027 2554/1256/1001 2560/1921/1688
f 2566/1935/1702 2559/1486/1255 1563/1506/1275
f 1267/1943/1710 2245/1944/175 2246/1945/1604
f 2247/1946/176 2245/1944/175 1267/1943/1710
f 1266/1947/1711 2248/1948/178 1267/1943/1710
f 1267/1943/1710 2248/1948/178 2247/1946/176
f 1254/1949/1712 2246/1945/1604 2249/1950/1603
f 1267/1943/1710 2246/1945/1604 1254/1949/1712
f 1265/1951/1713 1267/1943/1710 1254/1949/1712
f 1265/1951/1713 1266/1947/1711 1267/1943/1710
f 1247/1952/1714 2249/1950/1603 2250/1953/1715
f 1247/1952/1714 1254/1949/1712 2249/1950/1603
f 1253/1954/1716 1254/1949/1712 1247/1952/1714
f 1253/1954/1716 1265/1951/1713 1254/1949/1712
f 1949/181/183 1567/180/182 2250/1953/1715
f 1567/180/182 1247/1952/1714 2250/1953/1715
f 1564/183/185 1253/1954/1716 1567/180/182
f 1567/180/182 1253/1954/1716 1247/1952/1714
f 1282/1955/1717 2251/1956/1718 2252/1957/192
f 1283/1958/1719 2251/1956/1718 1282/1955/1717
f 1565/195/197 1263/1959/1720 1264/1960/1721
f 1566/196/198 1263/1959/1720 1565/195/197
f 1263/1959/1720 1261/1961/1722 1262/1962/1723
f 1263/1959/1720 1262/1962/1723 1264/1960/1721
f 1262/1962/1723 1283/1958/1719 1282/1955/1717
f 1261/1961/1722 1283/1958/1719 1262/1962/1723
f 1266/1947/1711 2252/1957/192 2248/1948/178
f 1282/1955/1717 2252/1957/192 1266/1947/1711
f 1564/183/185 1264/1960/1721 1253/1954/1716
f 1565/195/197 1264/1960/1721 1564/183/185
f 1264/1960/1721 1262/1962/1723 1265/1951/1713
f 1264/1960/1721 1265/1951/1713 1253/1954/1716
f 1262/1962/1723 1282/1955/1717 1266/1947/1711
f 1262/1962/1723 1266/1947/1711 1265/1951/1713
f 1969/1963/1724 2253/1964/202 1283/1958/1719
f 1283/1958/1719 2253/1964/202 2251/1956/1718
f 1970/1965/1725 1969/1963/1724 1261/1961/1722
f 1261/1961/1722 1969/1963/1724 1283/1958/1719
f 1971/1966/1726 1970/1965/1725 1261/1961/1722
f 1263/1959/1720 1971/1966/1726 1261/1961/1722
f 1957/201/203 1971/1966/1726 1263/1959/1720
f 1566/196/198 1957/201/203 1263/1959/1720
f 1270/1967/1727 2254/1968/977 2255/1969/204
f 2256/1970/1662 2254/1968/977 1270/1967/1727
f 1270/1967/1727 2257/1971/208 1278/1972/1728
f 2255/1969/204 2257/1971/208 1270/1967/1727
f 1257/1973/1729 2256/1970/1662 1270/1967/1727
f 2258/1974/1730 2256/1970/1662 1257/1973/1729
f 1270/1967/1727 1278/1972/1728 1277/1975/1731
f 1257/1973/1729 1270/1967/1727 1277/1975/1731
f 2258/1974/1730 1257/1973/1729 1250/1976/1732
f 2259/1977/1733 2258/1974/1730 1250/1976/1732
f 1257/1973/1729 1277/1975/1731 1260/1978/1734
f 1250/1976/1732 1257/1973/1729 1260/1978/1734
f 2259/1977/1733 1250/1976/1732 1568/208/209
f 2259/1977/1733 1568/208/209 1953/211/212
f 1568/208/209 1260/1978/1734 1569/212/213
f 1250/1976/1732 1260/1978/1734 1568/208/209
f 2261/1979/220 2260/1980/1735 1285/1981/1736
f 1285/1981/1736 2260/1980/1735 1284/1982/1737
f 1276/1983/1738 1275/1984/1739 1570/225/226
f 1570/225/226 1275/1984/1739 1571/226/227
f 1276/1983/1738 1274/1985/1740 1275/1984/1739
f 1274/1985/1740 1273/1986/1741 1275/1984/1739
f 1285/1981/1736 1284/1982/1737 1274/1985/1740
f 1274/1985/1740 1284/1982/1737 1273/1986/1741
f 2257/1971/208 2261/1979/220 1278/1972/1728
f 1278/1972/1728 2261/1979/220 1285/1981/1736
f 1260/1978/1734 1276/1983/1738 1569/212/213
f 1569/212/213 1276/1983/1738 1570/225/226
f 1260/1978/1734 1277/1975/1731 1276/1983/1738
f 1277/1975/1731 1274/1985/1740 1276/1983/1738
f 1277/1975/1731 1278/1972/1728 1274/1985/1740
f 1278/1972/1728 1285/1981/1736 1274/1985/1740
f 2260/1980/1735 2262/1987/231 1284/1982/1737
f 1284/1982/1737 2262/1987/231 2011/1988/1742
f 1284/1982/1737 2011/1988/1742 1273/1986/1741
f 1273/1986/1741 2011/1988/1742 2012/1989/1743
f 1273/1986/1741 2012/1989/1743 2013/1990/1744
f 1273/1986/1741 2013/1990/1744 1275/1984/1739
f 1275/1984/1739 1999/231/232 1571/226/227
f 1275/1984/1739 2013/1990/1744 1999/231/232
f 1614/522/511 1445/1991/1745 1443/1992/1746
f 1602/523/512 1614/522/511 1443/1992/1746
f 1445/1991/1745 1225/1993/1747 1215/1994/1748
f 1443/1992/1746 1445/1991/1745 1215/1994/1748
f 1225/1993/1747 1450/1995/1749 1449/1996/1750
f 1225/1993/1747 1449/1996/1750 1215/1994/1748
f 1450/1995/1749 2369/1997/514 2370/1998/513
f 1450/1995/1749 2370/1998/513 1449/1996/1750
f 1450/1995/1749 1461/1999/1751 2369/1997/514
f 1461/1999/1751 2371/2000/517 2369/1997/514
f 1225/1993/1747 1448/2001/1752 1450/1995/1749
f 1448/2001/1752 1461/1999/1751 1450/1995/1749
f 1445/1991/1745 1447/2002/1753 1225/1993/1747
f 1447/2002/1753 1448/2001/1752 1225/1993/1747
f 1614/522/511 1612/531/520 1445/1991/1745
f 1612/531/520 1447/2002/1753 1445/1991/1745
f 1449/1996/1750 2372/2003/913 2373/2004/1582
f 1449/1996/1750 2370/1998/513 2372/2003/913
f 1215/1994/1748 2373/2004/1582 2374/2005/1754
f 1215/1994/1748 1449/1996/1750 2373/2004/1582
f 1443/1992/1746 2374/2005/1754 2375/2006/1755
f 1443/1992/1746 1215/1994/1748 2374/2005/1754
f 2050/536/525 1602/523/512 2375/2006/1755
f 1602/523/512 1443/1992/1746 2375/2006/1755
f 1479/2007/1756 1480/2008/1757 2376/2009/534
f 1479/2007/1756 2376/2009/534 2377/2010/533
f 1477/2011/1758 1478/2012/1759 1480/2008/1757
f 1477/2011/1758 1480/2008/1757 1479/2007/1756
f 1475/2013/1760 1476/2014/1761 1477/2011/1758
f 1476/2014/1761 1478/2012/1759 1477/2011/1758
f 1622/546/535 1623/547/536 1475/2013/1760
f 1623/547/536 1476/2014/1761 1475/2013/1760
f 1460/2015/1762 1471/2016/1763 2378/2017/1764
f 1471/2016/1763 2379/2018/543 2378/2017/1764
f 1471/2016/1763 1479/2007/1756 2379/2018/543
f 2379/2018/543 1479/2007/1756 2377/2010/533
f 1459/2019/1765 1470/2020/1766 1460/2015/1762
f 1470/2020/1766 1471/2016/1763 1460/2015/1762
f 1470/2020/1766 1477/2011/1758 1479/2007/1756
f 1470/2020/1766 1479/2007/1756 1471/2016/1763
f 1458/2021/1767 1469/2022/1768 1459/2019/1765
f 1459/2019/1765 1469/2022/1768 1470/2020/1766
f 1469/2022/1768 1475/2013/1760 1470/2020/1766
f 1475/2013/1760 1477/2011/1758 1470/2020/1766
f 1618/556/545 1619/557/546 1469/2022/1768
f 1618/556/545 1469/2022/1768 1458/2021/1767
f 1622/546/535 1475/2013/1760 1619/557/546
f 1619/557/546 1475/2013/1760 1469/2022/1768
f 1458/2021/1767 1459/2019/1765 1457/2023/1769
f 1456/2024/1770 1458/2021/1767 1457/2023/1769
f 1459/2019/1765 1460/2015/1762 1455/2025/1771
f 1457/2023/1769 1459/2019/1765 1455/2025/1771
f 1460/2015/1762 2378/2017/1764 2380/2026/1772
f 1455/2025/1771 1460/2015/1762 2380/2026/1772
f 1618/556/545 1458/2021/1767 1456/2024/1770
f 1613/562/551 1618/556/545 1456/2024/1770
f 1456/2024/1770 1457/2023/1769 1448/2001/1752
f 1447/2002/1753 1456/2024/1770 1448/2001/1752
f 1457/2023/1769 1455/2025/1771 1461/1999/1751
f 1448/2001/1752 1457/2023/1769 1461/1999/1751
f 1455/2025/1771 2380/2026/1772 2371/2000/517
f 1461/1999/1751 1455/2025/1771 2371/2000/517
f 1613/562/551 1456/2024/1770 1447/2002/1753
f 1612/531/520 1613/562/551 1447/2002/1753
f 1476/2014/1761 2381/2027/1773 1478/2012/1759
f 2381/2027/1773 2382/2028/1573 1478/2012/1759
f 1478/2012/1759 2383/2029/1774 1480/2008/1757
f 1478/2012/1759 2382/2028/1573 2383/2029/1774
f 1623/547/536 2098/564/553 1476/2014/1761
f 2098/564/553 2381/2027/1773 1476/2014/1761
f 1480/2008/1757 2384/2030/1775 2376/2009/534
f 1480/2008/1757 2383/2029/1774 2384/2030/1775
f 1444/2031/1776 1446/2032/1777 1617/573/562
f 1444/2031/1776 1617/573/562 1607/572/561
f 1223/2033/1778 1232/2034/1779 1446/2032/1777
f 1223/2033/1778 1446/2032/1777 1444/2031/1776
f 1453/2035/1780 1454/2036/1781 1232/2034/1779
f 1223/2033/1778 1453/2035/1780 1232/2034/1779
f 2386/2037/1782 2385/2038/566 1454/2036/1781
f 1453/2035/1780 2386/2037/1782 1454/2036/1781
f 2385/2038/566 2387/2039/568 1468/2040/1783
f 2385/2038/566 1468/2040/1783 1454/2036/1781
f 1454/2036/1781 1468/2040/1783 1452/2041/1784
f 1454/2036/1781 1452/2041/1784 1232/2034/1779
f 1232/2034/1779 1452/2041/1784 1451/2042/1785
f 1232/2034/1779 1451/2042/1785 1446/2032/1777
f 1446/2032/1777 1451/2042/1785 1615/580/569
f 1446/2032/1777 1615/580/569 1617/573/562
f 2388/2043/1786 2386/2037/1782 1453/2035/1780
f 2389/2044/1641 2388/2043/1786 1453/2035/1780
f 2389/2044/1641 1453/2035/1780 1223/2033/1778
f 2390/2045/1787 2389/2044/1641 1223/2033/1778
f 2390/2045/1787 1223/2033/1778 1444/2031/1776
f 2391/2046/1788 2390/2045/1787 1444/2031/1776
f 2391/2046/1788 1444/2031/1776 1607/572/561
f 2391/2046/1788 1607/572/561 2051/586/575
f 2392/2047/580 1486/2048/1761 1485/2049/1789
f 2393/2050/1790 2392/2047/580 1485/2049/1789
f 1486/2048/1761 1484/2051/1759 1483/2052/1791
f 1485/2049/1789 1486/2048/1761 1483/2052/1791
f 1483/2052/1791 1484/2051/1759 1482/2053/1757
f 1483/2052/1791 1482/2053/1757 1481/2054/1792
f 1481/2054/1792 1482/2053/1757 1624/597/583
f 1481/2054/1792 1624/597/583 1625/596/582
f 2395/2055/590 2394/2056/591 1474/2057/1793
f 2395/2055/590 1474/2057/1793 1467/2058/1794
f 2393/2050/1790 1485/2049/1789 2394/2056/591
f 2394/2056/591 1485/2049/1789 1474/2057/1793
f 1467/2058/1794 1474/2057/1793 1473/2059/1795
f 1467/2058/1794 1473/2059/1795 1466/2060/1796
f 1485/2049/1789 1483/2052/1791 1473/2059/1795
f 1474/2057/1793 1485/2049/1789 1473/2059/1795
f 1473/2059/1795 1472/2061/1797 1466/2060/1796
f 1466/2060/1796 1472/2061/1797 1465/2062/1798
f 1473/2059/1795 1483/2052/1791 1481/2054/1792
f 1473/2059/1795 1481/2054/1792 1472/2061/1797
f 1472/2061/1797 1620/606/592 1621/607/593
f 1465/2062/1798 1472/2061/1797 1621/607/593
f 1620/606/592 1481/2054/1792 1625/596/582
f 1472/2061/1797 1481/2054/1792 1620/606/592
f 1464/2063/1799 1465/2062/1798 1463/2064/1800
f 1464/2063/1799 1466/2060/1796 1465/2062/1798
f 1462/2065/1801 1466/2060/1796 1464/2063/1799
f 1462/2065/1801 1467/2058/1794 1466/2060/1796
f 2396/2066/1802 1467/2058/1794 1462/2065/1801
f 2396/2066/1802 2395/2055/590 1467/2058/1794
f 1463/2064/1800 1621/607/593 1616/612/598
f 1463/2064/1800 1465/2062/1798 1621/607/593
f 1452/2041/1784 1463/2064/1800 1451/2042/1785
f 1452/2041/1784 1464/2063/1799 1463/2064/1800
f 1468/2040/1783 1464/2063/1799 1452/2041/1784
f 1468/2040/1783 1462/2065/1801 1464/2063/1799
f 2387/2039/568 1462/2065/1801 1468/2040/1783
f 2387/2039/568 2396/2066/1802 1462/2065/1801
f 1451/2042/1785 1616/612/598 1615/580/569
f 1451/2042/1785 1463/2064/1800 1616/612/598
f 1484/2051/1759 2397/2067/1774 1482/2053/1757
f 1484/2051/1759 2398/2068/1573 2397/2067/1774
f 1486/2048/1761 2399/2069/1773 1484/2051/1759
f 2399/2069/1773 2398/2068/1573 1484/2051/1759
f 1482/2053/1757 2120/614/599 1624/597/583
f 1482/2053/1757 2397/2067/1774 2120/614/599
f 2392/2047/580 2400/2070/600 1486/2048/1761
f 2400/2070/600 2399/2069/1773 1486/2048/1761
f 2264/235/203 1582/234/234 2267/2071/1726
f 1582/234/234 1281/2072/1803 2267/2071/1726
f 1582/234/234 1574/237/236 1281/2072/1803
f 1574/237/236 1280/2073/1804 1281/2072/1803
f 1279/2074/1805 1959/2075/1806 2268/2076/1725
f 2268/2076/1725 1959/2075/1806 2269/2077/1807
f 1362/2078/1808 1959/2075/1806 1279/2074/1805
f 1362/2078/1808 1960/2079/1809 1959/2075/1806
f 1281/2072/1803 2268/2076/1725 2267/2071/1726
f 1281/2072/1803 1279/2074/1805 2268/2076/1725
f 1280/2073/1804 1279/2074/1805 1281/2072/1803
f 1280/2073/1804 1362/2078/1808 1279/2074/1805
f 1359/2080/1810 1360/2081/1811 1361/2082/1812
f 1359/2080/1810 1361/2082/1812 1358/2083/1813
f 1356/2084/1814 1359/2080/1810 1358/2083/1813
f 1356/2084/1814 1357/2085/1815 1359/2080/1810
f 1358/2083/1813 1354/2086/1816 1355/2087/1817
f 1358/2083/1813 1361/2082/1812 1354/2086/1816
f 1355/2087/1817 1356/2084/1814 1358/2083/1813
f 1356/2084/1814 1353/2088/1818 1357/2085/1815
f 1353/2088/1818 1352/2089/1819 1357/2085/1815
f 1353/2088/1818 1351/2090/1820 1352/2089/1819
f 1351/2090/1820 1350/2091/1821 1352/2089/1819
f 1351/2090/1820 1349/2092/1822 1350/2091/1821
f 1349/2092/1822 1961/2093/1823 1350/2091/1821
f 1349/2092/1822 1962/2094/1824 1961/2093/1823
f 1361/2082/1812 1964/2095/1825 1354/2086/1816
f 1354/2086/1816 1964/2095/1825 1963/2096/1826
f 1357/2085/1815 1352/2089/1819 1348/2097/1827
f 1350/2091/1821 1961/2093/1823 1347/2098/1828
f 1961/2093/1823 2028/2099/1829 1347/2098/1828
f 1352/2089/1819 1350/2091/1821 1346/2100/1830
f 1350/2091/1821 1347/2098/1828 1346/2100/1830
f 1360/2081/1811 1965/2101/1831 1361/2082/1812
f 1361/2082/1812 1965/2101/1831 1964/2095/1825
f 2028/2099/1829 2029/2102/1832 1345/2103/1833
f 1347/2098/1828 2028/2099/1829 1345/2103/1833
f 1345/2103/1833 2029/2102/1832 2030/2104/1834
f 1345/2103/1833 2030/2104/1834 1344/2105/1835
f 1344/2105/1835 2030/2104/1834 1966/2106/1836
f 1344/2105/1835 1966/2106/1836 1343/2107/1837
f 1343/2107/1837 1966/2106/1836 1967/2108/1838
f 1343/2107/1837 1967/2108/1838 1342/2109/1839
f 1342/2109/1839 1967/2108/1838 1968/2110/1840
f 1342/2109/1839 1968/2110/1840 1341/2111/1841
f 1341/2111/1841 1968/2110/1840 1965/2101/1831
f 1341/2111/1841 1965/2101/1831 1360/2081/1811
f 1340/2112/1842 1345/2103/1833 1344/2105/1835
f 1340/2112/1842 1344/2105/1835 1339/2113/1843
f 1339/2113/1843 1344/2105/1835 1343/2107/1837
f 1339/2113/1843 1343/2107/1837 1338/2114/1844
f 1357/2085/1815 1337/2115/1845 1359/2080/1810
f 1357/2085/1815 1348/2097/1827 1337/2115/1845
f 1336/2116/1846 1338/2114/1844 1335/2117/1847
f 1336/2116/1846 1339/2113/1843 1338/2114/1844
f 1337/2115/1845 1336/2116/1846 1335/2117/1847
f 1348/2097/1827 1336/2116/1846 1337/2115/1845
f 1352/2089/1819 1336/2116/1846 1348/2097/1827
f 1352/2089/1819 1346/2100/1830 1336/2116/1846
f 1346/2100/1830 1339/2113/1843 1336/2116/1846
f 1346/2100/1830 1340/2112/1842 1339/2113/1843
f 1346/2100/1830 1347/2098/1828 1340/2112/1842
f 1347/2098/1828 1345/2103/1833 1340/2112/1842
f 1335/2117/1847 1342/2109/1839 1341/2111/1841
f 1337/2115/1845 1335/2117/1847 1341/2111/1841
f 1338/2114/1844 1343/2107/1837 1342/2109/1839
f 1335/2117/1847 1338/2114/1844 1342/2109/1839
f 1337/2115/1845 1341/2111/1841 1359/2080/1810
f 1359/2080/1810 1341/2111/1841 1360/2081/1811
f 1334/2118/1848 2031/2119/1849 1349/2092/1822
f 1349/2092/1822 2031/2119/1849 1962/2094/1824
f 1333/2120/1850 1334/2118/1848 1351/2090/1820
f 1351/2090/1820 1334/2118/1848 1349/2092/1822
f 1332/2121/1851 1333/2120/1850 1351/2090/1820
f 1331/2122/1852 1333/2120/1850 1332/2121/1851
f 1332/2121/1851 1330/2123/1853 1331/2122/1852
f 1330/2123/1853 1329/2124/1854 1331/2122/1852
f 1328/2125/1855 2033/2126/1856 1327/2127/1857
f 2033/2126/1856 2032/2128/1858 1327/2127/1857
f 1330/2123/1853 1328/2125/1855 1329/2124/1854
f 1328/2125/1855 1327/2127/1857 1329/2124/1854
f 2032/2128/1858 2034/2129/1859 1326/2130/1860
f 1327/2127/1857 2032/2128/1858 1326/2130/1860
f 2034/2129/1859 2035/2131/1861 1325/2132/1862
f 1326/2130/1860 2034/2129/1859 1325/2132/1862
f 1325/2132/1862 2035/2131/1861 1324/2133/1863
f 2035/2131/1861 2036/2134/1864 1324/2133/1863
f 1324/2133/1863 2036/2134/1864 2037/2135/1865
f 1324/2133/1863 2037/2135/1865 1323/2136/1866
f 1323/2136/1866 2037/2135/1865 2038/2137/1867
f 1323/2136/1866 2038/2137/1867 1322/2138/1868
f 1322/2138/1868 2038/2137/1867 2031/2119/1849
f 1322/2138/1868 2031/2119/1849 1334/2118/1848
f 1325/2132/1862 1324/2133/1863 1321/2139/1869
f 1321/2139/1869 1324/2133/1863 1320/2140/1870
f 1320/2140/1870 1324/2133/1863 1323/2136/1866
f 1320/2140/1870 1323/2136/1866 1319/2141/1871
f 1318/2142/1872 1319/2141/1871 1317/2143/1873
f 1318/2142/1872 1320/2140/1870 1319/2141/1871
f 1318/2142/1872 1317/2143/1873 1333/2120/1850
f 1331/2122/1852 1318/2142/1872 1333/2120/1850
f 1329/2124/1854 1318/2142/1872 1331/2122/1852
f 1329/2124/1854 1316/2144/1874 1318/2142/1872
f 1316/2144/1874 1320/2140/1870 1318/2142/1872
f 1316/2144/1874 1321/2139/1869 1320/2140/1870
f 1316/2144/1874 1326/2130/1860 1321/2139/1869
f 1326/2130/1860 1325/2132/1862 1321/2139/1869
f 1329/2124/1854 1327/2127/1857 1316/2144/1874
f 1327/2127/1857 1326/2130/1860 1316/2144/1874
f 1317/2143/1873 1322/2138/1868 1334/2118/1848
f 1333/2120/1850 1317/2143/1873 1334/2118/1848
f 1319/2141/1871 1323/2136/1866 1322/2138/1868
f 1317/2143/1873 1319/2141/1871 1322/2138/1868
f 1315/2145/1875 1332/2121/1851 1351/2090/1820
f 1315/2145/1875 1351/2090/1820 1353/2088/1818
f 1575/310/307 1576/311/308 1328/2125/1855
f 1575/310/307 1328/2125/1855 1330/2123/1853
f 1575/310/307 1330/2123/1853 1315/2145/1875
f 1315/2145/1875 1330/2123/1853 1332/2121/1851
f 1576/311/308 2027/312/309 2033/2126/1856
f 1576/311/308 2033/2126/1856 1328/2125/1855
f 1577/313/310 1355/2087/1817 1280/2073/1804
f 1574/237/236 1577/313/310 1280/2073/1804
f 1578/314/311 1356/2084/1814 1355/2087/1817
f 1577/313/310 1578/314/311 1355/2087/1817
f 1579/315/312 1353/2088/1818 1356/2084/1814
f 1578/314/311 1579/315/312 1356/2084/1814
f 1579/315/312 1315/2145/1875 1353/2088/1818
f 1579/315/312 1575/310/307 1315/2145/1875
f 1355/2087/1817 1354/2086/1816 1362/2078/1808
f 1280/2073/1804 1355/2087/1817 1362/2078/1808
f 1362/2078/1808 1963/2096/1826 1960/2079/1809
f 1354/2086/1816 1963/2096/1826 1362/2078/1808
f 2274/2146/1744 1288/2147/1876 1597/316/313
f 2274/2146/1744 1597/316/313 2271/319/315
f 1288/2147/1876 1287/2148/1877 1587/320/316
f 1288/2147/1876 1587/320/316 1597/316/313
f 2275/2149/1743 2001/2150/1878 1286/2151/1879
f 2276/2152/1880 2001/2150/1878 2275/2149/1743
f 2001/2150/1878 2002/2153/1881 1438/2154/453
f 1286/2151/1879 2001/2150/1878 1438/2154/453
f 2275/2149/1743 1286/2151/1879 1288/2147/1876
f 2274/2146/1744 2275/2149/1743 1288/2147/1876
f 1286/2151/1879 1438/2154/453 1287/2148/1877
f 1288/2147/1876 1286/2151/1879 1287/2148/1877
f 1436/2155/1882 1437/2156/1883 1435/2157/1884
f 1437/2156/1883 1434/2158/1885 1435/2157/1884
f 1436/2155/1882 1435/2157/1884 1433/2159/1886
f 1435/2157/1884 1432/2160/1887 1433/2159/1886
f 1431/2161/1888 1437/2156/1883 1436/2155/1882
f 1430/2162/1889 1431/2161/1888 1436/2155/1882
f 1436/2155/1882 1433/2159/1886 1430/2162/1889
f 1432/2160/1887 1428/2163/1890 1429/2164/1891
f 1432/2160/1887 1429/2164/1891 1433/2159/1886
f 1428/2163/1890 1427/2165/1892 1429/2164/1891
f 1425/2166/1893 1426/2167/1894 1427/2165/1892
f 1428/2163/1890 1425/2166/1893 1427/2165/1892
f 2004/2168/1895 2003/2169/1896 1426/2167/1894
f 1425/2166/1893 2004/2168/1895 1426/2167/1894
f 1431/2161/1888 2005/2170/1897 1437/2156/1883
f 2006/2171/1898 2005/2170/1897 1431/2161/1888
f 1424/2172/1899 1428/2163/1890 1432/2160/1887
f 1423/2173/1900 2004/2168/1895 1425/2166/1893
f 1423/2173/1900 2053/2174/1901 2004/2168/1895
f 1422/2175/1902 1425/2166/1893 1428/2163/1890
f 1422/2175/1902 1423/2173/1900 1425/2166/1893
f 2005/2170/1897 2007/2176/1903 1437/2156/1883
f 1437/2156/1883 2007/2176/1903 1434/2158/1885
f 1421/2177/1904 2054/2178/1905 2053/2174/1901
f 1421/2177/1904 2053/2174/1901 1423/2173/1900
f 1420/2179/1906 2055/2180/1907 1421/2177/1904
f 2055/2180/1907 2054/2178/1905 1421/2177/1904
f 1419/2181/1908 2008/2182/1909 1420/2179/1906
f 2008/2182/1909 2055/2180/1907 1420/2179/1906
f 1418/2183/1910 2009/2184/1911 1419/2181/1908
f 2009/2184/1911 2008/2182/1909 1419/2181/1908
f 1417/2185/1912 2010/2186/1913 1418/2183/1910
f 2010/2186/1913 2009/2184/1911 1418/2183/1910
f 1434/2158/1885 2007/2176/1903 1417/2185/1912
f 2007/2176/1903 2010/2186/1913 1417/2185/1912
f 1416/2187/1914 1420/2179/1906 1415/2188/1915
f 1420/2179/1906 1421/2177/1904 1415/2188/1915
f 1419/2181/1908 1420/2179/1906 1416/2187/1914
f 1414/2189/1916 1419/2181/1908 1416/2187/1914
f 1435/2157/1884 1413/2190/1917 1432/2160/1887
f 1413/2190/1917 1424/2172/1899 1432/2160/1887
f 1414/2189/1916 1416/2187/1914 1412/2191/1918
f 1411/2192/1919 1414/2189/1916 1412/2191/1918
f 1413/2190/1917 1412/2191/1918 1424/2172/1899
f 1411/2192/1919 1412/2191/1918 1413/2190/1917
f 1424/2172/1899 1412/2191/1918 1428/2163/1890
f 1412/2191/1918 1422/2175/1902 1428/2163/1890
f 1412/2191/1918 1416/2187/1914 1422/2175/1902
f 1416/2187/1914 1415/2188/1915 1422/2175/1902
f 1415/2188/1915 1421/2177/1904 1423/2173/1900
f 1415/2188/1915 1423/2173/1900 1422/2175/1902
f 1417/2185/1912 1411/2192/1919 1413/2190/1917
f 1417/2185/1912 1418/2183/1910 1411/2192/1919
f 1418/2183/1910 1414/2189/1916 1411/2192/1919
f 1418/2183/1910 1419/2181/1908 1414/2189/1916
f 1434/2158/1885 1417/2185/1912 1435/2157/1884
f 1435/2157/1884 1417/2185/1912 1413/2190/1917
f 1426/2167/1894 2056/2193/1920 1410/2194/1921
f 2003/2169/1896 2056/2193/1920 1426/2167/1894
f 1427/2165/1892 1410/2194/1921 1409/2195/1922
f 1426/2167/1894 1410/2194/1921 1427/2165/1892
f 1408/2196/1923 1409/2195/1922 1407/2197/1924
f 1427/2165/1892 1409/2195/1922 1408/2196/1923
f 1407/2197/1924 1405/2198/1925 1406/2199/1926
f 1407/2197/1924 1406/2199/1926 1408/2196/1923
f 1403/2200/1927 2057/2201/1928 1404/2202/1929
f 1403/2200/1927 2058/2203/1930 2057/2201/1928
f 1405/2198/1925 1404/2202/1929 1406/2199/1926
f 1405/2198/1925 1403/2200/1927 1404/2202/1929
f 1402/2204/1931 2059/2205/1932 2058/2203/1930
f 1402/2204/1931 2058/2203/1930 1403/2200/1927
f 1401/2206/1933 2060/2207/1934 2059/2205/1932
f 1401/2206/1933 2059/2205/1932 1402/2204/1931
f 1400/2208/1935 2061/2209/1936 2060/2207/1934
f 1400/2208/1935 2060/2207/1934 1401/2206/1933
f 1399/2210/1937 2062/2211/1938 1400/2208/1935
f 2062/2211/1938 2061/2209/1936 1400/2208/1935
f 1398/2212/1939 2063/2213/1940 1399/2210/1937
f 2063/2213/1940 2062/2211/1938 1399/2210/1937
f 1410/2194/1921 2056/2193/1920 1398/2212/1939
f 2056/2193/1920 2063/2213/1940 1398/2212/1939
f 1397/2214/1941 1400/2208/1935 1396/2215/1942
f 1396/2215/1942 1400/2208/1935 1401/2206/1933
f 1399/2210/1937 1400/2208/1935 1397/2214/1941
f 1395/2216/1943 1399/2210/1937 1397/2214/1941
f 1395/2216/1943 1397/2214/1941 1394/2217/1944
f 1393/2218/1945 1395/2216/1943 1394/2217/1944
f 1409/2195/1922 1394/2217/1944 1407/2197/1924
f 1409/2195/1922 1393/2218/1945 1394/2217/1944
f 1394/2217/1944 1392/2219/1946 1405/2198/1925
f 1407/2197/1924 1394/2217/1944 1405/2198/1925
f 1394/2217/1944 1397/2214/1941 1392/2219/1946
f 1397/2214/1941 1396/2215/1942 1392/2219/1946
f 1396/2215/1942 1401/2206/1933 1402/2204/1931
f 1396/2215/1942 1402/2204/1931 1392/2219/1946
f 1392/2219/1946 1402/2204/1931 1403/2200/1927
f 1392/2219/1946 1403/2200/1927 1405/2198/1925
f 1410/2194/1921 1393/2218/1945 1409/2195/1922
f 1410/2194/1921 1398/2212/1939 1393/2218/1945
f 1398/2212/1939 1395/2216/1943 1393/2218/1945
f 1398/2212/1939 1399/2210/1937 1395/2216/1943
f 1427/2165/1892 1408/2196/1923 1391/2220/1947
f 1429/2164/1891 1427/2165/1892 1391/2220/1947
f 1406/2199/1926 1404/2202/1929 1589/394/390
f 1404/2202/1929 1588/395/391 1589/394/390
f 1408/2196/1923 1406/2199/1926 1391/2220/1947
f 1391/2220/1947 1406/2199/1926 1589/394/390
f 2057/2201/1928 2052/396/392 1588/395/391
f 1404/2202/1929 2057/2201/1928 1588/395/391
f 1287/2148/1877 1590/397/393 1587/320/316
f 1287/2148/1877 1430/2162/1889 1590/397/393
f 1430/2162/1889 1433/2159/1886 1591/398/394
f 1430/2162/1889 1591/398/394 1590/397/393
f 1433/2159/1886 1592/399/395 1591/398/394
f 1433/2159/1886 1429/2164/1891 1592/399/395
f 1429/2164/1891 1391/2220/1947 1592/399/395
f 1391/2220/1947 1589/394/390 1592/399/395
f 1438/2154/453 1430/2162/1889 1287/2148/1877
f 1438/2154/453 1431/2161/1888 1430/2162/1889
f 2002/2153/1881 2006/2171/1898 1438/2154/453
f 1438/2154/453 2006/2171/1898 1431/2161/1888
f 2301/2221/1806 1572/401/396 2302/2222/1807
f 2302/2222/1807 1572/401/396 2277/400/202
f 2303/2223/1809 1573/404/398 2301/2221/1806
f 2301/2221/1806 1573/404/398 1572/401/396
f 1314/2224/1948 1599/409/402 1598/406/399
f 1313/2225/1949 1314/2224/1948 1598/406/399
f 1312/2226/1950 1314/2224/1948 1313/2225/1949
f 1311/2227/1951 1600/412/405 1599/409/402
f 1314/2224/1948 1311/2227/1951 1599/409/402
f 2282/414/407 1600/412/405 2304/2228/1952
f 2304/2228/1952 1600/412/405 1311/2227/1951
f 2305/2229/1953 1310/2230/1954 2306/2231/1955
f 1310/2230/1954 1309/2232/1956 2306/2231/1955
f 1307/2233/1957 1309/2232/1956 1310/2230/1954
f 1308/2234/1958 1309/2232/1956 1307/2233/1957
f 2307/2235/1959 1313/2225/1949 1306/2236/1960
f 1306/2236/1960 1313/2225/1949 1305/2237/1961
f 1305/2237/1961 1598/406/399 1601/424/417
f 1313/2225/1949 1598/406/399 1305/2237/1961
f 2307/2235/1959 1304/2238/1962 2308/2239/1963
f 1306/2236/1960 1304/2238/1962 2307/2235/1959
f 1302/2240/1964 1303/2241/1965 1308/2234/1958
f 1302/2240/1964 1308/2234/1958 1307/2233/1957
f 1303/2241/1965 1306/2236/1960 1308/2234/1958
f 2309/2242/1966 1307/2233/1957 1310/2230/1954
f 2309/2242/1966 1310/2230/1954 2305/2229/1953
f 2310/2243/1967 1300/2244/1968 2311/2245/1969
f 2311/2245/1969 1300/2244/1968 1301/2246/1970
f 2310/2243/1967 1299/2247/1971 1300/2244/1968
f 2312/2248/1972 1299/2247/1971 2310/2243/1967
f 1298/2249/1973 1299/2247/1971 1304/2238/1962
f 1300/2244/1968 1299/2247/1971 1298/2249/1973
f 1298/2249/1973 1304/2238/1962 1306/2236/1960
f 1303/2241/1965 1298/2249/1973 1306/2236/1960
f 1297/2250/1974 1298/2249/1973 1303/2241/1965
f 1302/2240/1964 1297/2250/1974 1303/2241/1965
f 1301/2246/1970 1300/2244/1968 1298/2249/1973
f 1301/2246/1970 1298/2249/1973 1297/2250/1974
f 2308/2239/1963 1299/2247/1971 2312/2248/1972
f 1304/2238/1962 1299/2247/1971 2308/2239/1963
f 2313/2251/1975 1302/2240/1964 1307/2233/1957
f 2309/2242/1966 2313/2251/1975 1307/2233/1957
f 2314/2252/1976 2311/2245/1969 1297/2250/1974
f 2311/2245/1969 1301/2246/1970 1297/2250/1974
f 2313/2251/1975 2314/2252/1976 1302/2240/1964
f 2314/2252/1976 1297/2250/1974 1302/2240/1964
f 1306/2236/1960 1305/2237/1961 1308/2234/1958
f 1308/2234/1958 1305/2237/1961 1309/2232/1956
f 2315/2253/1977 1296/2254/1978 1312/2226/1950
f 2315/2253/1977 1312/2226/1950 2316/2255/1979
f 1296/2254/1978 1295/2256/1980 1312/2226/1950
f 1312/2226/1950 1295/2256/1980 1314/2224/1948
f 1295/2256/1980 1294/2257/1981 1311/2227/1951
f 1314/2224/1948 1295/2256/1980 1311/2227/1951
f 2304/2228/1952 1294/2257/1981 2317/2258/1982
f 1311/2227/1951 1294/2257/1981 2304/2228/1952
f 2318/2259/1983 1439/2260/1984 2319/2261/1985
f 2319/2261/1985 1439/2260/1984 1293/2262/1986
f 1292/2263/1987 1439/2260/1984 2318/2259/1983
f 2320/2264/1988 1292/2263/1987 2318/2259/1983
f 1291/2265/1989 1292/2263/1987 1290/2266/1990
f 1291/2265/1989 1439/2260/1984 1292/2263/1987
f 1295/2256/1980 1291/2265/1989 1294/2257/1981
f 1294/2257/1981 1291/2265/1989 1290/2266/1990
f 1289/2267/1991 1291/2265/1989 1295/2256/1980
f 1296/2254/1978 1289/2267/1991 1295/2256/1980
f 1293/2262/1986 1439/2260/1984 1291/2265/1989
f 1289/2267/1991 1293/2262/1986 1291/2265/1989
f 2317/2258/1982 1290/2266/1990 2321/2268/1992
f 1294/2257/1981 1290/2266/1990 2317/2258/1982
f 2321/2268/1992 1292/2263/1987 2320/2264/1988
f 1290/2266/1990 1292/2263/1987 2321/2268/1992
f 2322/2269/1993 1293/2262/1986 1289/2267/1991
f 2319/2261/1985 1293/2262/1986 2322/2269/1993
f 2315/2253/1977 2322/2269/1993 1296/2254/1978
f 2322/2269/1993 1289/2267/1991 1296/2254/1978
f 2316/2255/1979 1312/2226/1950 1313/2225/1949
f 2316/2255/1979 1313/2225/1949 2307/2235/1959
f 1305/2237/1961 1601/424/417 1309/2232/1956
f 1309/2232/1956 1601/424/417 1580/457/450
f 2306/2231/1955 1309/2232/1956 1581/458/451
f 1309/2232/1956 1580/457/450 1581/458/451
f 2306/2231/1955 1581/458/451 2303/2223/1809
f 2303/2223/1809 1581/458/451 1573/404/398
f 2347/2270/1880 1595/460/452 2348/2271/1878
f 2325/462/231 1595/460/452 2347/2270/1880
f 2348/2271/1878 1596/464/454 2349/2272/1994
f 1595/460/452 1596/464/454 2348/2271/1878
f 1608/467/457 1389/2273/1995 1390/2274/1996
f 1608/467/457 1609/466/456 1389/2273/1995
f 1390/2274/1996 1389/2273/1995 1388/2275/1997
f 1609/466/456 1387/2276/1998 1389/2273/1995
f 1609/466/456 1610/471/461 1387/2276/1998
f 1387/2276/1998 1610/471/461 2350/2277/1999
f 2350/2277/1999 1610/471/461 2327/472/462
f 2351/2278/2000 1386/2279/2001 2352/2280/2002
f 2351/2278/2000 1385/2281/2003 1386/2279/2001
f 1386/2279/2001 1385/2281/2003 1384/2282/2004
f 1384/2282/2004 1385/2281/2003 1383/2283/2005
f 1382/2284/2006 1390/2274/1996 1381/2285/2007
f 1381/2285/2007 1390/2274/1996 2353/2286/2008
f 1611/483/472 1608/467/457 1382/2284/2006
f 1382/2284/2006 1608/467/457 1390/2274/1996
f 2353/2286/2008 1380/2287/2009 1381/2285/2007
f 2354/2288/2010 1380/2287/2009 2353/2286/2008
f 1383/2283/2005 1379/2289/2011 1378/2290/2012
f 1384/2282/2004 1383/2283/2005 1378/2290/2012
f 1383/2283/2005 1381/2285/2007 1379/2289/2011
f 2352/2280/2002 1386/2279/2001 2355/2291/2013
f 1386/2279/2001 1384/2282/2004 2355/2291/2013
f 2356/2292/2014 1377/2293/2015 2357/2294/2016
f 1376/2295/2017 1377/2293/2015 2356/2292/2014
f 2357/2294/2016 1375/2296/2018 2358/2297/2019
f 1377/2293/2015 1375/2296/2018 2357/2294/2016
f 1374/2298/2020 1375/2296/2018 1377/2293/2015
f 1380/2287/2009 1375/2296/2018 1374/2298/2020
f 1381/2285/2007 1380/2287/2009 1374/2298/2020
f 1381/2285/2007 1374/2298/2020 1379/2289/2011
f 1379/2289/2011 1373/2299/2021 1378/2290/2012
f 1379/2289/2011 1374/2298/2020 1373/2299/2021
f 1373/2299/2021 1374/2298/2020 1376/2295/2017
f 1374/2298/2020 1377/2293/2015 1376/2295/2017
f 2354/2288/2010 1375/2296/2018 1380/2287/2009
f 2358/2297/2019 1375/2296/2018 2354/2288/2010
f 1384/2282/2004 1378/2290/2012 2359/2300/2022
f 1384/2282/2004 2359/2300/2022 2355/2291/2013
f 1373/2299/2021 2356/2292/2014 2360/2301/1911
f 1373/2299/2021 1376/2295/2017 2356/2292/2014
f 1378/2290/2012 2360/2301/1911 2359/2300/2022
f 1378/2290/2012 1373/2299/2021 2360/2301/1911
f 1383/2283/2005 1382/2284/2006 1381/2285/2007
f 1385/2281/2003 1382/2284/2006 1383/2283/2005
f 1388/2275/1997 1372/2302/2023 2361/2303/2024
f 2362/2304/2025 1388/2275/1997 2361/2303/2024
f 1389/2273/1995 1371/2305/2026 1388/2275/1997
f 1388/2275/1997 1371/2305/2026 1372/2302/2023
f 1387/2276/1998 1371/2305/2026 1389/2273/1995
f 1387/2276/1998 1370/2306/2027 1371/2305/2026
f 2350/2277/1999 1370/2306/2027 1387/2276/1998
f 2363/2307/2028 1370/2306/2027 2350/2277/1999
f 2364/2308/2029 1442/2309/2030 2365/2310/2031
f 1369/2311/2032 1442/2309/2030 2364/2308/2029
f 2365/2310/2031 1368/2312/2033 2366/2313/2034
f 2365/2310/2031 1442/2309/2030 1368/2312/2033
f 1368/2312/2033 1442/2309/2030 1367/2314/2035
f 1366/2315/2036 1368/2312/2033 1367/2314/2035
f 1370/2306/2027 1367/2314/2035 1371/2305/2026
f 1366/2315/2036 1367/2314/2035 1370/2306/2027
f 1371/2305/2026 1365/2316/2037 1372/2302/2023
f 1371/2305/2026 1367/2314/2035 1365/2316/2037
f 1367/2314/2035 1369/2311/2032 1365/2316/2037
f 1367/2314/2035 1442/2309/2030 1369/2311/2032
f 2363/2307/2028 1366/2315/2036 1370/2306/2027
f 2367/2317/2038 1366/2315/2036 2363/2307/2028
f 2367/2317/2038 1368/2312/2033 1366/2315/2036
f 2366/2313/2034 1368/2312/2033 2367/2317/2038
f 2368/2318/2039 1369/2311/2032 2364/2308/2029
f 1365/2316/2037 1369/2311/2032 2368/2318/2039
f 1372/2302/2023 2368/2318/2039 2361/2303/2024
f 1372/2302/2023 1365/2316/2037 2368/2318/2039
f 2353/2286/2008 1390/2274/1996 2362/2304/2025
f 1390/2274/1996 1388/2275/1997 2362/2304/2025
f 1385/2281/2003 1611/483/472 1382/2284/2006
f 1593/516/505 1611/483/472 1385/2281/2003
f 1594/517/506 1593/516/505 1385/2281/2003
f 1594/517/506 1385/2281/2003 2351/2278/2000
f 2349/2272/1994 1594/517/506 2351/2278/2000
f 1596/464/454 1594/517/506 2349/2272/1994
f 1535/2319/2040 1542/2320/2041 1488/2321/2042
f 1488/2321/2042 1542/2320/2041 1499/2322/2043
f 1487/2323/2044 1488/2321/2042 1500/2324/2045
f 1500/2324/2045 1488/2321/2042 1499/2322/2043
f 1487/2323/2044 1536/2325/2046 1488/2321/2042
f 1488/2321/2042 1536/2325/2046 1535/2319/2040
f 1487/2323/2044 1534/2326/2047 1536/2325/2046
f 1489/2327/2048 1534/2326/2047 1487/2323/2044
f 1489/2327/2048 1533/2328/2047 1534/2326/2047
f 1490/2329/2048 1533/2328/2047 1489/2327/2048
f 1490/2329/2048 1532/2330/2047 1533/2328/2047
f 1491/2331/2048 1532/2330/2047 1490/2329/2048
f 1491/2331/2048 1546/2332/2047 1532/2330/2047
f 1492/2333/2048 1546/2332/2047 1491/2331/2048
f 1492/2333/2048 1545/2334/2047 1546/2332/2047
f 1493/2335/2048 1545/2334/2047 1492/2333/2048
f 1493/2335/2048 1544/2336/2049 1545/2334/2047
f 1494/2337/2050 1544/2336/2049 1493/2335/2048
f 1489/2327/2048 1487/2323/2044 1498/2338/2051
f 1498/2338/2051 1487/2323/2044 1500/2324/2045
f 1490/2329/2048 1489/2327/2048 1497/2339/2051
f 1497/2339/2051 1489/2327/2048 1498/2338/2051
f 1491/2331/2048 1490/2329/2048 1496/2340/2051
f 1496/2340/2051 1490/2329/2048 1497/2339/2051
f 1492/2333/2048 1491/2331/2048 1504/2341/2051
f 1504/2341/2051 1491/2331/2048 1496/2340/2051
f 1493/2335/2048 1492/2333/2048 1503/2342/2051
f 1503/2342/2051 1492/2333/2048 1504/2341/2051
f 1494/2337/2050 1493/2335/2048 1502/2343/2052
f 1502/2343/2052 1493/2335/2048 1503/2342/2051
f 1495/2344/2053 1543/2345/2054 1544/2336/2049
f 1495/2344/2053 1544/2336/2049 1494/2337/2050
f 1495/2344/2053 2603/2346/2055 1543/2345/2054
f 2604/2347/2056 2603/2346/2055 1495/2344/2053
f 1495/2344/2053 1494/2337/2050 1501/2348/2057
f 1501/2348/2057 1494/2337/2050 1502/2343/2052
f 2604/2347/2056 1495/2344/2053 2605/2349/1633
f 2605/2349/1633 1495/2344/2053 1501/2348/2057
f 1499/2322/2043 1542/2320/2041 1506/2350/2058
f 1506/2350/2058 1542/2320/2041 1540/2351/2059
f 1500/2324/2045 1506/2350/2058 1505/2352/2060
f 1499/2322/2043 1506/2350/2058 1500/2324/2045
f 1506/2350/2058 1541/2353/2061 1505/2352/2060
f 1540/2351/2059 1541/2353/2061 1506/2350/2058
f 1541/2353/2061 1539/2354/2062 1505/2352/2060
f 1505/2352/2060 1539/2354/2062 1507/2355/2063
f 1539/2354/2062 1538/2356/2062 1507/2355/2063
f 1507/2355/2063 1538/2356/2062 1508/2357/2063
f 1538/2356/2062 1537/2358/2062 1508/2357/2063
f 1508/2357/2063 1537/2358/2062 1509/2359/2063
f 1537/2358/2062 1550/2360/2062 1509/2359/2063
f 1509/2359/2063 1550/2360/2062 1510/2361/2063
f 1550/2360/2062 1549/2362/2062 1510/2361/2063
f 1510/2361/2063 1549/2362/2062 1511/2363/2063
f 1549/2362/2062 1548/2364/2064 1511/2363/2063
f 1511/2363/2063 1548/2364/2064 1512/2365/2065
f 1500/2324/2045 1505/2352/2060 1498/2338/2051
f 1498/2338/2051 1505/2352/2060 1507/2355/2063
f 1498/2338/2051 1507/2355/2063 1497/2339/2051
f 1497/2339/2051 1507/2355/2063 1508/2357/2063
f 1497/2339/2051 1508/2357/2063 1496/2340/2051
f 1496/2340/2051 1508/2357/2063 1509/2359/2063
f 1496/2340/2051 1509/2359/2063 1504/2341/2051
f 1504/2341/2051 1509/2359/2063 1510/2361/2063
f 1504/2341/2051 1510/2361/2063 1503/2342/2051
f 1503/2342/2051 1510/2361/2063 1511/2363/2063
f 1503/2342/2051 1511/2363/2063 1502/2343/2052
f 1502/2343/2052 1511/2363/2063 1512/2365/2065
f 1512/2365/2065 1548/2364/2064 1513/2366/2066
f 1548/2364/2064 1547/2367/2067 1513/2366/2066
f 1547/2367/2067 2606/2368/2068 1513/2366/2066
f 1513/2366/2066 2606/2368/2068 2607/2369/2069
f 1502/2343/2052 1512/2365/2065 1501/2348/2057
f 1501/2348/2057 1512/2365/2065 1513/2366/2066
f 1501/2348/2057 1513/2366/2066 2605/2349/1633
f 2605/2349/1633 1513/2366/2066 2607/2369/2069
f 1515/2370/2070 1901/2371/2071 1542/2320/2041
f 1535/2319/2040 1515/2370/2070 1542/2320/2041
f 1536/2325/2046 1515/2370/2070 1535/2319/2040
f 1536/2325/2046 1514/2372/2072 1515/2370/2070
f 1514/2372/2072 1900/2373/2073 1515/2370/2070
f 1515/2370/2070 1900/2373/2073 1901/2371/2071
f 1534/2326/2047 1516/2374/2074 1514/2372/2072
f 1534/2326/2047 1514/2372/2072 1536/2325/2046
f 1533/2328/2047 1517/2375/2074 1516/2374/2074
f 1533/2328/2047 1516/2374/2074 1534/2326/2047
f 1532/2330/2047 1518/2376/2074 1517/2375/2074
f 1532/2330/2047 1517/2375/2074 1533/2328/2047
f 1546/2332/2047 1519/2377/2074 1518/2376/2074
f 1546/2332/2047 1518/2376/2074 1532/2330/2047
f 1545/2334/2047 1520/2378/2074 1519/2377/2074
f 1545/2334/2047 1519/2377/2074 1546/2332/2047
f 1544/2336/2049 1521/2379/2075 1520/2378/2074
f 1544/2336/2049 1520/2378/2074 1545/2334/2047
f 1514/2372/2072 1902/2380/2076 1900/2373/2073
f 1516/2374/2074 1902/2380/2076 1514/2372/2072
f 1516/2374/2074 1903/2381/2077 1902/2380/2076
f 1517/2375/2074 1903/2381/2077 1516/2374/2074
f 1517/2375/2074 1904/2382/2077 1903/2381/2077
f 1518/2376/2074 1904/2382/2077 1517/2375/2074
f 1518/2376/2074 1905/2383/2076 1904/2382/2077
f 1519/2377/2074 1905/2383/2076 1518/2376/2074
f 1519/2377/2074 1906/2384/2077 1905/2383/2076
f 1520/2378/2074 1906/2384/2077 1519/2377/2074
f 1520/2378/2074 1919/2385/2078 1906/2384/2077
f 1521/2379/2075 1919/2385/2078 1520/2378/2074
f 1543/2345/2054 1522/2386/2079 1521/2379/2075
f 1543/2345/2054 1521/2379/2075 1544/2336/2049
f 2603/2346/2055 2608/2387/2080 1522/2386/2079
f 2603/2346/2055 1522/2386/2079 1543/2345/2054
f 1521/2379/2075 1920/2388/2081 1919/2385/2078
f 1522/2386/2079 1920/2388/2081 1521/2379/2075
f 1522/2386/2079 2609/2389/1686 1920/2388/2081
f 2608/2387/2080 2609/2389/1686 1522/2386/2079
f 1542/2320/2041 1524/2390/2082 1540/2351/2059
f 1542/2320/2041 2610/2391/2071 1524/2390/2082
f 1524/2390/2082 1523/2392/2083 1541/2353/2061
f 1540/2351/2059 1524/2390/2082 1541/2353/2061
f 1524/2390/2082 2611/2393/2073 1523/2392/2083
f 2610/2391/2071 2611/2393/2073 1524/2390/2082
f 1541/2353/2061 1523/2392/2083 1539/2354/2062
f 1523/2392/2083 1525/2394/2084 1539/2354/2062
f 1539/2354/2062 1525/2394/2084 1538/2356/2062
f 1525/2394/2084 1526/2395/2084 1538/2356/2062
f 1538/2356/2062 1526/2395/2084 1537/2358/2062
f 1526/2395/2084 1527/2396/2084 1537/2358/2062
f 1537/2358/2062 1527/2396/2084 1550/2360/2062
f 1527/2396/2084 1528/2397/2084 1550/2360/2062
f 1550/2360/2062 1528/2397/2084 1549/2362/2062
f 1528/2397/2084 1529/2398/2084 1549/2362/2062
f 1549/2362/2062 1529/2398/2084 1548/2364/2064
f 1529/2398/2084 1530/2399/2085 1548/2364/2064
f 2611/2393/2073 2612/2400/2077 1523/2392/2083
f 1523/2392/2083 2612/2400/2077 1525/2394/2084
f 2612/2400/2077 2613/2401/2077 1525/2394/2084
f 1525/2394/2084 2613/2401/2077 1526/2395/2084
f 2613/2401/2077 2614/2402/2076 1526/2395/2084
f 1526/2395/2084 2614/2402/2076 1527/2396/2084
f 2614/2402/2076 2615/2403/2077 1527/2396/2084
f 1527/2396/2084 2615/2403/2077 1528/2397/2084
f 2615/2403/2077 2616/2404/2077 1528/2397/2084
f 1528/2397/2084 2616/2404/2077 1529/2398/2084
f 2616/2404/2077 2617/2405/2078 1529/2398/2084
f 1529/2398/2084 2617/2405/2078 1530/2399/2085
f 1548/2364/2064 1530/2399/2085 1547/2367/2067
f 1530/2399/2085 1531/2406/2086 1547/2367/2067
f 1547/2367/2067 1531/2406/2086 2606/2368/2068
f 1531/2406/2086 2618/2407/1685 2606/2368/2068
f 2617/2405/2078 2619/2408/2081 1530/2399/2085
f 1530/2399/2085 2619/2408/2081 1531/2406/2086
f 2619/2408/2081 2620/2409/1686 1531/2406/2086
f 1531/2406/2086 2620/2409/1686 2618/2407/1685
f 1874/2410/2087 1791/2411/2088 1873/2412/2089
f 1795/2413/2090 1791/2411/2088 1874/2410/2087
f 1873/2412/2089 1789/2414/2091 1871/2415/2092
f 1791/2411/2088 1789/2414/2091 1873/2412/2089
f 1871/2415/2092 1789/2414/2091 1870/2416/2093
f 1870/2416/2093 1789/2414/2091 1788/2417/2094
f 1870/2416/2093 1788/2417/2094 1867/2418/2095
f 1867/2418/2095 1788/2417/2094 1785/2419/2096
f 1827/2420/2097 1822/2421/2098 1754/2422/2099
f 1754/2422/2099 1822/2421/2098 1753/2423/2100
f 1826/2424/2101 1827/2420/2097 1825/2425/2102
f 1825/2425/2102 1827/2420/2097 1754/2422/2099
f 1831/2426/2103 1832/2427/2104 1826/2424/2101
f 1831/2426/2103 1826/2424/2101 1825/2425/2102
f 1831/2426/2103 1830/2428/2105 1832/2427/2104
f 1829/2429/2106 1830/2428/2105 1831/2426/2103
f 1795/2413/2090 1790/2430/2107 1791/2411/2088
f 1794/2431/2108 1790/2430/2107 1795/2413/2090
f 1791/2411/2088 1787/2432/2109 1789/2414/2091
f 1790/2430/2107 1787/2432/2109 1791/2411/2088
f 1789/2414/2091 1787/2432/2109 1788/2417/2094
f 1788/2417/2094 1787/2432/2109 1786/2433/2110
f 1788/2417/2094 1786/2433/2110 1785/2419/2096
f 1785/2419/2096 1786/2433/2110 1784/2434/2111
f 1754/2422/2099 1753/2423/2100 1752/2435/2112
f 1752/2435/2112 1753/2423/2100 1751/2436/2113
f 1869/2437/2114 1870/2416/2093 1868/2438/2115
f 1869/2437/2114 1871/2415/2092 1870/2416/2093
f 1868/2438/2115 1867/2418/2095 1854/2439/2116
f 1868/2438/2115 1870/2416/2093 1867/2418/2095
f 1854/2439/2116 1867/2418/2095 1783/2440/2117
f 1867/2418/2095 1785/2419/2096 1783/2440/2117
f 1783/2440/2117 1785/2419/2096 1782/2441/2118
f 1785/2419/2096 1784/2434/2111 1782/2441/2118
f 1872/2442/2119 1873/2412/2089 1869/2437/2114
f 1873/2412/2089 1871/2415/2092 1869/2437/2114
f 1875/2443/2120 1874/2410/2087 1872/2442/2119
f 1874/2410/2087 1873/2412/2089 1872/2442/2119
f 1793/2444/2121 1874/2410/2087 1875/2443/2120
f 1793/2444/2121 1795/2413/2090 1874/2410/2087
f 1792/2445/2122 1795/2413/2090 1793/2444/2121
f 1792/2445/2122 1794/2431/2108 1795/2413/2090
f 1856/2446/2123 1869/2437/2114 1868/2438/2115
f 1856/2446/2123 1868/2438/2115 1855/2447/2124
f 1872/2442/2119 1869/2437/2114 1856/2446/2123
f 1857/2448/2125 1872/2442/2119 1856/2446/2123
f 1875/2443/2120 1872/2442/2119 1857/2448/2125
f 1859/2449/2126 1875/2443/2120 1857/2448/2125
f 1858/2450/2127 1793/2444/2121 1875/2443/2120
f 1858/2450/2127 1875/2443/2120 1859/2449/2126
f 1855/2447/2124 1868/2438/2115 1854/2439/2116
f 1855/2447/2124 1854/2439/2116 1853/2451/2128
f 1854/2439/2116 1783/2440/2117 1765/2452/2129
f 1853/2451/2128 1854/2439/2116 1765/2452/2129
f 1783/2440/2117 1782/2441/2118 1764/2453/2130
f 1765/2452/2129 1783/2440/2117 1764/2453/2130
f 1823/2454/2131 1856/2446/2123 1855/2447/2124
f 1824/2455/2132 1856/2446/2123 1823/2454/2131
f 1828/2456/2133 1857/2448/2125 1856/2446/2123
f 1828/2456/2133 1856/2446/2123 1824/2455/2132
f 1836/2457/2134 1859/2449/2126 1857/2448/2125
f 1836/2457/2134 1857/2448/2125 1828/2456/2133
f 1858/2450/2127 1859/2449/2126 1836/2457/2134
f 1835/2458/2135 1858/2450/2127 1836/2457/2134
f 1821/2459/2136 1855/2447/2124 1853/2451/2128
f 1823/2454/2131 1855/2447/2124 1821/2459/2136
f 1821/2459/2136 1853/2451/2128 1765/2452/2129
f 1821/2459/2136 1765/2452/2129 1750/2460/2137
f 1750/2460/2137 1765/2452/2129 1764/2453/2130
f 1750/2460/2137 1764/2453/2130 1749/2461/2138
f 1824/2455/2132 1823/2454/2131 1827/2420/2097
f 1826/2424/2101 1824/2455/2132 1827/2420/2097
f 1832/2427/2104 1828/2456/2133 1824/2455/2132
f 1832/2427/2104 1824/2455/2132 1826/2424/2101
f 1830/2428/2105 1836/2457/2134 1828/2456/2133
f 1830/2428/2105 1828/2456/2133 1832/2427/2104
f 1835/2458/2135 1836/2457/2134 1830/2428/2105
f 1829/2429/2106 1835/2458/2135 1830/2428/2105
f 1823/2454/2131 1821/2459/2136 1822/2421/2098
f 1827/2420/2097 1823/2454/2131 1822/2421/2098
f 1822/2421/2098 1821/2459/2136 1750/2460/2137
f 1822/2421/2098 1750/2460/2137 1753/2423/2100
f 1753/2423/2100 1750/2460/2137 1749/2461/2138
f 1753/2423/2100 1749/2461/2138 1751/2436/2113
f 1743/2462/2139 1754/2422/2099 1752/2435/2112
f 1743/2462/2139 1752/2435/2112 1740/2463/2140
f 1825/2425/2102 1754/2422/2099 1743/2462/2139
f 1810/2464/2141 1825/2425/2102 1743/2462/2139
f 1810/2464/2141 1831/2426/2103 1825/2425/2102
f 1813/2465/2142 1831/2426/2103 1810/2464/2141
f 1834/2466/2143 1829/2429/2106 1831/2426/2103
f 1834/2466/2143 1831/2426/2103 1813/2465/2142
f 1833/2467/2144 1835/2458/2135 1829/2429/2106
f 1834/2466/2143 1833/2467/2144 1829/2429/2106
f 1771/2468/2145 1858/2450/2127 1835/2458/2135
f 1833/2467/2144 1771/2468/2145 1835/2458/2135
f 1770/2469/2146 1793/2444/2121 1858/2450/2127
f 1771/2468/2145 1770/2469/2146 1858/2450/2127
f 1769/2470/2147 1792/2445/2122 1793/2444/2121
f 1769/2470/2147 1793/2444/2121 1770/2469/2146
f 1744/2471/2148 1755/2472/2149 2621/2473/2150
f 2622/2474/2151 1744/2471/2148 2621/2473/2150
f 1757/2475/2152 1768/2476/2153 1755/2472/2149
f 1744/2471/2148 1757/2475/2152 1755/2472/2149
f 1779/2477/2154 1767/2478/2155 1768/2476/2153
f 1757/2475/2152 1779/2477/2154 1768/2476/2153
f 1779/2477/2154 1766/2479/2156 1767/2478/2155
f 1778/2480/2157 1766/2479/2156 1779/2477/2154
f 1743/2462/2139 1740/2463/2140 2623/2481/2158
f 2623/2481/2158 1740/2463/2140 2624/2482/2159
f 2623/2481/2158 1810/2464/2141 1743/2462/2139
f 2625/2483/2160 1810/2464/2141 2623/2481/2158
f 2625/2483/2160 1813/2465/2142 1810/2464/2141
f 2626/2484/2161 1813/2465/2142 2625/2483/2160
f 2626/2484/2161 1834/2466/2143 1813/2465/2142
f 2621/2473/2150 1834/2466/2143 2626/2484/2161
f 1755/2472/2149 1833/2467/2144 1834/2466/2143
f 2621/2473/2150 1755/2472/2149 1834/2466/2143
f 1768/2476/2153 1771/2468/2145 1833/2467/2144
f 1755/2472/2149 1768/2476/2153 1833/2467/2144
f 1767/2478/2155 1770/2469/2146 1771/2468/2145
f 1768/2476/2153 1767/2478/2155 1771/2468/2145
f 1766/2479/2156 1769/2470/2147 1770/2469/2146
f 1766/2479/2156 1770/2469/2146 1767/2478/2155
f 1879/2485/2162 1801/2486/2163 1799/2487/2164
f 1878/2488/2165 1801/2486/2163 1879/2485/2162
f 1878/2488/2165 1805/2489/2166 1801/2486/2163
f 1883/2490/2167 1805/2489/2166 1878/2488/2165
f 1882/2491/2168 1805/2489/2166 1883/2490/2167
f 1804/2492/2169 1805/2489/2166 1882/2491/2168
f 1884/2493/2170 1804/2492/2169 1882/2491/2168
f 1809/2494/2171 1804/2492/2169 1884/2493/2170
f 1763/2495/2172 1852/2496/2173 1758/2497/2174
f 1758/2497/2174 1852/2496/2173 1850/2498/2175
f 1758/2497/2174 1850/2498/2175 1849/2499/2176
f 1849/2499/2176 1850/2498/2175 1848/2500/2177
f 1849/2499/2176 1848/2500/2177 1845/2501/2178
f 1848/2500/2177 1844/2502/2179 1845/2501/2178
f 1844/2502/2179 1842/2503/2180 1845/2501/2178
f 1845/2501/2178 1842/2503/2180 1843/2504/2181
f 1799/2487/2164 1800/2505/2182 1798/2506/2183
f 1801/2486/2163 1800/2505/2182 1799/2487/2164
f 1801/2486/2163 1803/2507/2184 1800/2505/2182
f 1805/2489/2166 1803/2507/2184 1801/2486/2163
f 1804/2492/2169 1803/2507/2184 1805/2489/2166
f 1802/2508/2185 1803/2507/2184 1804/2492/2169
f 1809/2494/2171 1802/2508/2185 1804/2492/2169
f 1808/2509/2186 1802/2508/2185 1809/2494/2171
f 1762/2510/2187 1763/2495/2172 1761/2511/2188
f 1761/2511/2188 1763/2495/2172 1758/2497/2174
f 1882/2491/2168 1883/2490/2167 1881/2512/2189
f 1880/2513/2190 1882/2491/2168 1881/2512/2189
f 1884/2493/2170 1882/2491/2168 1880/2513/2190
f 1866/2514/2191 1884/2493/2170 1880/2513/2190
f 1807/2515/2192 1884/2493/2170 1866/2514/2191
f 1807/2515/2192 1809/2494/2171 1884/2493/2170
f 1806/2516/2193 1809/2494/2171 1807/2515/2192
f 1806/2516/2193 1808/2509/2186 1809/2494/2171
f 1881/2512/2189 1878/2488/2165 1877/2517/2194
f 1881/2512/2189 1883/2490/2167 1878/2488/2165
f 1877/2517/2194 1879/2485/2162 1876/2518/2195
f 1877/2517/2194 1878/2488/2165 1879/2485/2162
f 1879/2485/2162 1799/2487/2164 1797/2519/2196
f 1876/2518/2195 1879/2485/2162 1797/2519/2196
f 1799/2487/2164 1798/2506/2183 1796/2520/2197
f 1797/2519/2196 1799/2487/2164 1796/2520/2197
f 1864/2521/2198 1880/2513/2190 1863/2522/2199
f 1880/2513/2190 1881/2512/2189 1863/2522/2199
f 1863/2522/2199 1881/2512/2189 1877/2517/2194
f 1863/2522/2199 1877/2517/2194 1862/2523/2200
f 1862/2523/2200 1877/2517/2194 1876/2518/2195
f 1862/2523/2200 1876/2518/2195 1861/2524/2201
f 1861/2524/2201 1876/2518/2195 1860/2525/2202
f 1876/2518/2195 1797/2519/2196 1860/2525/2202
f 1865/2526/2203 1866/2514/2191 1864/2521/2198
f 1866/2514/2191 1880/2513/2190 1864/2521/2198
f 1781/2527/2204 1807/2515/2192 1866/2514/2191
f 1781/2527/2204 1866/2514/2191 1865/2526/2203
f 1780/2528/2205 1806/2516/2193 1807/2515/2192
f 1780/2528/2205 1807/2515/2192 1781/2527/2204
f 1864/2521/2198 1863/2522/2199 1847/2529/2206
f 1847/2529/2206 1863/2522/2199 1846/2530/2207
f 1846/2530/2207 1863/2522/2199 1841/2531/2208
f 1863/2522/2199 1862/2523/2200 1841/2531/2208
f 1841/2531/2208 1862/2523/2200 1840/2532/2209
f 1862/2523/2200 1861/2524/2201 1840/2532/2209
f 1840/2532/2209 1861/2524/2201 1860/2525/2202
f 1840/2532/2209 1860/2525/2202 1839/2533/2210
f 1865/2526/2203 1864/2521/2198 1851/2534/2211
f 1851/2534/2211 1864/2521/2198 1847/2529/2206
f 1760/2535/2212 1781/2527/2204 1851/2534/2211
f 1781/2527/2204 1865/2526/2203 1851/2534/2211
f 1759/2536/2213 1780/2528/2205 1760/2535/2212
f 1780/2528/2205 1781/2527/2204 1760/2535/2212
f 1850/2498/2175 1847/2529/2206 1846/2530/2207
f 1850/2498/2175 1846/2530/2207 1848/2500/2177
f 1848/2500/2177 1846/2530/2207 1844/2502/2179
f 1846/2530/2207 1841/2531/2208 1844/2502/2179
f 1844/2502/2179 1841/2531/2208 1842/2503/2180
f 1841/2531/2208 1840/2532/2209 1842/2503/2180
f 1842/2503/2180 1840/2532/2209 1839/2533/2210
f 1842/2503/2180 1839/2533/2210 1843/2504/2181
f 1852/2496/2173 1851/2534/2211 1847/2529/2206
f 1852/2496/2173 1847/2529/2206 1850/2498/2175
f 1763/2495/2172 1760/2535/2212 1852/2496/2173
f 1760/2535/2212 1851/2534/2211 1852/2496/2173
f 1762/2510/2187 1759/2536/2213 1763/2495/2172
f 1759/2536/2213 1760/2535/2212 1763/2495/2172
f 1748/2537/2214 1761/2511/2188 1747/2538/2215
f 1761/2511/2188 1758/2497/2174 1747/2538/2215
f 1747/2538/2215 1758/2497/2174 1849/2499/2176
f 1747/2538/2215 1849/2499/2176 1820/2539/2216
f 1849/2499/2176 1845/2501/2178 1820/2539/2216
f 1820/2539/2216 1845/2501/2178 1819/2540/2217
f 1819/2540/2217 1845/2501/2178 1838/2541/2218
f 1845/2501/2178 1843/2504/2181 1838/2541/2218
f 1843/2504/2181 1837/2542/2219 1838/2541/2218
f 1843/2504/2181 1839/2533/2210 1837/2542/2219
f 1839/2533/2210 1777/2543/2220 1837/2542/2219
f 1839/2533/2210 1860/2525/2202 1777/2543/2220
f 1860/2525/2202 1776/2544/2221 1777/2543/2220
f 1860/2525/2202 1797/2519/2196 1776/2544/2221
f 1776/2544/2221 1797/2519/2196 1775/2545/2222
f 1797/2519/2196 1796/2520/2197 1775/2545/2222
f 2627/2546/2223 1744/2471/2148 2622/2474/2151
f 2627/2546/2223 1756/2547/2224 1744/2471/2148
f 1756/2547/2224 1757/2475/2152 1744/2471/2148
f 1756/2547/2224 1774/2548/2225 1757/2475/2152
f 1774/2548/2225 1779/2477/2154 1757/2475/2152
f 1774/2548/2225 1773/2549/2226 1779/2477/2154
f 1773/2549/2226 1772/2550/2227 1779/2477/2154
f 1779/2477/2154 1772/2550/2227 1778/2480/2157
f 2628/2551/2228 1748/2537/2214 2629/2552/2229
f 2629/2552/2229 1748/2537/2214 1747/2538/2215
f 1747/2538/2215 1820/2539/2216 2629/2552/2229
f 2629/2552/2229 1820/2539/2216 2630/2553/2230
f 1820/2539/2216 1819/2540/2217 2630/2553/2230
f 2630/2553/2230 1819/2540/2217 2631/2554/2231
f 1819/2540/2217 1838/2541/2218 2631/2554/2231
f 2631/2554/2231 1838/2541/2218 2627/2546/2223
f 1838/2541/2218 1756/2547/2224 2627/2546/2223
f 1838/2541/2218 1837/2542/2219 1756/2547/2224
f 1837/2542/2219 1774/2548/2225 1756/2547/2224
f 1837/2542/2219 1777/2543/2220 1774/2548/2225
f 1777/2543/2220 1773/2549/2226 1774/2548/2225
f 1777/2543/2220 1776/2544/2221 1773/2549/2226
f 1773/2549/2226 1776/2544/2221 1772/2550/2227
f 1776/2544/2221 1775/2545/2222 1772/2550/2227
f 1690/2410/2232 1730/2411/2233 1732/2413/2234
f 1689/2412/2235 1730/2411/2233 1690/2410/2232
f 1689/2412/2235 1729/2414/2236 1730/2411/2233
f 1687/2415/2237 1729/2414/2236 1689/2412/2235
f 1686/2416/2238 1729/2414/2236 1687/2415/2237
f 1728/2417/2239 1729/2414/2236 1686/2416/2238
f 1683/2418/2240 1728/2417/2239 1686/2416/2238
f 1727/2419/2241 1728/2417/2239 1683/2418/2240
f 1707/2423/2242 1638/2421/2243 1708/2422/2244
f 1708/2422/2244 1638/2421/2243 1643/2420/2245
f 1708/2422/2244 1643/2420/2245 1642/2425/2246
f 1642/2425/2246 1643/2420/2245 1641/2424/2247
f 1642/2425/2246 1641/2424/2247 1648/2426/2248
f 1641/2424/2247 1647/2427/2249 1648/2426/2248
f 1647/2427/2249 1645/2428/2250 1648/2426/2248
f 1648/2426/2248 1645/2428/2250 1646/2429/2251
f 1732/2413/2234 1790/2430/2107 1794/2431/2108
f 1730/2411/2233 1790/2430/2107 1732/2413/2234
f 1730/2411/2233 1787/2432/2109 1790/2430/2107
f 1729/2414/2236 1787/2432/2109 1730/2411/2233
f 1728/2417/2239 1787/2432/2109 1729/2414/2236
f 1786/2433/2110 1787/2432/2109 1728/2417/2239
f 1727/2419/2241 1786/2433/2110 1728/2417/2239
f 1784/2434/2111 1786/2433/2110 1727/2419/2241
f 1751/2436/2113 1707/2423/2242 1752/2435/2112
f 1752/2435/2112 1707/2423/2242 1708/2422/2244
f 1686/2416/2238 1687/2415/2237 1685/2437/2252
f 1684/2438/2253 1686/2416/2238 1685/2437/2252
f 1683/2418/2240 1686/2416/2238 1684/2438/2253
f 1670/2439/2254 1683/2418/2240 1684/2438/2253
f 1726/2440/2255 1683/2418/2240 1670/2439/2254
f 1726/2440/2255 1727/2419/2241 1683/2418/2240
f 1782/2441/2118 1727/2419/2241 1726/2440/2255
f 1782/2441/2118 1784/2434/2111 1727/2419/2241
f 1685/2437/2252 1689/2412/2235 1688/2442/2256
f 1685/2437/2252 1687/2415/2237 1689/2412/2235
f 1688/2442/2256 1690/2410/2232 1691/2443/2257
f 1688/2442/2256 1689/2412/2235 1690/2410/2232
f 1690/2410/2232 1732/2413/2234 1731/2444/2258
f 1691/2443/2257 1690/2410/2232 1731/2444/2258
f 1732/2413/2234 1794/2431/2108 1792/2445/2122
f 1731/2444/2258 1732/2413/2234 1792/2445/2122
f 1672/2447/2259 1684/2438/2253 1671/2446/2260
f 1684/2438/2253 1685/2437/2252 1671/2446/2260
f 1671/2446/2260 1685/2437/2252 1688/2442/2256
f 1671/2446/2260 1688/2442/2256 1673/2448/2261
f 1673/2448/2261 1688/2442/2256 1691/2443/2257
f 1673/2448/2261 1691/2443/2257 1675/2449/2262
f 1675/2449/2262 1691/2443/2257 1674/2450/2263
f 1691/2443/2257 1731/2444/2258 1674/2450/2263
f 1669/2451/2264 1670/2439/2254 1672/2447/2259
f 1670/2439/2254 1684/2438/2253 1672/2447/2259
f 1715/2452/2265 1726/2440/2255 1670/2439/2254
f 1715/2452/2265 1670/2439/2254 1669/2451/2264
f 1764/2453/2130 1782/2441/2118 1726/2440/2255
f 1764/2453/2130 1726/2440/2255 1715/2452/2265
f 1640/2454/2266 1672/2447/2259 1671/2446/2260
f 1640/2454/2266 1671/2446/2260 1639/2455/2267
f 1639/2455/2267 1671/2446/2260 1644/2456/2268
f 1671/2446/2260 1673/2448/2261 1644/2456/2268
f 1644/2456/2268 1673/2448/2261 1652/2457/2269
f 1673/2448/2261 1675/2449/2262 1652/2457/2269
f 1652/2457/2269 1675/2449/2262 1674/2450/2263
f 1652/2457/2269 1674/2450/2263 1651/2458/2270
f 1637/2459/2271 1669/2451/2264 1672/2447/2259
f 1637/2459/2271 1672/2447/2259 1640/2454/2266
f 1706/2460/2272 1715/2452/2265 1637/2459/2271
f 1637/2459/2271 1715/2452/2265 1669/2451/2264
f 1749/2461/2138 1764/2453/2130 1706/2460/2272
f 1706/2460/2272 1764/2453/2130 1715/2452/2265
f 1643/2420/2245 1640/2454/2266 1639/2455/2267
f 1643/2420/2245 1639/2455/2267 1641/2424/2247
f 1641/2424/2247 1639/2455/2267 1647/2427/2249
f 1639/2455/2267 1644/2456/2268 1647/2427/2249
f 1647/2427/2249 1644/2456/2268 1645/2428/2250
f 1644/2456/2268 1652/2457/2269 1645/2428/2250
f 1645/2428/2250 1652/2457/2269 1651/2458/2270
f 1645/2428/2250 1651/2458/2270 1646/2429/2251
f 1638/2421/2243 1637/2459/2271 1640/2454/2266
f 1638/2421/2243 1640/2454/2266 1643/2420/2245
f 1707/2423/2242 1706/2460/2272 1638/2421/2243
f 1706/2460/2272 1637/2459/2271 1638/2421/2243
f 1751/2436/2113 1749/2461/2138 1707/2423/2242
f 1749/2461/2138 1706/2460/2272 1707/2423/2242
f 1740/2463/2140 1752/2435/2112 1702/2462/2273
f 1752/2435/2112 1708/2422/2244 1702/2462/2273
f 1702/2462/2273 1708/2422/2244 1642/2425/2246
f 1702/2462/2273 1642/2425/2246 1626/2464/2274
f 1642/2425/2246 1648/2426/2248 1626/2464/2274
f 1626/2464/2274 1648/2426/2248 1629/2465/2275
f 1629/2465/2275 1648/2426/2248 1650/2466/2276
f 1648/2426/2248 1646/2429/2251 1650/2466/2276
f 1646/2429/2251 1649/2467/2277 1650/2466/2276
f 1646/2429/2251 1651/2458/2270 1649/2467/2277
f 1651/2458/2270 1719/2468/2278 1649/2467/2277
f 1651/2458/2270 1674/2450/2263 1719/2468/2278
f 1674/2450/2263 1718/2469/2279 1719/2468/2278
f 1674/2450/2263 1731/2444/2258 1718/2469/2279
f 1718/2469/2279 1731/2444/2258 1769/2470/2147
f 1731/2444/2258 1792/2445/2122 1769/2470/2147
f 2632/2473/2280 1703/2471/2281 2633/2474/2282
f 2632/2473/2280 1709/2472/2283 1703/2471/2281
f 1709/2472/2283 1711/2475/2284 1703/2471/2281
f 1709/2472/2283 1717/2476/2285 1711/2475/2284
f 1717/2476/2285 1724/2477/2286 1711/2475/2284
f 1717/2476/2285 1716/2478/2287 1724/2477/2286
f 1716/2478/2287 1766/2479/2156 1724/2477/2286
f 1724/2477/2286 1766/2479/2156 1778/2480/2157
f 2624/2482/2159 1740/2463/2140 2634/2481/2288
f 2634/2481/2288 1740/2463/2140 1702/2462/2273
f 1702/2462/2273 1626/2464/2274 2634/2481/2288
f 2634/2481/2288 1626/2464/2274 2635/2483/2289
f 1626/2464/2274 1629/2465/2275 2635/2483/2289
f 2635/2483/2289 1629/2465/2275 2636/2484/2290
f 1629/2465/2275 1650/2466/2276 2636/2484/2290
f 2636/2484/2290 1650/2466/2276 2632/2473/2280
f 1650/2466/2276 1709/2472/2283 2632/2473/2280
f 1650/2466/2276 1649/2467/2277 1709/2472/2283
f 1649/2467/2277 1717/2476/2285 1709/2472/2283
f 1649/2467/2277 1719/2468/2278 1717/2476/2285
f 1719/2468/2278 1716/2478/2287 1717/2476/2285
f 1719/2468/2278 1718/2469/2279 1716/2478/2287
f 1716/2478/2287 1718/2469/2279 1766/2479/2156
f 1718/2469/2279 1769/2470/2147 1766/2479/2156
f 1695/2485/2291 1735/2486/2292 1694/2488/2293
f 1734/2487/2294 1735/2486/2292 1695/2485/2291
f 1694/2488/2293 1737/2489/2295 1699/2490/2296
f 1735/2486/2292 1737/2489/2295 1694/2488/2293
f 1699/2490/2296 1737/2489/2295 1698/2491/2297
f 1698/2491/2297 1737/2489/2295 1736/2492/2298
f 1698/2491/2297 1736/2492/2298 1700/2493/2299
f 1700/2493/2299 1736/2492/2298 1739/2494/2300
f 1666/2498/2301 1668/2496/2302 1712/2497/2303
f 1712/2497/2303 1668/2496/2302 1714/2495/2304
f 1665/2500/2305 1666/2498/2301 1664/2499/2306
f 1664/2499/2306 1666/2498/2301 1712/2497/2303
f 1660/2501/2307 1661/2502/2308 1665/2500/2305
f 1660/2501/2307 1665/2500/2305 1664/2499/2306
f 1660/2501/2307 1659/2503/2309 1661/2502/2308
f 1658/2504/2310 1659/2503/2309 1660/2501/2307
f 1734/2487/2294 1800/2505/2182 1735/2486/2292
f 1798/2506/2183 1800/2505/2182 1734/2487/2294
f 1735/2486/2292 1803/2507/2184 1737/2489/2295
f 1800/2505/2182 1803/2507/2184 1735/2486/2292
f 1737/2489/2295 1803/2507/2184 1736/2492/2298
f 1736/2492/2298 1803/2507/2184 1802/2508/2185
f 1736/2492/2298 1802/2508/2185 1739/2494/2300
f 1739/2494/2300 1802/2508/2185 1808/2509/2186
f 1712/2497/2303 1714/2495/2304 1761/2511/2188
f 1761/2511/2188 1714/2495/2304 1762/2510/2187
f 1697/2512/2311 1698/2491/2297 1696/2513/2312
f 1697/2512/2311 1699/2490/2296 1698/2491/2297
f 1696/2513/2312 1700/2493/2299 1682/2514/2313
f 1696/2513/2312 1698/2491/2297 1700/2493/2299
f 1682/2514/2313 1700/2493/2299 1738/2515/2314
f 1700/2493/2299 1739/2494/2300 1738/2515/2314
f 1738/2515/2314 1739/2494/2300 1806/2516/2193
f 1739/2494/2300 1808/2509/2186 1806/2516/2193
f 1693/2517/2315 1694/2488/2293 1697/2512/2311
f 1694/2488/2293 1699/2490/2296 1697/2512/2311
f 1692/2518/2316 1695/2485/2291 1693/2517/2315
f 1695/2485/2291 1694/2488/2293 1693/2517/2315
f 1733/2519/2317 1695/2485/2291 1692/2518/2316
f 1733/2519/2317 1734/2487/2294 1695/2485/2291
f 1796/2520/2197 1734/2487/2294 1733/2519/2317
f 1796/2520/2197 1798/2506/2183 1734/2487/2294
f 1680/2522/2318 1697/2512/2311 1696/2513/2312
f 1680/2522/2318 1696/2513/2312 1679/2521/2319
f 1693/2517/2315 1697/2512/2311 1680/2522/2318
f 1678/2523/2320 1693/2517/2315 1680/2522/2318
f 1692/2518/2316 1693/2517/2315 1678/2523/2320
f 1677/2524/2321 1692/2518/2316 1678/2523/2320
f 1676/2525/2322 1733/2519/2317 1692/2518/2316
f 1676/2525/2322 1692/2518/2316 1677/2524/2321
f 1679/2521/2319 1696/2513/2312 1682/2514/2313
f 1679/2521/2319 1682/2514/2313 1681/2526/2323
f 1682/2514/2313 1738/2515/2314 1725/2527/2324
f 1681/2526/2323 1682/2514/2313 1725/2527/2324
f 1738/2515/2314 1806/2516/2193 1780/2528/2205
f 1725/2527/2324 1738/2515/2314 1780/2528/2205
f 1680/2522/2318 1679/2521/2319 1662/2529/2325
f 1663/2530/2326 1680/2522/2318 1662/2529/2325
f 1657/2531/2327 1678/2523/2320 1680/2522/2318
f 1657/2531/2327 1680/2522/2318 1663/2530/2326
f 1656/2532/2328 1677/2524/2321 1678/2523/2320
f 1656/2532/2328 1678/2523/2320 1657/2531/2327
f 1676/2525/2322 1677/2524/2321 1656/2532/2328
f 1655/2533/2329 1676/2525/2322 1656/2532/2328
f 1679/2521/2319 1681/2526/2323 1667/2534/2330
f 1662/2529/2325 1679/2521/2319 1667/2534/2330
f 1681/2526/2323 1725/2527/2324 1667/2534/2330
f 1667/2534/2330 1725/2527/2324 1713/2535/2331
f 1725/2527/2324 1780/2528/2205 1713/2535/2331
f 1713/2535/2331 1780/2528/2205 1759/2536/2213
f 1663/2530/2326 1662/2529/2325 1666/2498/2301
f 1665/2500/2305 1663/2530/2326 1666/2498/2301
f 1661/2502/2308 1657/2531/2327 1663/2530/2326
f 1661/2502/2308 1663/2530/2326 1665/2500/2305
f 1659/2503/2309 1656/2532/2328 1657/2531/2327
f 1659/2503/2309 1657/2531/2327 1661/2502/2308
f 1655/2533/2329 1656/2532/2328 1659/2503/2309
f 1658/2504/2310 1655/2533/2329 1659/2503/2309
f 1662/2529/2325 1667/2534/2330 1668/2496/2302
f 1666/2498/2301 1662/2529/2325 1668/2496/2302
f 1668/2496/2302 1667/2534/2330 1713/2535/2331
f 1668/2496/2302 1713/2535/2331 1714/2495/2304
f 1714/2495/2304 1713/2535/2331 1759/2536/2213
f 1714/2495/2304 1759/2536/2213 1762/2510/2187
f 1705/2538/2332 1712/2497/2303 1761/2511/2188
f 1705/2538/2332 1761/2511/2188 1748/2537/2214
f 1664/2499/2306 1712/2497/2303 1705/2538/2332
f 1636/2539/2333 1664/2499/2306 1705/2538/2332
f 1636/2539/2333 1660/2501/2307 1664/2499/2306
f 1635/2540/2334 1660/2501/2307 1636/2539/2333
f 1654/2541/2335 1658/2504/2310 1660/2501/2307
f 1654/2541/2335 1660/2501/2307 1635/2540/2334
f 1653/2542/2336 1655/2533/2329 1658/2504/2310
f 1654/2541/2335 1653/2542/2336 1658/2504/2310
f 1723/2543/2337 1676/2525/2322 1655/2533/2329
f 1653/2542/2336 1723/2543/2337 1655/2533/2329
f 1722/2544/2338 1733/2519/2317 1676/2525/2322
f 1723/2543/2337 1722/2544/2338 1676/2525/2322
f 1775/2545/2222 1796/2520/2197 1733/2519/2317
f 1775/2545/2222 1733/2519/2317 1722/2544/2338
f 2633/2474/2282 1703/2471/2281 2637/2546/2339
f 1703/2471/2281 1710/2547/2340 2637/2546/2339
f 1711/2475/2284 1721/2548/2341 1710/2547/2340
f 1703/2471/2281 1711/2475/2284 1710/2547/2340
f 1724/2477/2286 1720/2549/2342 1721/2548/2341
f 1711/2475/2284 1724/2477/2286 1721/2548/2341
f 1724/2477/2286 1772/2550/2227 1720/2549/2342
f 1778/2480/2157 1772/2550/2227 1724/2477/2286
f 1705/2538/2332 1748/2537/2214 2638/2552/2343
f 2638/2552/2343 1748/2537/2214 2628/2551/2228
f 2638/2552/2343 1636/2539/2333 1705/2538/2332
f 2639/2553/2344 1636/2539/2333 2638/2552/2343
f 2639/2553/2344 1635/2540/2334 1636/2539/2333
f 2640/2554/2345 1635/2540/2334 2639/2553/2344
f 2640/2554/2345 1654/2541/2335 1635/2540/2334
f 2637/2546/2339 1654/2541/2335 2640/2554/2345
f 1710/2547/2340 1653/2542/2336 1654/2541/2335
f 2637/2546/2339 1710/2547/2340 1654/2541/2335
f 1721/2548/2341 1723/2543/2337 1653/2542/2336
f 1710/2547/2340 1721/2548/2341 1653/2542/2336
f 1720/2549/2342 1722/2544/2338 1723/2543/2337
f 1721/2548/2341 1720/2549/2342 1723/2543/2337
f 1772/2550/2227 1775/2545/2222 1722/2544/2338
f 1772/2550/2227 1722/2544/2338 1720/2549/2342
f 1745/2555/2346 1818/2556/2230 1899/2557/164
f 1899/2557/164 1818/2556/2230 1897/2558/2347
f 1818/2556/2230 1817/2559/2231 1897/2558/2347
f 1897/2558/2347 1815/171/2223 1898/2560/2348
f 1817/2559/2231 1815/171/2223 1897/2558/2347
f 1891/2561/152 1745/2555/2346 1899/2557/164
f 1746/2562/2349 1745/2555/2346 1891/2561/152
f 1893/2563/155 1634/2556/2350 1704/2555/2351
f 1893/2563/155 1704/2555/2351 1892/2564/151
f 1892/2564/151 1746/2562/2349 1891/2561/152
f 1892/2564/151 1704/2555/2351 1746/2562/2349
f 1890/2565/154 1634/2556/2350 1893/2563/155
f 1890/2565/154 1633/2559/2352 1634/2556/2350
f 1890/2565/154 1631/171/173 1633/2559/2352
f 1885/169/171 1631/171/173 1890/2565/154
f 1889/2566/2353 1630/2567/2354 1885/169/171
f 1627/2568/2355 1630/2567/2354 1889/2566/2353
f 1888/2569/157 1628/2570/2356 1889/2566/2353
f 1628/2570/2356 1627/2568/2355 1889/2566/2353
f 1887/2571/156 1701/2572/2357 1888/2569/157
f 1701/2572/2357 1628/2570/2356 1888/2569/157
f 1886/2573/160 1741/2574/2358 1887/2571/156
f 1741/2574/2358 1701/2572/2357 1887/2571/156
f 1895/2575/159 1741/2574/2358 1886/2573/160
f 1895/2575/159 1742/2572/2359 1741/2574/2358
f 1896/2576/2360 1812/2570/2361 1894/2577/170
f 1896/2576/2360 1811/2568/2161 1812/2570/2361
f 1894/2577/170 1812/2570/2361 1742/2572/2359
f 1894/2577/170 1742/2572/2359 1895/2575/159
f 1896/2576/2360 1814/2567/2362 1811/2568/2161
f 1898/2560/2348 1814/2567/2362 1896/2576/2360
f 1815/171/2223 1816/170/2151 1898/2560/2348
f 1898/2560/2348 1816/170/2151 1814/2567/2362
f 1630/2567/2354 1632/170/172 1885/169/171
f 1000/115/115 975/120/120 1003/1329/1077
f 1003/1329/1077 975/120/120 976/1450/1210
f 1010/1656/1437 1008/128/128 1037/1535/1304
f 1037/1535/1304 1008/128/128 1033/124/124
f 974/119/119 979/1447/1207 975/120/120
f 975/120/120 979/1447/1207 976/1450/1210
f 1008/128/128 1013/1654/1435 1009/127/127
f 1010/1656/1437 1013/1654/1435 1008/128/128
