# Blender 5.1.2
# www.blender.org
mtllib 8888.mtl
o U_Char_1
v 0.001885 0.295046 -0.023356
v 0.004663 0.293505 0.037877
v -0.000114 0.227704 -0.056368
v 0.000064 0.232041 -0.052775
v 0.000283 0.236398 -0.049110
v 0.005505 0.224585 0.067511
v 0.005367 0.229097 0.064138
v 0.005264 0.233634 0.060692
v -0.001488 0.200418 -0.071034
v 0.001752 0.211233 -0.048972
v 0.001924 0.213659 -0.046534
v 0.002155 0.215975 -0.044061
v 0.006613 0.211056 0.056840
v 0.006624 0.213494 0.054475
v 0.006657 0.208511 0.059159
v 0.005402 0.196594 0.080851
v 0.000373 0.178975 -0.075718
v 0.000121 0.180372 -0.074738
v -0.000533 0.179163 -0.075131
v -0.001196 0.178549 -0.075798
v -0.001644 0.177917 -0.075503
v -0.000829 0.180149 -0.074401
v -0.000343 0.181657 -0.073764
v -0.001295 0.179675 -0.074011
v -0.000490 0.182231 -0.073235
v -0.002598 0.182915 -0.079360
v -0.002997 0.178969 -0.080488
v -0.001737 0.179707 -0.080178
v -0.002386 0.179862 -0.080534
v -0.001854 0.178065 -0.080531
v -0.001408 0.178305 -0.079578
v -0.003488 0.178842 -0.079279
v -0.003491 0.179117 -0.079203
v -0.003222 0.180669 -0.079876
v -0.003253 0.181315 -0.079533
v -0.002503 0.181699 -0.079940
v -0.002578 0.182349 -0.079578
v -0.001742 0.181536 -0.079512
v -0.001359 0.180088 -0.078755
v 0.000119 0.183918 -0.077708
v -0.000473 0.183647 -0.078370
v -0.000107 0.185600 -0.077047
v 0.000168 0.182295 -0.078114
v -0.000609 0.181222 -0.078732
v -0.000194 0.181765 -0.078571
v 0.000256 0.184395 -0.076110
v 0.000449 0.182737 -0.076953
v 0.000374 0.180993 -0.077762
v -0.000002 0.179915 -0.078336
v -0.000563 0.179698 -0.078508
v -0.001014 0.182353 -0.078609
v -0.001169 0.180501 -0.078239
v -0.000798 0.185265 -0.077832
v -0.001414 0.181084 -0.077962
v -0.001462 0.180314 -0.078291
v -0.001882 0.182475 -0.078927
v -0.001452 0.183741 -0.078086
v -0.002041 0.183926 -0.078876
v -0.001756 0.191786 -0.075021
v 0.000093 0.188283 -0.072952
v -0.001137 0.186330 -0.077015
v -0.001558 0.187851 -0.077187
v -0.000233 0.185586 -0.075167
v -0.000699 0.186899 -0.075896
v -0.000988 0.189196 -0.075641
v -0.000006 0.186568 -0.074372
v 0.000153 0.193059 -0.070670
v -0.001594 0.197180 -0.072784
v 0.000318 0.196039 -0.068790
v 0.006988 0.192338 0.078237
v 0.007631 0.174948 0.084265
v 0.007294 0.176391 0.083383
v 0.006675 0.175162 0.083773
v 0.005600 0.173897 0.084181
v 0.006073 0.174514 0.084465
v 0.006746 0.177723 0.082521
v 0.006316 0.176183 0.083123
v 0.005816 0.175729 0.082754
v 0.006553 0.178321 0.082037
v 0.005010 0.178693 0.088354
v 0.004706 0.174694 0.089314
v 0.005934 0.175449 0.088929
v 0.005320 0.175585 0.089350
v 0.005845 0.173792 0.089208
v 0.006204 0.174081 0.088232
v 0.004107 0.174627 0.088150
v 0.004098 0.174906 0.088089
v 0.004430 0.176422 0.088812
v 0.004370 0.177084 0.088506
v 0.005154 0.177449 0.088862
v 0.005049 0.178116 0.088541
v 0.005873 0.177310 0.088359
v 0.006182 0.175902 0.087499
v 0.007568 0.179783 0.086516
v 0.007038 0.179479 0.087214
v 0.007288 0.181496 0.085963
v 0.007650 0.178142 0.086834
v 0.007330 0.177589 0.087294
v 0.006930 0.177037 0.087465
v 0.007561 0.180340 0.084938
v 0.007826 0.178642 0.085675
v 0.007821 0.176860 0.086400
v 0.007496 0.175753 0.086950
v 0.006952 0.175527 0.087161
v 0.006519 0.178172 0.087436
v 0.006327 0.176342 0.086989
v 0.006670 0.181121 0.086790
v 0.006038 0.176151 0.087058
v 0.006059 0.176937 0.086765
v 0.005683 0.178276 0.087837
v 0.006038 0.179584 0.087025
v 0.005523 0.179728 0.087874
v 0.007122 0.184382 0.082007
v 0.005476 0.187772 0.084409
v 0.005860 0.183734 0.086347
v 0.006261 0.182225 0.086062
v 0.006291 0.185156 0.084826
v 0.006597 0.182850 0.084937
v 0.006992 0.181576 0.084104
v 0.007148 0.182597 0.083343
v 0.006986 0.189266 0.079972
v 0.005447 0.193272 0.082440
v -0.001549 0.174639 -0.078289
v -0.002809 0.173902 -0.078599
v -0.002168 0.173969 -0.078330
v -0.002549 0.173149 -0.079254
v -0.001685 0.173655 -0.079041
v -0.002099 0.173067 -0.079216
v -0.003032 0.175340 -0.077669
v -0.002282 0.175479 -0.077356
v -0.001552 0.176207 -0.077305
v -0.000178 0.177898 -0.076049
v -0.000360 0.176942 -0.077150
v 0.000417 0.178015 -0.076532
v 0.000078 0.177177 -0.076901
v -0.000759 0.177410 -0.076619
v -0.003070 0.176120 -0.077220
v -0.001650 0.176977 -0.076869
v -0.002396 0.176621 -0.076512
v -0.001777 0.177136 -0.076194
v -0.002718 0.177559 -0.080744
v -0.002282 0.177799 -0.080787
v -0.001701 0.176630 -0.080252
v -0.002194 0.175832 -0.080595
v -0.002744 0.176020 -0.080508
v -0.003207 0.177252 -0.080021
v 0.005939 0.170484 0.086779
v 0.004711 0.169728 0.087164
v 0.005325 0.169810 0.086842
v 0.005027 0.168944 0.087754
v 0.005471 0.168866 0.087672
v 0.005869 0.169462 0.087490
v 0.004407 0.171211 0.086332
v 0.005126 0.171367 0.085959
v 0.005850 0.172098 0.085879
v 0.007109 0.173854 0.084591
v 0.007025 0.172843 0.085654
v 0.007440 0.173091 0.085379
v 0.007745 0.173948 0.085023
v 0.006581 0.173337 0.085185
v 0.004331 0.172012 0.085928
v 0.005715 0.172889 0.085493
v 0.005528 0.173081 0.084841
v 0.004939 0.172550 0.085187
v 0.005442 0.173512 0.089488
v 0.005003 0.173274 0.089473
v 0.005969 0.172373 0.088845
v 0.005508 0.171557 0.089191
v 0.004953 0.171748 0.089164
v 0.004450 0.173002 0.088783
v 0.002591 0.049793 -0.036742
v 0.004436 0.049854 -0.031939
v 0.003060 0.049541 -0.027000
v 0.005604 0.048129 0.029066
v 0.006018 0.047891 0.038810
v 0.007421 0.048197 0.033870
v 0.003087 0.024723 -0.032426
v 0.001927 0.038308 -0.036613
v 0.002249 0.044341 -0.036589
v 0.003950 0.044502 -0.031968
v 0.003449 0.038448 -0.032097
v 0.002674 0.044106 -0.027225
v 0.002342 0.038078 -0.027476
v 0.005226 0.042689 0.029052
v 0.004905 0.036655 0.029028
v 0.006065 0.023071 0.033215
v 0.006928 0.042849 0.033673
v 0.005651 0.042453 0.038416
v 0.005319 0.036425 0.038165
v 0.006427 0.036796 0.033544
v -0.004475 0.002688 -0.032638
v -0.001921 0.001889 -0.032774
v 0.004718 0.002757 -0.033053
v 0.004055 0.021791 -0.032544
v 0.002232 0.022824 -0.036196
v 0.003216 0.019926 -0.036235
v -0.001752 0.012436 -0.039498
v -0.000085 0.010509 -0.039494
v 0.002572 0.022635 -0.028695
v 0.003549 0.019741 -0.028891
v -0.001121 0.012086 -0.025572
v 0.000535 0.010164 -0.025824
v 0.005210 0.021172 0.029445
v 0.006193 0.018274 0.029406
v 0.001225 0.010784 0.026143
v 0.002892 0.008856 0.026147
v -0.001498 0.001036 0.033003
v 0.001057 0.000236 0.032867
v 0.007696 0.001104 0.032587
v 0.007032 0.020138 0.033097
v 0.005550 0.020983 0.036945
v 0.006526 0.018089 0.036750
v 0.001857 0.010433 0.040069
v 0.003512 0.008512 0.039817
v 0.012539 0.340558 -0.019402
v 0.011863 0.340833 -0.020320
v 0.011358 0.340416 -0.019646
v 0.010346 0.338002 -0.016238
v 0.012272 0.340315 -0.013760
v 0.011550 0.338476 -0.016232
v 0.012034 0.332265 -0.015756
v 0.013046 0.332311 -0.018883
v 0.012314 0.331561 -0.019954
v 0.011808 0.331522 -0.019260
v 0.010454 0.331355 -0.015191
v 0.011055 0.343690 -0.016439
v 0.011504 0.345792 -0.014857
v 0.011262 0.345462 -0.016043
v 0.012037 0.347964 -0.019351
v 0.012644 0.350917 -0.017110
v 0.012294 0.350366 -0.018741
v 0.010417 0.344173 -0.016794
v 0.011423 0.349351 -0.020097
v 0.010920 0.348520 -0.019440
v 0.010936 0.346609 -0.015554
v 0.011731 0.352138 -0.019310
v 0.011623 0.351916 -0.016894
v 0.012157 0.352928 -0.017408
v 0.011971 0.345507 -0.011961
v 0.013431 0.351078 -0.011883
v 0.014029 0.352026 -0.012133
v 0.012835 0.345088 -0.011708
v 0.013083 0.335703 -0.012110
v 0.012786 0.342260 -0.008588
v 0.013970 0.342282 -0.008563
v 0.011687 0.338818 -0.003112
v 0.008182 0.332729 -0.008824
v 0.005505 0.332130 -0.007533
v 0.012055 0.340223 0.001352
v 0.005509 0.336624 -0.000048
v 0.008553 0.338660 -0.000246
v 0.012658 0.339889 0.014649
v 0.009312 0.338239 0.016477
v 0.006258 0.336208 0.016454
v 0.005717 0.338740 0.008269
v 0.012050 0.342457 0.008075
v 0.008810 0.340929 0.008184
v 0.013791 0.344496 0.028164
v 0.015251 0.350068 0.028234
v 0.015871 0.351004 0.028477
v 0.014627 0.344093 0.027813
v 0.014890 0.334700 0.027719
v 0.014290 0.341426 0.024572
v 0.015467 0.341451 0.024441
v 0.012692 0.338260 0.019052
v 0.009704 0.331883 0.024745
v 0.006921 0.331344 0.023673
v 0.015019 0.339181 0.035265
v 0.014429 0.339409 0.036254
v 0.013864 0.339025 0.035608
v 0.012543 0.336783 0.032188
v 0.013742 0.337259 0.032097
v 0.014242 0.339222 0.029666
v 0.014167 0.331081 0.031269
v 0.015458 0.330973 0.034289
v 0.014824 0.330168 0.035383
v 0.014257 0.330163 0.034737
v 0.012541 0.330197 0.030803
v 0.013279 0.342455 0.032610
v 0.013588 0.344635 0.031101
v 0.013454 0.344245 0.032286
v 0.014531 0.346579 0.035631
v 0.014940 0.349643 0.033496
v 0.014737 0.349010 0.035122
v 0.012678 0.342918 0.033045
v 0.013428 0.347128 0.035850
v 0.013990 0.347926 0.036500
v 0.013088 0.345415 0.031887
v 0.013905 0.350649 0.033424
v 0.014233 0.350750 0.035828
v 0.014486 0.351635 0.033938
v 0.011593 0.316409 -0.020101
v 0.008220 0.314539 -0.019205
v 0.004244 0.313050 -0.018215
v 0.008323 0.327745 -0.013353
v 0.005354 0.327392 -0.011909
v 0.010244 0.326679 0.028987
v 0.007155 0.326392 0.027802
v 0.014085 0.315026 0.034833
v 0.006588 0.311749 0.033454
v 0.010640 0.313196 0.034153
v 0.008645 0.289778 -0.023934
v 0.012166 0.294196 -0.023692
v 0.011824 0.302611 -0.023389
v 0.007974 0.299854 -0.023192
v 0.011435 0.288230 0.037575
v 0.014930 0.292662 0.037238
v 0.014581 0.301081 0.037390
v 0.010723 0.298328 0.037404
v 0.004021 0.283319 -0.025404
v 0.012833 0.284199 -0.022451
v 0.013440 0.266319 -0.016655
v 0.009983 0.279296 -0.022538
v 0.012932 0.274765 -0.020272
v 0.006815 0.275118 -0.023871
v 0.010819 0.270867 -0.019907
v 0.015459 0.282742 0.035441
v 0.015499 0.265176 0.028723
v 0.015339 0.273429 0.032791
v 0.012618 0.277834 0.035539
v 0.013193 0.269550 0.032423
v 0.009574 0.273587 0.036942
v 0.006948 0.281694 0.039131
v 0.002715 0.255432 -0.031260
v 0.006071 0.257619 -0.023930
v 0.010183 0.252007 -0.016640
v 0.014904 0.259228 -0.010637
v 0.014479 0.248261 -0.005511
v 0.016396 0.258400 0.022249
v 0.015484 0.247704 0.016638
v 0.008798 0.256106 0.036190
v 0.012221 0.250876 0.028284
v 0.006114 0.253545 0.043673
v 0.002837 0.222869 -0.049911
v 0.003134 0.226194 -0.046590
v 0.005442 0.238691 -0.030593
v 0.011713 0.236533 -0.017681
v 0.008422 0.241169 -0.023608
v 0.013804 0.235372 0.028404
v 0.011073 0.239698 0.034830
v 0.008731 0.236866 0.041923
v 0.007852 0.223576 0.057415
v 0.007849 0.220087 0.060579
v 0.002633 0.219663 -0.052707
v 0.004930 0.216244 -0.029830
v 0.003552 0.219493 -0.033518
v 0.013411 0.218891 -0.018717
v 0.009397 0.217861 -0.025663
v 0.015548 0.217705 0.028396
v 0.012177 0.216318 0.035616
v 0.008101 0.214484 0.040083
v 0.007070 0.217540 0.044039
v 0.007892 0.216745 0.063217
v 0.004673 0.192203 -0.033175
v 0.010433 0.193068 -0.028778
v 0.008093 0.190305 0.042226
v 0.013434 0.191403 0.037375
v 0.011035 0.173066 -0.030178
v 0.004844 0.172360 -0.034581
v 0.014114 0.171357 0.037709
v 0.008346 0.170416 0.042612
v 0.010308 0.154054 -0.031225
v 0.013442 0.152314 0.037861
v 0.007742 0.131246 -0.035366
v 0.006552 0.112631 -0.037504
v 0.012505 0.119257 -0.028931
v 0.015343 0.117681 0.033633
v 0.011210 0.129321 0.041066
v 0.010175 0.110620 0.042366
v 0.008897 0.092754 -0.031708
v 0.005245 0.094645 -0.038167
v 0.010962 0.105082 -0.031068
v 0.008441 0.104373 -0.022889
v 0.007394 0.096157 -0.024380
v 0.011883 0.110234 -0.015658
v 0.014649 0.108639 -0.009238
v 0.015766 0.107079 0.001981
v 0.015673 0.108071 0.013319
v 0.013502 0.109335 0.020035
v 0.010716 0.103111 0.027243
v 0.009789 0.094828 0.028409
v 0.011940 0.091065 0.035391
v 0.008892 0.092621 0.042240
v 0.013968 0.103414 0.035186
v 0.005018 0.089350 -0.038089
v 0.008475 0.087501 -0.031822
v 0.004944 0.082357 -0.037964
v 0.008295 0.080521 -0.032005
v 0.005851 0.084572 -0.025306
v 0.005745 0.077635 -0.025804
v 0.006104 0.089719 -0.024987
v 0.008309 0.083207 0.028888
v 0.008233 0.076254 0.029044
v 0.008544 0.088365 0.028806
v 0.008647 0.087335 0.041917
v 0.011519 0.085811 0.035278
v 0.011340 0.078831 0.035126
v 0.008547 0.080358 0.041449
v 0.013558 0.007303 -0.036871
v 0.014109 0.007299 -0.034782
v 0.013864 0.006841 -0.035844
v 0.014834 0.007559 -0.035284
v 0.014816 0.007350 -0.036043
v 0.014456 0.007562 -0.036717
v 0.012936 0.007252 -0.034306
v 0.012628 0.006775 -0.035548
v 0.012288 0.007256 -0.036761
v 0.010059 0.007086 -0.039839
v 0.010715 0.006678 -0.038956
v 0.011851 0.007509 -0.038747
v 0.011568 0.007272 -0.039465
v 0.010983 0.007434 -0.039991
v 0.008867 0.006927 -0.039312
v 0.009621 0.006508 -0.038263
v 0.011324 0.007196 -0.038025
v 0.010395 0.006098 -0.036441
v 0.010348 0.007071 -0.037202
v 0.007731 0.006709 -0.038430
v 0.008758 0.006356 -0.037688
v 0.008681 0.005389 -0.036885
v 0.007155 0.006455 -0.038132
v 0.012335 0.007298 -0.034193
v 0.011703 0.007324 -0.036547
v 0.011176 0.006452 -0.036283
v 0.011619 0.006563 -0.035270
v 0.008441 0.003822 -0.033195
v 0.010004 0.004363 -0.033253
v 0.012373 0.006247 -0.033313
v 0.011517 0.005508 -0.033293
v 0.010762 0.004857 -0.033275
v 0.011318 0.016899 -0.034979
v 0.013584 0.015002 -0.034475
v 0.013032 0.015006 -0.036565
v 0.013258 0.015810 -0.035489
v 0.013891 0.014029 -0.036430
v 0.014190 0.014246 -0.035731
v 0.014269 0.014026 -0.034997
v 0.013110 0.012710 -0.037112
v 0.014215 0.012226 -0.036703
v 0.014774 0.012088 -0.035913
v 0.014671 0.012223 -0.034974
v 0.013897 0.012704 -0.034128
v 0.012803 0.013099 -0.033566
v 0.012649 0.013242 -0.033548
v 0.012539 0.015692 -0.034013
v 0.012061 0.015774 -0.033922
v 0.012170 0.016636 -0.035207
v 0.011679 0.016701 -0.035041
v 0.011891 0.015697 -0.036468
v 0.011872 0.013106 -0.037095
v 0.009654 0.014839 -0.039430
v 0.010248 0.015705 -0.038482
v 0.008581 0.015436 -0.038964
v 0.010535 0.013934 -0.039579
v 0.011069 0.014201 -0.039012
v 0.011402 0.014009 -0.038335
v 0.008347 0.012798 -0.039539
v 0.009541 0.012510 -0.039963
v 0.010756 0.012134 -0.039934
v 0.011575 0.012070 -0.039364
v 0.011803 0.012224 -0.038433
v 0.010919 0.014948 -0.037616
v 0.011348 0.012666 -0.037372
v 0.009291 0.016449 -0.037858
v 0.011467 0.012618 -0.036884
v 0.010950 0.012826 -0.036925
v 0.011140 0.015698 -0.036169
v 0.010061 0.015518 -0.036807
v 0.010579 0.017009 -0.035862
v 0.004701 0.011603 -0.038954
v 0.004960 0.018394 -0.035891
v 0.007922 0.018008 -0.036468
v 0.008340 0.016245 -0.037204
v 0.006311 0.016791 -0.037292
v 0.007321 0.014978 -0.037853
v 0.007268 0.012543 -0.038621
v 0.006337 0.012201 -0.038925
v 0.010621 0.018142 -0.032934
v 0.008029 0.019656 -0.032778
v 0.005228 0.020433 -0.032632
v 0.012872 0.013275 -0.033158
v 0.011994 0.016509 -0.033037
v 0.012840 0.013079 -0.032756
v 0.012685 0.013222 -0.032752
v 0.012139 0.015730 -0.032200
v 0.013877 0.007126 -0.029827
v 0.014237 0.007228 -0.031956
v 0.014088 0.006716 -0.030900
v 0.015005 0.007464 -0.031508
v 0.014759 0.007394 -0.030049
v 0.015055 0.007217 -0.030763
v 0.013026 0.007202 -0.032326
v 0.012830 0.006662 -0.031086
v 0.012603 0.007082 -0.029825
v 0.010661 0.006752 -0.026570
v 0.011234 0.006391 -0.027528
v 0.012347 0.007233 -0.027797
v 0.011596 0.007094 -0.026485
v 0.012130 0.006960 -0.027070
v 0.009426 0.006617 -0.026994
v 0.010081 0.006253 -0.028127
v 0.011757 0.006956 -0.028483
v 0.010711 0.006870 -0.029220
v 0.010686 0.005936 -0.030030
v 0.009169 0.006128 -0.028629
v 0.008214 0.006441 -0.027780
v 0.009018 0.005202 -0.029468
v 0.007613 0.006201 -0.028037
v 0.012417 0.007253 -0.032381
v 0.012001 0.007158 -0.029981
v 0.011800 0.006463 -0.031282
v 0.011450 0.006300 -0.030240
v 0.011498 0.016800 -0.031025
v 0.013704 0.014935 -0.031826
v 0.013344 0.014833 -0.029698
v 0.013473 0.015691 -0.030748
v 0.014184 0.013866 -0.029959
v 0.014431 0.013936 -0.031418
v 0.014419 0.014118 -0.030670
v 0.013465 0.012512 -0.029276
v 0.014527 0.012052 -0.029807
v 0.015013 0.011956 -0.030651
v 0.014825 0.012137 -0.031569
v 0.013979 0.012659 -0.032315
v 0.012623 0.015645 -0.032157
v 0.012366 0.016527 -0.030888
v 0.011862 0.016599 -0.031006
v 0.012200 0.015525 -0.029656
v 0.012232 0.012906 -0.029161
v 0.010238 0.014515 -0.026551
v 0.010746 0.015428 -0.027504
v 0.009129 0.015132 -0.026888
v 0.011127 0.013605 -0.026528
v 0.011878 0.013745 -0.027840
v 0.011608 0.013902 -0.027127
v 0.008942 0.012468 -0.026427
v 0.010168 0.012162 -0.026128
v 0.011375 0.011790 -0.026285
v 0.012139 0.011757 -0.026929
v 0.012282 0.011958 -0.027868
v 0.011335 0.014718 -0.028464
v 0.011734 0.012452 -0.028860
v 0.009738 0.016201 -0.028001
v 0.011298 0.012633 -0.029261
v 0.011809 0.012429 -0.029359
v 0.011425 0.015540 -0.029886
v 0.010408 0.015326 -0.029162
v 0.010842 0.016863 -0.030074
v 0.005251 0.018232 -0.029467
v 0.005255 0.011296 -0.026739
v 0.008732 0.016028 -0.028576
v 0.008253 0.017824 -0.029181
v 0.007784 0.012257 -0.027255
v 0.007773 0.014727 -0.027901
v 0.006720 0.016564 -0.028277
v 0.006883 0.011898 -0.026885
v 0.016535 0.005651 0.028769
v 0.017087 0.005647 0.030859
v 0.016842 0.005188 0.029796
v 0.017812 0.005907 0.030356
v 0.017793 0.005697 0.029598
v 0.017434 0.005910 0.028924
v 0.015914 0.005599 0.031335
v 0.015606 0.005122 0.030092
v 0.015266 0.005604 0.028880
v 0.013036 0.005434 0.025802
v 0.013693 0.005026 0.026685
v 0.014828 0.005857 0.026893
v 0.014545 0.005620 0.026176
v 0.013961 0.005781 0.025650
v 0.011845 0.005275 0.026329
v 0.012599 0.004856 0.027378
v 0.014302 0.005543 0.027616
v 0.013373 0.004445 0.029200
v 0.013326 0.005419 0.028439
v 0.010709 0.005056 0.027211
v 0.011736 0.004704 0.027953
v 0.011659 0.003736 0.028756
v 0.010133 0.004803 0.027509
v 0.015313 0.005646 0.031448
v 0.014681 0.005671 0.029094
v 0.014153 0.004800 0.029358
v 0.014596 0.004910 0.030371
v 0.014296 0.015246 0.030662
v 0.016561 0.013349 0.031165
v 0.016010 0.013353 0.029076
v 0.016236 0.014158 0.030152
v 0.016869 0.012376 0.029211
v 0.017167 0.012593 0.029910
v 0.017246 0.012374 0.030644
v 0.016087 0.011057 0.028529
v 0.017192 0.010573 0.028938
v 0.017752 0.010436 0.029728
v 0.017648 0.010570 0.030667
v 0.016874 0.011052 0.031513
v 0.015516 0.014039 0.031628
v 0.015147 0.014984 0.030434
v 0.014657 0.015048 0.030600
v 0.014869 0.014044 0.029173
v 0.014850 0.011453 0.028546
v 0.012632 0.013186 0.026211
v 0.013226 0.014052 0.027159
v 0.011558 0.013783 0.026677
v 0.013512 0.012281 0.026062
v 0.014046 0.012549 0.026629
v 0.014380 0.012356 0.027306
v 0.011324 0.011146 0.026102
v 0.012518 0.010857 0.025678
v 0.013733 0.010481 0.025707
v 0.014552 0.010417 0.026277
v 0.014780 0.010572 0.027207
v 0.013897 0.013296 0.028025
v 0.014325 0.011014 0.028268
v 0.012268 0.014796 0.027783
v 0.014445 0.010966 0.028757
v 0.013928 0.011174 0.028716
v 0.014118 0.014046 0.029472
v 0.013039 0.013865 0.028834
v 0.013557 0.015356 0.029779
v 0.007678 0.009951 0.026687
v 0.007937 0.016741 0.029750
v 0.010900 0.016355 0.029173
v 0.011318 0.014592 0.028437
v 0.009289 0.015138 0.028349
v 0.010299 0.013325 0.027788
v 0.010246 0.010890 0.027020
v 0.009314 0.010549 0.026716
v 0.016855 0.005473 0.035814
v 0.017215 0.005575 0.033685
v 0.017066 0.005064 0.034741
v 0.017983 0.005812 0.034132
v 0.017736 0.005742 0.035592
v 0.018033 0.005564 0.034878
v 0.016003 0.005549 0.033315
v 0.015808 0.005010 0.034555
v 0.015581 0.005429 0.035816
v 0.013638 0.005100 0.039071
v 0.014211 0.004738 0.038113
v 0.015325 0.005581 0.037844
v 0.014573 0.005441 0.039156
v 0.015108 0.005308 0.038571
v 0.012403 0.004965 0.038647
v 0.013059 0.004601 0.037514
v 0.014734 0.005303 0.037158
v 0.013688 0.005218 0.036421
v 0.013664 0.004284 0.035611
v 0.012147 0.004476 0.037012
v 0.011192 0.004788 0.037861
v 0.011995 0.003550 0.036172
v 0.010591 0.004548 0.037604
v 0.015395 0.005600 0.033260
v 0.014979 0.005506 0.035660
v 0.014777 0.004810 0.034359
v 0.014427 0.004648 0.035401
v 0.011418 0.002169 0.032445
v 0.012982 0.002710 0.032388
v 0.015351 0.004594 0.032328
v 0.014494 0.003855 0.032348
v 0.013739 0.003204 0.032366
v 0.014475 0.015147 0.034616
v 0.016681 0.013283 0.033815
v 0.016322 0.013180 0.035943
v 0.016451 0.014038 0.034893
v 0.017162 0.012213 0.035682
v 0.017409 0.012283 0.034223
v 0.017397 0.012466 0.034971
v 0.016443 0.010860 0.036365
v 0.017505 0.010400 0.035833
v 0.017991 0.010303 0.034990
v 0.017803 0.010484 0.034072
v 0.016957 0.011006 0.033326
v 0.015818 0.011426 0.032885
v 0.015663 0.011569 0.032889
v 0.015600 0.013993 0.033483
v 0.015117 0.014078 0.033441
v 0.015343 0.014875 0.034753
v 0.014840 0.014947 0.034635
v 0.015178 0.013872 0.035984
v 0.015210 0.011253 0.036480
v 0.013216 0.012862 0.039090
v 0.013724 0.013776 0.038137
v 0.012106 0.013479 0.038753
v 0.014104 0.011953 0.039113
v 0.014856 0.012092 0.037801
v 0.014585 0.012249 0.038514
v 0.011919 0.010816 0.039214
v 0.013146 0.010509 0.039513
v 0.014352 0.010138 0.039356
v 0.015116 0.010104 0.038711
v 0.015260 0.010306 0.037773
v 0.014312 0.013065 0.037177
v 0.014712 0.010800 0.036781
v 0.012715 0.014548 0.037640
v 0.014275 0.010981 0.036380
v 0.014786 0.010776 0.036282
v 0.014403 0.013888 0.035755
v 0.013386 0.013673 0.036479
v 0.013819 0.015211 0.035567
v 0.008229 0.016579 0.036173
v 0.008232 0.009643 0.038902
v 0.011709 0.014375 0.037065
v 0.011230 0.016172 0.036460
v 0.010762 0.010604 0.038385
v 0.010750 0.013075 0.037739
v 0.009698 0.014911 0.037364
v 0.009861 0.010246 0.038756
v 0.013599 0.016490 0.032707
v 0.008206 0.018780 0.033009
v 0.011006 0.018003 0.032863
v 0.014972 0.014856 0.032604
v 0.015850 0.011623 0.032482
v 0.015781 0.011447 0.032075
v 0.015627 0.011589 0.032093
v 0.015039 0.014121 0.031719
v 0.014318 0.349819 -0.012584
v 0.014915 0.347663 -0.007383
v 0.015562 0.348502 -0.007421
v 0.015712 0.346340 -0.008403
v 0.021798 0.334304 -0.007801
v 0.018977 0.338397 -0.003106
v 0.022445 0.336867 -0.003229
v 0.018498 0.335422 -0.007809
v 0.015902 0.335881 -0.007854
v 0.025897 0.333703 -0.003393
v 0.026462 0.334754 0.001717
v 0.022953 0.338996 0.002007
v 0.019380 0.340793 0.002133
v 0.014996 0.341767 0.002244
v 0.026858 0.333170 0.017789
v 0.023450 0.338721 0.012950
v 0.026960 0.334477 0.012708
v 0.019884 0.340513 0.013239
v 0.015510 0.341481 0.013574
v 0.023284 0.339699 0.007496
v 0.019689 0.341517 0.007705
v 0.015238 0.342563 0.007933
v 0.016194 0.348778 0.028788
v 0.016314 0.346887 0.023452
v 0.016963 0.347724 0.023475
v 0.017197 0.345516 0.024328
v 0.023176 0.333539 0.022575
v 0.019951 0.337856 0.018365
v 0.023412 0.336331 0.018098
v 0.019893 0.334648 0.022937
v 0.017313 0.335098 0.023240
v 0.021053 0.324870 -0.014936
v 0.017992 0.324232 -0.015658
v 0.014714 0.323463 -0.016271
v 0.024286 0.313227 -0.015653
v 0.023390 0.319321 -0.015197
v 0.021166 0.318265 -0.016987
v 0.021925 0.311209 -0.018346
v 0.018138 0.317719 -0.018401
v 0.014886 0.317025 -0.019260
v 0.024963 0.331975 -0.007611
v 0.021265 0.330633 -0.011374
v 0.018113 0.330922 -0.011835
v 0.025784 0.314628 -0.013548
v 0.023893 0.329047 -0.011256
v 0.023204 0.325110 -0.013711
v 0.025111 0.326425 -0.011844
v 0.024941 0.320334 -0.013602
v 0.014609 0.331085 -0.012054
v 0.026305 0.331230 0.021982
v 0.022960 0.329692 0.025993
v 0.019863 0.329951 0.026751
v 0.027620 0.313608 0.026942
v 0.025563 0.328120 0.025558
v 0.026823 0.325475 0.025900
v 0.025090 0.324063 0.027864
v 0.026799 0.319303 0.027359
v 0.016393 0.330094 0.027294
v 0.023058 0.323757 0.029265
v 0.020074 0.323077 0.030228
v 0.016863 0.322270 0.031096
v 0.026316 0.312100 0.029101
v 0.025397 0.318207 0.029034
v 0.023342 0.317057 0.030964
v 0.024204 0.309944 0.031892
v 0.020453 0.316434 0.032617
v 0.017290 0.315691 0.033730
v 0.015559 0.296277 -0.023549
v 0.018740 0.297058 -0.022430
v 0.026180 0.291720 -0.016760
v 0.022761 0.289664 -0.020111
v 0.025204 0.299174 -0.017129
v 0.022116 0.297914 -0.020435
v 0.025980 0.306618 -0.015042
v 0.023937 0.305683 -0.017349
v 0.021654 0.305033 -0.019742
v 0.018473 0.304718 -0.021815
v 0.015264 0.304153 -0.022971
v 0.018301 0.294755 0.036893
v 0.021369 0.295599 0.035531
v 0.025147 0.288339 0.032490
v 0.028254 0.290569 0.028951
v 0.024553 0.296561 0.033285
v 0.027332 0.297993 0.029780
v 0.027933 0.305534 0.028008
v 0.026105 0.304480 0.030441
v 0.024046 0.303705 0.032995
v 0.021065 0.303280 0.035329
v 0.017973 0.302650 0.036741
v 0.017396 0.268917 -0.017036
v 0.016586 0.277464 -0.020959
v 0.015987 0.287020 -0.022952
v 0.020757 0.270319 -0.017254
v 0.019827 0.279083 -0.020689
v 0.019156 0.288330 -0.022292
v 0.023629 0.280798 -0.018423
v 0.024677 0.272356 -0.014439
v 0.026503 0.271343 0.025805
v 0.019479 0.267762 0.028875
v 0.019046 0.276099 0.033279
v 0.018652 0.285541 0.035796
v 0.022849 0.269158 0.028858
v 0.022254 0.277737 0.032799
v 0.021751 0.286890 0.034919
v 0.025838 0.279572 0.030287
v 0.019047 0.259079 -0.005055
v 0.018268 0.262929 -0.011317
v 0.021715 0.264158 -0.011264
v 0.025355 0.266349 -0.009830
v 0.016512 0.256090 -0.005038
v 0.022444 0.260358 -0.005073
v 0.025712 0.262626 -0.004696
v 0.019540 0.257307 0.000177
v 0.022873 0.258591 0.000005
v 0.025955 0.260701 -0.000021
v 0.017068 0.254003 0.000270
v 0.023404 0.259825 0.016089
v 0.026630 0.262117 0.015533
v 0.020030 0.257035 0.010977
v 0.023368 0.258316 0.010911
v 0.026444 0.260429 0.010764
v 0.017552 0.253735 0.010943
v 0.019864 0.256667 0.005561
v 0.023182 0.257905 0.005442
v 0.026201 0.259901 0.005355
v 0.017750 0.253658 0.005581
v 0.016168 0.246693 0.005477
v 0.020016 0.258540 0.016315
v 0.019816 0.262070 0.022807
v 0.023247 0.263308 0.022504
v 0.026748 0.265576 0.020858
v 0.017483 0.255551 0.016377
v 0.015806 0.233635 -0.006410
v 0.017588 0.232848 0.005064
v 0.016854 0.233054 0.016678
v 0.017556 0.219427 -0.007386
v 0.019316 0.219305 0.004645
v 0.018652 0.218819 0.016777
v 0.015993 0.194941 -0.020238
v 0.019991 0.195300 -0.009089
v 0.021861 0.195562 0.003932
v 0.021177 0.194642 0.017039
v 0.018202 0.193715 0.028472
v 0.017483 0.173380 -0.021134
v 0.021384 0.173433 -0.009544
v 0.023190 0.173192 0.003308
v 0.022555 0.172783 0.016267
v 0.019718 0.172139 0.028145
v 0.017354 0.153311 -0.021185
v 0.021047 0.152841 -0.010276
v 0.022728 0.152645 0.002812
v 0.022238 0.152180 0.015992
v 0.019548 0.152093 0.027200
v 0.015981 0.134840 -0.021183
v 0.019223 0.130760 -0.010295
v 0.020715 0.129923 0.002331
v 0.020374 0.130121 0.015067
v 0.018139 0.133642 0.026395
v 0.026931 0.335381 0.007222
v 0.026682 0.321562 -0.008741
v 0.027677 0.313158 -0.009227
v 0.027324 0.323202 -0.006768
v 0.026519 0.319237 -0.010224
v 0.027051 0.315977 -0.010075
v 0.028049 0.323567 -0.004634
v 0.026587 0.329172 -0.007556
v 0.027688 0.330259 -0.003664
v 0.026806 0.320394 -0.010852
v 0.026218 0.321074 -0.011625
v 0.026959 0.323345 -0.009144
v 0.026398 0.324620 -0.010019
v 0.028337 0.325818 -0.004426
v 0.027600 0.325394 -0.006875
v 0.027307 0.326694 -0.007166
v 0.028180 0.327102 -0.004205
v 0.027370 0.316214 -0.010689
v 0.028027 0.312593 -0.009726
v 0.026943 0.315983 -0.011698
v 0.029451 0.312775 -0.002682
v 0.029710 0.315107 -0.001245
v 0.029444 0.318501 -0.001447
v 0.028743 0.322148 -0.002729
v 0.030098 0.314972 -0.000566
v 0.029851 0.312019 -0.002223
v 0.029800 0.319300 -0.000788
v 0.029058 0.323976 -0.002246
v 0.029046 0.325410 -0.001182
v 0.029966 0.320040 0.000358
v 0.031551 0.311642 0.001293
v 0.030566 0.314231 0.000774
v 0.028748 0.328802 0.001112
v 0.030005 0.323396 0.002569
v 0.032003 0.314192 0.003456
v 0.030973 0.317441 0.003140
v 0.030418 0.314714 0.014374
v 0.030286 0.312312 0.015710
v 0.029606 0.321669 0.016291
v 0.030179 0.318093 0.014770
v 0.030744 0.314613 0.013657
v 0.030640 0.311581 0.015179
v 0.029775 0.325005 0.014889
v 0.029880 0.323520 0.015874
v 0.030477 0.318925 0.014122
v 0.030539 0.319722 0.013004
v 0.031086 0.313942 0.012244
v 0.032015 0.311385 0.011509
v 0.029278 0.328508 0.012804
v 0.030386 0.323185 0.010970
v 0.031285 0.317268 0.010015
v 0.032275 0.314041 0.009444
v 0.029007 0.330087 0.006995
v 0.033374 0.312572 0.006356
v 0.030218 0.324911 0.006809
v 0.031234 0.319060 0.006616
v 0.032269 0.315485 0.006479
v 0.028096 0.320778 0.022428
v 0.029111 0.312362 0.022399
v 0.028560 0.322516 0.020490
v 0.028572 0.315133 0.023441
v 0.028062 0.318381 0.023801
v 0.029090 0.322989 0.018320
v 0.027912 0.328437 0.021640
v 0.028658 0.329721 0.017724
v 0.028408 0.319505 0.024457
v 0.027894 0.320144 0.025313
v 0.027935 0.323767 0.023878
v 0.028412 0.322539 0.022893
v 0.028587 0.325983 0.021062
v 0.028850 0.324700 0.020682
v 0.029363 0.325248 0.018200
v 0.029190 0.326541 0.018059
v 0.029504 0.311773 0.022835
v 0.028945 0.315340 0.024035
v 0.028610 0.315058 0.025066
v 0.028384 0.310833 -0.007232
v 0.028998 0.311221 -0.004695
v 0.028682 0.302486 -0.011563
v 0.027273 0.300384 -0.014279
v 0.031585 0.295574 -0.009019
v 0.030254 0.295742 -0.008821
v 0.031986 0.300858 -0.007392
v 0.030593 0.289946 -0.008720
v 0.033496 0.300960 -0.007324
v 0.033223 0.295657 -0.008828
v 0.030657 0.301651 -0.006970
v 0.029584 0.304965 -0.008586
v 0.028093 0.293775 -0.013825
v 0.029030 0.296081 -0.010638
v 0.035066 0.291108 -0.007973
v 0.034819 0.295398 -0.008129
v 0.034899 0.299422 -0.007167
v 0.035910 0.296431 -0.006717
v 0.036436 0.291852 -0.006174
v 0.029397 0.310065 -0.004535
v 0.029550 0.308232 -0.004297
v 0.028770 0.309600 -0.007445
v 0.028878 0.307829 -0.007761
v 0.027885 0.310988 -0.010420
v 0.027565 0.307422 -0.011879
v 0.037421 0.302915 0.002519
v 0.037481 0.305295 0.002396
v 0.036865 0.305597 0.002270
v 0.035011 0.303472 -0.002848
v 0.033490 0.303682 -0.002782
v 0.036691 0.302729 0.001753
v 0.034734 0.307039 0.002030
v 0.034190 0.304430 0.000546
v 0.032706 0.309793 0.001758
v 0.032140 0.306656 -0.000343
v 0.031664 0.304820 -0.003377
v 0.030354 0.306857 -0.004046
v 0.030761 0.308912 -0.001005
v 0.037566 0.301150 -0.000038
v 0.036314 0.301361 -0.003314
v 0.037254 0.297623 -0.003474
v 0.037606 0.292171 -0.003448
v 0.038376 0.291206 0.001858
v 0.038720 0.294517 0.002524
v 0.038446 0.293381 -0.000861
v 0.038159 0.297982 -0.000594
v 0.038640 0.297538 0.002079
v 0.030151 0.310333 -0.001374
v 0.037843 0.294609 0.004536
v 0.037602 0.299960 0.004305
v 0.038447 0.305503 0.004030
v 0.037901 0.307007 0.003700
v 0.038192 0.301045 0.004560
v 0.038476 0.302919 0.004422
v 0.037301 0.307732 0.003708
v 0.037788 0.298989 0.004968
v 0.035130 0.308996 0.003771
v 0.033112 0.311769 0.003792
v 0.037588 0.293901 0.005060
v 0.037806 0.305115 0.009557
v 0.037729 0.302744 0.009321
v 0.037204 0.305408 0.009753
v 0.034296 0.303235 0.014987
v 0.035816 0.303025 0.014904
v 0.037071 0.302518 0.010139
v 0.034694 0.304151 0.011651
v 0.035107 0.306832 0.010257
v 0.033118 0.309564 0.010849
v 0.032738 0.306325 0.012833
v 0.032534 0.304337 0.015801
v 0.031294 0.306335 0.016688
v 0.031429 0.308541 0.013729
v 0.038101 0.300853 0.011762
v 0.037151 0.300896 0.015144
v 0.038429 0.291714 0.014699
v 0.038094 0.297157 0.015030
v 0.038713 0.291018 0.009303
v 0.038735 0.297662 0.012102
v 0.039034 0.293054 0.012111
v 0.039004 0.294360 0.008776
v 0.038971 0.297354 0.009377
v 0.030858 0.309941 0.014223
v 0.037742 0.299882 0.007379
v 0.037948 0.294551 0.006859
v 0.038110 0.306891 0.008307
v 0.038621 0.305407 0.007854
v 0.038309 0.300980 0.007127
v 0.038608 0.302846 0.007332
v 0.037513 0.307614 0.008390
v 0.037864 0.298947 0.006655
v 0.035348 0.308875 0.008588
v 0.033343 0.311641 0.008889
v 0.037645 0.293869 0.006325
v 0.038221 0.307563 0.006010
v 0.038795 0.305681 0.005936
v 0.038763 0.302838 0.005866
v 0.038351 0.300636 0.005829
v 0.037518 0.308362 0.006062
v 0.037759 0.298719 0.005808
v 0.035386 0.309700 0.006192
v 0.030012 0.310658 0.017675
v 0.029630 0.310141 0.020234
v 0.030300 0.301588 0.024096
v 0.029137 0.299349 0.026819
v 0.031602 0.294994 0.020888
v 0.032945 0.294819 0.020955
v 0.033209 0.300179 0.019566
v 0.031917 0.289212 0.020465
v 0.034707 0.300288 0.019368
v 0.034559 0.294915 0.020622
v 0.031849 0.300990 0.019307
v 0.030934 0.304216 0.021178
v 0.029898 0.292773 0.025961
v 0.030547 0.295238 0.022823
v 0.036084 0.294696 0.019769
v 0.036307 0.290420 0.019376
v 0.036087 0.298763 0.019007
v 0.037046 0.295801 0.018318
v 0.037510 0.291256 0.017500
v 0.030393 0.309512 0.017422
v 0.030520 0.307694 0.017079
v 0.030163 0.307116 0.020565
v 0.030031 0.308901 0.020349
v 0.029422 0.310135 0.023458
v 0.029227 0.306500 0.024759
v 0.031634 0.289795 -0.009079
v 0.031299 0.284969 -0.007471
v 0.033305 0.290297 -0.008934
v 0.033606 0.286715 -0.007779
v 0.034221 0.284969 -0.005862
v 0.031138 0.279409 -0.006212
v 0.030484 0.283117 -0.008277
v 0.029787 0.289057 -0.010101
v 0.030314 0.275281 -0.006986
v 0.028354 0.270475 -0.008100
v 0.035120 0.287688 -0.007274
v 0.035728 0.287156 -0.005893
v 0.032284 0.285809 -0.007757
v 0.031877 0.281752 -0.005630
v 0.032775 0.283411 -0.005701
v 0.033575 0.284147 -0.005676
v 0.029683 0.280187 -0.009609
v 0.027902 0.276082 -0.011132
v 0.027070 0.283828 -0.014995
v 0.028844 0.286855 -0.012399
v 0.037362 0.289622 0.003577
v 0.031793 0.275343 -0.002997
v 0.032174 0.273063 -0.000757
v 0.030703 0.271266 -0.003379
v 0.036709 0.286845 -0.003239
v 0.037591 0.288165 -0.000874
v 0.035369 0.284488 -0.002666
v 0.036252 0.285115 0.000779
v 0.032467 0.278473 -0.002646
v 0.033529 0.281036 -0.002474
v 0.034136 0.282412 -0.002220
v 0.034909 0.281607 -0.000499
v 0.033144 0.276144 -0.000964
v 0.034312 0.279164 -0.000691
v 0.034603 0.283191 -0.002186
v 0.034874 0.283650 -0.002356
v 0.035514 0.283696 0.001010
v 0.035413 0.282921 0.001215
v 0.035516 0.281989 0.002813
v 0.035519 0.279922 0.001876
v 0.032580 0.271550 0.001299
v 0.031071 0.268940 0.000048
v 0.035080 0.276421 0.001521
v 0.033839 0.273602 0.001645
v 0.037544 0.289520 0.007606
v 0.032561 0.274917 0.013932
v 0.032732 0.272753 0.011554
v 0.031501 0.270823 0.014205
v 0.037505 0.286403 0.014305
v 0.038172 0.287842 0.011938
v 0.036113 0.284075 0.013738
v 0.036682 0.284876 0.010263
v 0.034256 0.280633 0.013540
v 0.033208 0.278062 0.013679
v 0.034840 0.282021 0.013302
v 0.035452 0.281305 0.011479
v 0.034870 0.278855 0.011602
v 0.033724 0.275822 0.011827
v 0.035924 0.283468 0.010029
v 0.035590 0.283253 0.013432
v 0.035304 0.282802 0.013265
v 0.035802 0.282705 0.009795
v 0.035758 0.281854 0.008150
v 0.035841 0.279744 0.008977
v 0.032948 0.271346 0.009397
v 0.031552 0.268674 0.010646
v 0.035428 0.276228 0.009194
v 0.034175 0.273416 0.009042
v 0.035813 0.281519 0.005463
v 0.035953 0.279306 0.005401
v 0.032782 0.270245 0.005317
v 0.035619 0.275904 0.005331
v 0.034241 0.272895 0.005317
v 0.032985 0.289045 0.020721
v 0.032496 0.284305 0.018909
v 0.034638 0.289557 0.020450
v 0.034825 0.286038 0.019094
v 0.035261 0.284393 0.017045
v 0.032209 0.278814 0.017393
v 0.031753 0.282413 0.019692
v 0.031237 0.288252 0.021867
v 0.031448 0.274651 0.018029
v 0.029587 0.269790 0.019074
v 0.036289 0.287040 0.018504
v 0.036769 0.286578 0.017049
v 0.033504 0.285132 0.019147
v 0.032897 0.281186 0.016865
v 0.034598 0.283579 0.016876
v 0.033802 0.282841 0.016937
v 0.028962 0.282777 0.026718
v 0.029423 0.275238 0.022412
v 0.031069 0.279418 0.020942
v 0.030501 0.285936 0.024128
v 0.028665 0.266679 -0.004054
v 0.028936 0.264543 0.000099
v 0.029521 0.266203 0.014831
v 0.029411 0.264279 0.010568
v 0.029141 0.263523 0.005313
v 0.031058 0.267166 0.005317
v -0.017564 0.274192 -0.011543
v -0.019122 0.276633 -0.002300
v -0.015823 0.273226 0.026840
v -0.018205 0.276124 0.017910
v -0.015016 0.270780 -0.018806
v -0.012636 0.269459 0.033661
v -0.018821 0.243272 -0.020801
v -0.021617 0.246340 -0.012987
v -0.023456 0.248170 -0.003594
v -0.019792 0.245327 0.027243
v -0.022469 0.247622 0.018159
v -0.016307 0.241877 0.034609
v -0.020195 0.214695 -0.022384
v -0.023993 0.216465 -0.014513
v -0.026202 0.218131 -0.005108
v -0.022088 0.215408 0.027476
v -0.025135 0.217539 0.018405
v -0.017597 0.213253 0.034872
v -0.025499 0.188098 -0.016099
v -0.028153 0.187706 -0.006347
v -0.027035 0.187086 0.018287
v -0.023510 0.186994 0.027766
v -0.015150 0.189388 -0.030902
v -0.021181 0.188748 -0.024063
v -0.011861 0.187562 0.041617
v -0.018487 0.187253 0.035328
v -0.025852 0.166564 -0.017197
v -0.021624 0.167360 -0.025383
v -0.015329 0.169189 -0.031923
v -0.014884 0.154546 -0.032905
v -0.028547 0.165968 -0.006533
v -0.027461 0.165365 0.017415
v -0.023811 0.165431 0.027808
v -0.018857 0.165825 0.035608
v -0.011993 0.167337 0.041635
v -0.011493 0.152664 0.041836
v -0.025358 0.144795 -0.017476
v -0.021219 0.146799 -0.025194
v -0.028032 0.144292 -0.006835
v -0.026970 0.143702 0.016580
v -0.023343 0.143677 0.026948
v -0.018518 0.145300 0.034350
v -0.016156 0.112764 -0.028814
v -0.019915 0.123040 -0.021861
v -0.026322 0.124313 -0.010430
v -0.021478 0.107244 -0.011570
v -0.023894 0.122297 -0.015660
v -0.024987 0.123572 0.018998
v -0.022100 0.121302 0.023879
v -0.020098 0.106478 0.018837
v -0.013225 0.111137 0.035784
v -0.017575 0.121741 0.029724
v -0.014860 0.100492 -0.030327
v -0.022221 0.104393 -0.004928
v -0.015096 0.094159 -0.005533
v -0.014921 0.097696 -0.013465
v -0.021446 0.103963 0.012154
v -0.014319 0.093727 0.011597
v -0.013418 0.096862 0.019649
v -0.011826 0.098808 0.036555
v -0.000857 0.322622 -0.010073
v -0.006193 0.314721 -0.008378
v -0.001020 0.325119 -0.006839
v -0.007200 0.317096 -0.000523
v -0.001218 0.327924 0.000118
v 0.000792 0.321706 0.026297
v -0.004692 0.313888 0.024698
v 0.000344 0.324362 0.023221
v -0.006401 0.316653 0.017095
v -0.000477 0.327513 0.016460
v -0.007350 0.317766 0.008334
v -0.001402 0.328876 0.008343
v -0.004127 0.311375 -0.014412
v -0.002097 0.310248 0.030345
v -0.006588 0.253406 -0.033615
v -0.011002 0.265846 -0.025610
v -0.008241 0.260656 -0.029193
v -0.002942 0.251382 0.046756
v -0.008034 0.264199 0.039818
v -0.004972 0.258842 0.042872
v -0.006139 0.235404 -0.048844
v -0.008880 0.232624 -0.033925
v -0.011270 0.236412 -0.029735
v -0.013778 0.238041 -0.027132
v -0.005244 0.230606 0.046228
v -0.010724 0.236346 0.040187
v -0.007995 0.234594 0.042467
v -0.001158 0.232639 0.060959
v -0.008466 0.217944 -0.052247
v -0.008480 0.221117 -0.049442
v -0.006225 0.226757 -0.056115
v -0.006165 0.231076 -0.052517
v -0.008542 0.224386 -0.046106
v -0.007140 0.214536 -0.043676
v -0.007079 0.216889 -0.035240
v -0.008184 0.213633 -0.032672
v -0.014370 0.213031 -0.029295
v -0.003367 0.214829 0.046583
v -0.004708 0.211704 0.043965
v -0.011175 0.211258 0.041136
v -0.003207 0.215026 0.063677
v -0.003468 0.218335 0.061048
v -0.000606 0.223639 0.067764
v -0.000861 0.228133 0.064396
v -0.003824 0.221768 0.057899
v -0.002670 0.212055 0.054861
v -0.007145 0.194884 -0.068481
v -0.005627 0.196556 -0.072617
v -0.005639 0.199775 -0.070862
v -0.007087 0.212263 -0.046161
v -0.007088 0.209864 -0.048606
v -0.002183 0.207142 0.059525
v -0.002398 0.209661 0.057213
v -0.000475 0.191182 0.078546
v 0.001415 0.192648 0.082607
v 0.001251 0.195951 0.081024
v -0.005720 0.173993 -0.078116
v -0.004482 0.173643 -0.078530
v -0.005096 0.173515 -0.078209
v -0.004785 0.172803 -0.079161
v -0.005634 0.173043 -0.078878
v -0.004205 0.175158 -0.077620
v -0.004925 0.175070 -0.077247
v -0.005660 0.175571 -0.077134
v -0.007484 0.177758 -0.075392
v -0.006945 0.176850 -0.075769
v -0.006845 0.175938 -0.076881
v -0.007262 0.176040 -0.076597
v -0.007582 0.176777 -0.076200
v -0.007174 0.179243 -0.074435
v -0.006535 0.178233 -0.074883
v -0.006410 0.176535 -0.076384
v -0.005441 0.177329 -0.075346
v -0.005924 0.177817 -0.075602
v -0.006650 0.180681 -0.073502
v -0.006194 0.179318 -0.074178
v -0.005688 0.178995 -0.073829
v -0.006468 0.181305 -0.072987
v -0.004143 0.175954 -0.077176
v -0.005539 0.176374 -0.076708
v -0.005355 0.176581 -0.076046
v -0.004758 0.176256 -0.076414
v -0.004939 0.182552 -0.079263
v -0.004566 0.178726 -0.080423
v -0.005804 0.179077 -0.080009
v -0.005194 0.179427 -0.080418
v -0.005687 0.177471 -0.080372
v -0.005279 0.177335 -0.080663
v -0.004838 0.177231 -0.080656
v -0.006049 0.177587 -0.079385
v -0.005785 0.175998 -0.080083
v -0.005310 0.175349 -0.080466
v -0.004760 0.175708 -0.080425
v -0.004281 0.177086 -0.079976
v -0.003967 0.178768 -0.079259
v -0.003962 0.179044 -0.079184
v -0.004321 0.180499 -0.079831
v -0.004272 0.181157 -0.079491
v -0.005061 0.181302 -0.079834
v -0.004967 0.181979 -0.079479
v -0.005775 0.180911 -0.079345
v -0.006058 0.179360 -0.078560
v -0.007508 0.182737 -0.077392
v -0.006974 0.182640 -0.078100
v -0.007258 0.184493 -0.076750
v -0.007561 0.181098 -0.077794
v -0.007232 0.180675 -0.078279
v -0.006824 0.180259 -0.078474
v -0.007510 0.183192 -0.075788
v -0.007745 0.181468 -0.076613
v -0.007709 0.179741 -0.077427
v -0.007366 0.178774 -0.078030
v -0.006820 0.178729 -0.078248
v -0.006434 0.181513 -0.078384
v -0.006210 0.179721 -0.078030
v -0.006636 0.184361 -0.077590
v -0.005919 0.179624 -0.078106
v -0.005953 0.180381 -0.077774
v -0.005602 0.181899 -0.078772
v -0.005979 0.183040 -0.077898
v -0.005469 0.183395 -0.078734
v -0.007141 0.187163 -0.072652
v -0.005560 0.191197 -0.074864
v -0.005874 0.187183 -0.077008
v -0.006247 0.185539 -0.076804
v -0.006327 0.188369 -0.075420
v -0.006592 0.185986 -0.075651
v -0.006963 0.184543 -0.074888
v -0.007137 0.185464 -0.074077
v -0.007090 0.191937 -0.070370
v -0.008327 0.189647 -0.034462
v -0.004743 0.187657 0.044554
v 0.001767 0.169838 0.086952
v 0.003037 0.169469 0.087233
v 0.002396 0.169357 0.086964
v 0.002791 0.168598 0.087847
v 0.001921 0.168851 0.087654
v 0.003234 0.171029 0.086380
v 0.002483 0.170958 0.086069
v 0.001743 0.171462 0.086049
v -0.000227 0.173731 0.084591
v 0.000342 0.172806 0.084871
v 0.000540 0.171839 0.085923
v -0.000253 0.172709 0.085355
v 0.000099 0.171954 0.085683
v -0.000001 0.175262 0.083686
v 0.000673 0.174232 0.084022
v 0.000930 0.172461 0.085419
v 0.001346 0.173782 0.084661
v 0.001803 0.173309 0.084338
v 0.000951 0.175352 0.083345
v 0.000439 0.176746 0.082783
v 0.001424 0.175048 0.082936
v 0.000575 0.177396 0.082285
v 0.003258 0.171846 0.085972
v 0.001827 0.172287 0.085654
v 0.002577 0.172185 0.085285
v 0.001950 0.172527 0.084989
v 0.002669 0.178330 0.088451
v 0.003137 0.174451 0.089379
v 0.001867 0.174820 0.089097
v 0.002512 0.175150 0.089467
v 0.002013 0.173198 0.089367
v 0.002884 0.172945 0.089561
v 0.002445 0.173048 0.089613
v 0.001563 0.173362 0.088425
v 0.001886 0.171741 0.089014
v 0.002391 0.171075 0.089320
v 0.002936 0.171436 0.089247
v 0.003376 0.172836 0.088827
v 0.003628 0.174552 0.088170
v 0.003626 0.174833 0.088109
v 0.003331 0.176252 0.088857
v 0.003350 0.176926 0.088548
v 0.002596 0.177053 0.088968
v 0.002659 0.177746 0.088640
v 0.001839 0.176685 0.088526
v 0.001483 0.175174 0.087694
v -0.000059 0.178602 0.086832
v 0.000537 0.178472 0.087484
v 0.000136 0.180389 0.086260
v -0.000079 0.176945 0.087154
v 0.000715 0.176075 0.087723
v 0.000292 0.176499 0.087586
v -0.000204 0.179138 0.085260
v -0.000367 0.177374 0.086015
v -0.000262 0.175608 0.086735
v 0.000132 0.174613 0.087256
v 0.000695 0.174558 0.087420
v 0.001099 0.177333 0.087661
v 0.001285 0.175561 0.087198
v 0.000832 0.180217 0.087032
v 0.001519 0.176234 0.086953
v 0.001582 0.175461 0.087242
v 0.001962 0.177700 0.087991
v 0.001511 0.178883 0.087213
v 0.002096 0.179197 0.088016
v 0.001672 0.187183 0.084566
v -0.000112 0.183262 0.082307
v 0.001151 0.181433 0.086274
v 0.001545 0.183066 0.086526
v 0.000261 0.180534 0.084383
v 0.000703 0.181937 0.085181
v 0.000952 0.184329 0.085047
v 0.000018 0.181493 0.083638
v -0.000257 0.188145 0.080273
v -0.005226 0.172583 -0.079087
v -0.008395 0.170429 -0.036198
v -0.004697 0.168376 0.045322
v 0.002344 0.168381 0.087802
v -0.012549 0.130978 -0.036850
v -0.008865 0.128933 0.044365
v -0.011557 0.111960 -0.038522
v -0.007769 0.109857 0.044983
v -0.010362 0.092073 -0.037977
v -0.013353 0.088698 -0.030801
v -0.011572 0.095450 -0.020299
v -0.010484 0.090651 -0.022182
v -0.006674 0.090026 0.043334
v -0.010309 0.087009 0.036298
v -0.009470 0.094283 0.026030
v -0.008227 0.089399 0.027564
v -0.009065 0.081495 -0.024346
v -0.010029 0.086855 -0.037830
v -0.012853 0.083620 -0.030952
v -0.009832 0.079893 -0.037651
v -0.012592 0.076718 -0.031153
v -0.008909 0.074626 -0.024920
v -0.009360 0.086496 -0.023913
v -0.006639 0.080149 0.029128
v -0.006368 0.084822 0.042896
v -0.009809 0.081931 0.036148
v -0.006203 0.077879 0.042351
v -0.009547 0.075028 0.035978
v -0.006448 0.073260 0.029339
v -0.006961 0.085165 0.028975
v -0.007570 0.048630 -0.036790
v -0.009305 0.048259 -0.031356
v -0.007045 0.048350 -0.026091
v -0.004100 0.046703 0.039719
v -0.006320 0.046602 0.034453
v -0.004545 0.046963 0.029017
v -0.007176 0.042571 -0.036599
v -0.007120 0.036562 -0.036588
v -0.008831 0.042122 -0.031448
v -0.008530 0.036121 -0.031612
v -0.006716 0.042316 -0.026451
v -0.006674 0.036315 -0.026769
v -0.003738 0.040663 0.039190
v -0.003697 0.034662 0.038872
v -0.005854 0.040469 0.034193
v -0.005553 0.034468 0.034028
v -0.004199 0.040919 0.029042
v -0.004142 0.034909 0.029053
v -0.082356 0.124769 0.001449
v -0.086376 0.121050 0.003333
v -0.074722 0.126453 0.000855
v -0.067087 0.128137 0.000260
v -0.059453 0.129821 -0.000335
v -0.051819 0.131505 -0.000929
v -0.044185 0.133188 -0.001524
v -0.036551 0.134872 -0.002119
v -0.031915 0.135951 -0.002511
v -0.059207 0.134074 0.006061
v -0.066853 0.132194 0.006361
v -0.074498 0.130314 0.006660
v -0.086234 0.123502 0.007021
v -0.082144 0.128434 0.006960
v -0.032214 0.140790 0.005006
v -0.036271 0.139715 0.005163
v -0.043916 0.137835 0.005462
v -0.051561 0.135954 0.005762
v -0.081865 0.124497 0.012275
v -0.086047 0.120867 0.010579
v -0.074204 0.126166 0.012261
v -0.066544 0.127835 0.012246
v -0.058883 0.129504 0.012231
v -0.051223 0.131174 0.012217
v -0.043562 0.132843 0.012202
v -0.035902 0.134512 0.012187
v -0.031247 0.135580 0.012212
v -0.082194 0.106417 0.000980
v -0.086268 0.108768 0.003019
v -0.074552 0.107118 0.000360
v -0.066909 0.107819 -0.000260
v -0.059266 0.108519 -0.000879
v -0.051623 0.109220 -0.001499
v -0.043981 0.109921 -0.002119
v -0.036338 0.110621 -0.002739
v -0.029606 0.111185 -0.003319
v -0.081703 0.106145 0.011806
v -0.085940 0.108586 0.010264
v -0.074034 0.106831 0.011766
v -0.066365 0.107517 0.011726
v -0.058696 0.108203 0.011687
v -0.051027 0.108889 0.011647
v -0.043358 0.109575 0.011607
v -0.035689 0.110261 0.011567
v -0.028931 0.110810 0.011563
v -0.059478 0.119236 -0.003209
v -0.067111 0.118040 -0.002482
v -0.074744 0.116845 -0.001755
v -0.086390 0.114947 0.001676
v -0.082377 0.115650 -0.001027
v -0.058672 0.118788 0.014561
v -0.066342 0.117613 0.014469
v -0.074012 0.116439 0.014376
v -0.085925 0.114689 0.011922
v -0.081682 0.115264 0.014283
v -0.087581 0.114597 0.006858
v -0.031263 0.123655 -0.005944
v -0.036579 0.122821 -0.005391
v -0.044212 0.121626 -0.004664
v -0.051845 0.120431 -0.003937
v -0.030315 0.123129 0.014950
v -0.035661 0.122312 0.014840
v -0.043331 0.121137 0.014747
v -0.051001 0.119963 0.014654
v 0.000606 0.313388 -0.016607
v 0.002708 0.325231 -0.011189
v 0.002650 0.333474 0.000126
v 0.002802 0.329740 -0.007123
v 0.004450 0.324264 0.027217
v 0.004186 0.328972 0.023390
v 0.002797 0.335309 0.008315
v 0.003387 0.333065 0.016382
v 0.002820 0.312159 0.032200
v -0.002193 0.267176 -0.030042
v -0.002294 0.300674 -0.020018
v 0.001143 0.265324 0.043496
v 0.000212 0.299284 0.035217
v -0.002994 0.239018 -0.049749
v -0.003123 0.234267 -0.053644
v -0.003244 0.229706 -0.057348
v -0.002308 0.256237 -0.034173
v 0.001377 0.254191 0.047066
v 0.002064 0.236210 0.061756
v 0.002278 0.231269 0.065403
v 0.002481 0.226528 0.068868
v -0.003238 0.190072 -0.065947
v -0.003304 0.187417 -0.067985
v -0.003652 0.198152 -0.073341
v -0.003775 0.181803 -0.079657
v -0.003732 0.178848 -0.079363
v -0.003701 0.192550 -0.075668
v -0.003748 0.188587 -0.077571
v -0.003776 0.184463 -0.079096
v -0.003454 0.179005 -0.073170
v -0.003379 0.183905 -0.070430
v -0.003608 0.201458 -0.071627
v -0.001934 0.191074 -0.035523
v -0.001925 0.210695 -0.033824
v 0.001723 0.189044 0.045103
v 0.001623 0.208726 0.044397
v 0.003450 0.194210 0.083228
v 0.003872 0.174628 0.088256
v 0.003862 0.177564 0.088700
v 0.003599 0.188499 0.085266
v 0.003716 0.184444 0.086964
v 0.003817 0.180249 0.088277
v 0.003588 0.175097 0.082078
v 0.003426 0.180128 0.079593
v 0.003175 0.186513 0.075431
v 0.003288 0.183758 0.077331
v 0.003347 0.197598 0.081686
v -0.003525 0.176681 -0.075247
v -0.003554 0.176105 -0.076017
v -0.003587 0.175452 -0.076889
v -0.003499 0.177350 -0.074523
v -0.003047 0.138808 -0.040618
v -0.002804 0.159519 -0.037231
v -0.001905 0.171517 -0.036942
v 0.000940 0.157441 0.045295
v 0.001836 0.169441 0.045529
v 0.000957 0.136586 0.047647
v 0.003701 0.172671 0.084035
v 0.003740 0.172057 0.084774
v 0.003785 0.171361 0.085612
v 0.003662 0.173375 0.083345
v -0.003180 0.095162 -0.043229
v -0.003116 0.089859 -0.042993
v -0.003116 0.117725 -0.042642
v 0.000961 0.092864 0.048064
v 0.000992 0.087580 0.047557
v 0.001023 0.115428 0.048607
v -0.003040 0.082868 -0.042616
v -0.002758 0.049296 -0.040461
v 0.001027 0.047195 0.042969
v 0.001017 0.080616 0.046824
v -0.002743 0.043527 -0.040172
v -0.002823 0.037510 -0.040112
v 0.000904 0.035442 0.042035
v 0.001002 0.041448 0.042390
v -0.003847 0.083400 -0.005690
v -0.003770 0.084689 -0.002303
v -0.003674 0.085202 -0.005061
v -0.003906 0.082536 -0.003112
v -0.003463 0.084314 0.000017
v -0.003258 0.084200 0.004531
v -0.003288 0.083939 0.002262
v -0.003353 0.084457 0.006884
v -0.003007 0.084832 0.009645
v -0.003420 0.082267 0.007594
v -0.003126 0.083000 0.010196
v -0.004769 0.075166 -0.010812
v -0.004385 0.077892 -0.010255
v -0.005827 0.075202 -0.006074
v -0.005612 0.075167 -0.008691
v -0.005134 0.078784 -0.006068
v -0.004329 0.080979 -0.006079
v -0.004823 0.078618 -0.008600
v -0.005461 0.074997 -0.003512
v -0.004583 0.077384 -0.002098
v -0.004053 0.078355 -0.001633
v -0.004945 0.078299 -0.003625
v -0.004340 0.080215 -0.003535
v -0.003339 0.076488 0.000084
v -0.003582 0.080365 -0.001052
v -0.003939 0.075085 -0.000582
v -0.004748 0.074768 -0.001589
v -0.003159 0.076388 0.004060
v -0.003290 0.080203 0.005406
v -0.003699 0.074952 0.004706
v -0.004414 0.074583 0.005765
v -0.004950 0.074713 0.007754
v -0.003711 0.078164 0.005926
v -0.004198 0.077170 0.006387
v -0.003819 0.079926 0.007937
v -0.004418 0.078007 0.007984
v -0.004632 0.074623 0.012926
v -0.005082 0.074789 0.010345
v -0.003577 0.080562 0.010505
v -0.004385 0.078368 0.010456
v -0.003846 0.078076 0.012938
v -0.003600 0.074517 0.014960
v -0.003261 0.077269 0.014509
v -0.004926 0.071058 -0.011151
v -0.004690 0.066985 -0.011012
v -0.006089 0.070720 -0.006167
v -0.005865 0.070841 -0.008876
v -0.005653 0.070696 -0.003501
v -0.003661 0.070984 -0.000234
v -0.004744 0.070733 -0.001410
v -0.003463 0.070874 0.004129
v -0.004436 0.070562 0.005384
v -0.005152 0.070418 0.007544
v -0.004876 0.070293 0.012917
v -0.005344 0.070307 0.010237
v -0.003735 0.070397 0.015105
v -0.003522 0.066337 0.014741
v -0.004222 0.064303 -0.010543
v -0.005521 0.066584 -0.008898
v -0.005703 0.066305 -0.006296
v -0.004558 0.063274 -0.008901
v -0.004631 0.062766 -0.006434
v -0.005293 0.066449 -0.003715
v -0.004335 0.063147 -0.003963
v -0.003858 0.064080 -0.002317
v -0.004328 0.066716 -0.001699
v -0.004005 0.066536 0.005432
v -0.004784 0.066166 0.007511
v -0.003815 0.062858 0.007505
v -0.003486 0.063874 0.005872
v -0.004541 0.066040 0.012694
v -0.004959 0.065892 0.010108
v -0.003590 0.062737 0.012443
v -0.003887 0.062353 0.009970
v -0.003105 0.063683 0.014097
v -0.002745 0.085767 -0.007425
v -0.002908 0.083721 -0.008088
v -0.003114 0.081148 0.002184
v -0.001866 0.085280 0.011940
v -0.001974 0.083203 0.012512
v -0.003263 0.075638 -0.012115
v -0.003200 0.078941 -0.010943
v -0.003418 0.080988 -0.008966
v -0.003134 0.079220 0.001009
v -0.003032 0.079163 0.003258
v -0.002600 0.074611 0.001996
v -0.002408 0.080428 0.013294
v -0.001981 0.074926 0.016144
v -0.002017 0.078285 0.015138
v -0.003311 0.071353 -0.012603
v -0.001775 0.070296 0.001219
v -0.002654 0.073756 0.001228
v -0.002020 0.068826 0.000519
v -0.002933 0.072119 0.000490
v -0.001718 0.070264 0.002478
v -0.002587 0.073719 0.002723
v -0.001902 0.068761 0.003123
v -0.002801 0.072045 0.003400
v -0.001721 0.070906 0.001863
v -0.001995 0.070622 0.016418
v -0.003179 0.067053 -0.012314
v -0.003000 0.063586 -0.011174
v -0.002981 0.061476 -0.009142
v -0.002933 0.060733 -0.006562
v -0.002747 0.061334 -0.003958
v -0.002715 0.066713 -0.000447
v -0.002589 0.063259 -0.001860
v -0.002511 0.066600 0.004040
v -0.002266 0.063080 0.005261
v -0.002238 0.061051 0.007266
v -0.002002 0.060932 0.012450
v -0.002189 0.060320 0.009842
v -0.001900 0.066342 0.015903
v -0.001832 0.062938 0.014579
v -0.001247 0.084001 -0.009149
v -0.001238 0.086178 -0.008466
v 0.000360 0.086248 -0.007554
v 0.000503 0.084249 -0.008229
v 0.001682 0.081891 0.001985
v 0.001238 0.085760 0.011812
v -0.000271 0.085641 0.012860
v 0.001437 0.083731 0.012370
v -0.000223 0.083433 0.013431
v -0.001325 0.076106 -0.012615
v 0.000654 0.076244 -0.012277
v -0.001307 0.079565 -0.011437
v -0.001264 0.081639 -0.010042
v 0.000631 0.079535 -0.011101
v 0.000984 0.081670 -0.009148
v 0.001634 0.079958 0.000812
v 0.001736 0.079902 0.003060
v 0.001284 0.075212 0.001835
v 0.001994 0.081110 0.013111
v -0.000005 0.075373 0.016489
v 0.001936 0.075533 0.015981
v -0.000165 0.081028 0.014202
v -0.000085 0.078887 0.015490
v 0.001814 0.078878 0.014979
v -0.001305 0.071678 -0.013146
v 0.000742 0.071981 -0.012771
v -0.000636 0.069252 0.001163
v 0.000481 0.070645 0.001126
v 0.001286 0.074367 0.001064
v -0.000652 0.067787 0.000476
v 0.000690 0.069246 0.000407
v 0.001529 0.072809 0.000305
v -0.000581 0.069222 0.002378
v 0.000538 0.070613 0.002384
v 0.001354 0.074329 0.002560
v -0.000538 0.067724 0.002989
v 0.000808 0.069180 0.003010
v 0.001661 0.072736 0.003215
v -0.000613 0.069831 0.001786
v 0.000473 0.071246 0.001772
v 0.000053 0.070925 0.016793
v 0.002059 0.071250 0.016250
v -0.001245 0.067198 -0.012801
v 0.000723 0.067657 -0.012476
v -0.001150 0.063464 -0.011513
v 0.000715 0.064162 -0.011328
v -0.001029 0.061115 -0.009341
v -0.000900 0.060285 -0.006665
v 0.000921 0.062080 -0.009304
v 0.001120 0.061361 -0.006730
v -0.000784 0.060943 -0.003962
v 0.001158 0.061939 -0.004120
v -0.000669 0.065689 -0.000370
v 0.001335 0.067340 -0.000615
v -0.000704 0.062927 -0.001745
v 0.001151 0.063838 -0.002015
v -0.000484 0.065586 0.003727
v 0.001538 0.067227 0.003872
v -0.000400 0.062758 0.004959
v 0.001474 0.063659 0.005105
v -0.000284 0.060666 0.007072
v 0.001667 0.061656 0.007104
v -0.000040 0.060566 0.012453
v -0.000156 0.059872 0.009738
v 0.001901 0.061537 0.012288
v 0.001864 0.060948 0.009674
v 0.000071 0.066468 0.016219
v 0.002003 0.066947 0.015741
v 0.000041 0.062802 0.014742
v 0.001883 0.063513 0.014425
v 0.001657 0.084252 -0.005918
v 0.001860 0.085561 -0.002536
v 0.001507 0.086005 -0.005276
v 0.001965 0.083445 -0.003356
v 0.001771 0.085125 -0.000200
v 0.001976 0.085011 0.004314
v 0.001806 0.084728 0.002051
v 0.002276 0.085329 0.006651
v 0.002174 0.085634 0.009431
v 0.002450 0.083176 0.007350
v 0.002378 0.083852 0.009967
v 0.002275 0.076257 -0.011104
v 0.001890 0.078864 -0.010516
v 0.003304 0.076548 -0.009060
v 0.003752 0.076685 -0.006471
v 0.002149 0.081983 -0.006348
v 0.002993 0.080043 -0.006405
v 0.002460 0.079746 -0.008902
v 0.003622 0.076404 -0.003889
v 0.002327 0.079343 -0.001898
v 0.002831 0.078532 -0.002405
v 0.002403 0.081259 -0.003814
v 0.003034 0.079535 -0.003955
v 0.001809 0.077285 -0.000130
v 0.001872 0.081210 -0.001278
v 0.002373 0.076062 -0.000844
v 0.003092 0.075982 -0.001914
v 0.001989 0.077185 0.003847
v 0.002165 0.081047 0.005180
v 0.002613 0.075929 0.004444
v 0.003425 0.075797 0.005440
v 0.004133 0.076120 0.007377
v 0.003216 0.078318 0.006080
v 0.002670 0.079152 0.005661
v 0.003561 0.079243 0.007654
v 0.002924 0.080970 0.007657
v 0.004496 0.076272 0.009948
v 0.004285 0.076004 0.012557
v 0.003743 0.079627 0.010119
v 0.002901 0.081565 0.010236
v 0.003437 0.079204 0.012637
v 0.003444 0.075608 0.014668
v 0.003013 0.078240 0.014249
v 0.002483 0.072206 -0.011458
v 0.002341 0.068074 -0.011303
v 0.003624 0.072311 -0.009270
v 0.004092 0.072296 -0.006589
v 0.003900 0.072175 -0.003897
v 0.002209 0.071893 -0.000478
v 0.003184 0.071961 -0.001739
v 0.002407 0.071783 0.003886
v 0.003492 0.071790 0.005055
v 0.004401 0.071897 0.007148
v 0.004836 0.071883 0.009814
v 0.004612 0.071762 0.012523
v 0.003674 0.071545 0.014798
v 0.003510 0.067426 0.014449
v 0.001972 0.065262 -0.010799
v 0.003364 0.067960 -0.009267
v 0.003785 0.067774 -0.006689
v 0.002473 0.064363 -0.009192
v 0.002778 0.063913 -0.006741
v 0.003607 0.067827 -0.004084
v 0.002699 0.064236 -0.004254
v 0.002354 0.065042 -0.002575
v 0.002825 0.067824 -0.001996
v 0.003148 0.067644 0.005136
v 0.004116 0.067544 0.007142
v 0.003219 0.063948 0.007213
v 0.002725 0.064836 0.005614
v 0.004344 0.067416 0.012325
v 0.004529 0.067361 0.009714
v 0.003442 0.063826 0.012151
v 0.003522 0.063500 0.009663
v 0.003090 0.064642 0.013840
v -0.004196 0.085177 0.002335
v -0.000981 0.087910 -0.010586
v -0.002525 0.087615 -0.008776
v -0.004324 0.087273 -0.006668
v -0.004261 0.086243 -0.002243
v -0.003658 0.085884 0.006749
v 0.000163 0.087126 0.014777
v -0.001420 0.086884 0.013133
v -0.003090 0.086629 0.011398
v 0.002539 0.089353 -0.007539
v 0.000921 0.088689 -0.008940
v 0.003069 0.088557 -0.002500
v 0.003486 0.088359 0.006920
v 0.003548 0.087837 0.002050
v 0.003424 0.088877 0.011757
v -0.081916 0.102480 0.006296
v -0.086082 0.106133 0.006577
v -0.074258 0.102970 0.005961
v -0.066600 0.103460 0.005626
v -0.058942 0.103949 0.005291
v -0.051285 0.104439 0.004956
v -0.043627 0.104929 0.004621
v -0.026575 0.218657 0.006711
v -0.028680 0.187403 0.006019
v -0.030050 0.137868 -0.003491
v -0.029297 0.137450 0.013115
v -0.030589 0.142685 0.004980
v -0.029124 0.165567 0.005490
v -0.029448 0.148090 0.005064
v -0.026391 0.110051 -0.004475
v -0.028742 0.124078 -0.007051
v -0.025627 0.109627 0.012366
v -0.027703 0.123502 0.015845
v -0.025720 0.104532 0.003798
v -0.035969 0.105419 0.004286
v -0.029059 0.105783 0.003981
v -0.012427 0.295664 -0.010320
v -0.013898 0.297719 -0.001582
v -0.010769 0.294743 0.026236
v -0.013019 0.297232 0.017782
v -0.019366 0.277337 0.007861
v -0.014156 0.298205 0.008150
v -0.023749 0.248704 0.007339
v -0.013129 0.143555 -0.033868
v -0.009683 0.141642 0.042083
v -0.016884 0.121659 -0.025796
v -0.008543 0.089191 -0.006275
v -0.012424 0.100555 -0.018005
v -0.007737 0.088744 0.011493
v -0.010514 0.099495 0.024082
v -0.015339 0.091810 0.003007
v -0.022050 0.101064 0.003545
v -0.014204 0.120171 0.033295
v -0.008235 0.086755 0.002558
v -0.003363 0.280352 -0.027159
v -0.010191 0.292109 -0.016982
v -0.006788 0.286086 -0.023330
v 0.004294 0.267441 -0.025978
v 0.000386 0.274222 -0.028153
v -0.000253 0.278626 0.041396
v -0.007948 0.290863 0.032482
v -0.003998 0.284537 0.038185
v 0.007236 0.265808 0.038880
v 0.003556 0.272462 0.041738
v -0.002096 0.261552 -0.031761
v -0.008981 0.234760 -0.032158
v -0.006718 0.257591 -0.031369
v 0.003148 0.261096 -0.028380
v 0.001382 0.259622 0.044914
v -0.005499 0.232828 0.044587
v -0.003265 0.255675 0.044744
v 0.006298 0.259348 0.041055
v -0.003554 0.204758 -0.069703
v -0.003163 0.192722 -0.063698
v -0.006254 0.190459 -0.066246
v -0.006231 0.187768 -0.068264
v -0.005874 0.177906 -0.076528
v -0.005807 0.177460 -0.076883
v -0.006233 0.184307 -0.070799
v -0.006668 0.182744 -0.072967
v -0.006923 0.181846 -0.073667
v -0.007737 0.177311 -0.076590
v -0.007740 0.178831 -0.075583
v -0.007470 0.180430 -0.074585
v -0.006267 0.193144 -0.064018
v -0.007190 0.197824 -0.066381
v -0.005642 0.202988 -0.068896
v 0.000494 0.199014 -0.066699
v -0.000118 0.194096 -0.064273
v -0.000278 0.191384 -0.066494
v -0.000429 0.188667 -0.068505
v -0.001421 0.178140 -0.077065
v -0.001331 0.178610 -0.076716
v -0.000318 0.183727 -0.073230
v -0.000586 0.185181 -0.071033
v -0.000110 0.182901 -0.073950
v 0.000526 0.178590 -0.076932
v 0.000589 0.180121 -0.075928
v 0.000378 0.181645 -0.074910
v -0.001372 0.203650 -0.069073
v -0.002621 0.209005 -0.048100
v -0.002537 0.211272 -0.045725
v -0.002452 0.213312 -0.043387
v -0.001752 0.214448 -0.034657
v -0.001865 0.214946 -0.035910
v -0.007069 0.216528 -0.033805
v 0.003844 0.219351 -0.031246
v 0.001880 0.212432 0.045398
v 0.001881 0.212866 0.046680
v -0.003488 0.214540 0.045137
v 0.007155 0.217514 0.041745
v 0.002092 0.208703 0.056319
v 0.001970 0.210858 0.054088
v 0.002218 0.206320 0.058574
v 0.003234 0.200991 0.079932
v 0.003052 0.189273 0.073320
v 0.000200 0.186877 0.076021
v 0.000399 0.184088 0.077891
v 0.001578 0.173362 0.085907
v 0.001480 0.173825 0.085582
v 0.000378 0.178833 0.082356
v 0.000618 0.180504 0.080239
v 0.000185 0.177901 0.083030
v -0.000372 0.173223 0.085783
v -0.000462 0.174792 0.084858
v -0.000279 0.176439 0.083921
v -0.000009 0.189670 0.073941
v -0.000704 0.194224 0.076609
v 0.001077 0.199259 0.079230
v 0.006022 0.174529 0.085394
v 0.005964 0.174041 0.085726
v 0.006266 0.181379 0.080004
v 0.006727 0.179816 0.082092
v 0.006998 0.178956 0.082747
v 0.007892 0.174502 0.085440
v 0.007867 0.176082 0.084512
v 0.007569 0.177655 0.083595
v 0.006980 0.195414 0.076291
v 0.006141 0.190623 0.073686
v 0.006176 0.187802 0.075773
v 0.006201 0.184987 0.077650
v 0.005347 0.199920 0.079053
v -0.003645 0.175821 -0.078097
v -0.006206 0.177084 -0.077000
v -0.006848 0.176298 -0.077411
v -0.007406 0.176370 -0.077246
v -0.006000 0.176546 -0.077418
v -0.003909 0.175953 -0.078116
v -0.003914 0.176160 -0.078070
v -0.004241 0.174387 -0.079008
v -0.004739 0.173209 -0.079649
v -0.005295 0.172873 -0.079744
v -0.005764 0.173499 -0.079307
v -0.006009 0.174888 -0.078417
v -0.001028 0.177886 -0.077215
v -0.000411 0.177295 -0.077678
v 0.000157 0.177541 -0.077560
v -0.001259 0.177280 -0.077614
v -0.003382 0.176242 -0.078092
v -0.003387 0.176034 -0.078138
v -0.003106 0.174563 -0.079055
v -0.002646 0.173533 -0.079736
v -0.002095 0.173368 -0.079877
v -0.001603 0.174143 -0.079480
v -0.001307 0.175616 -0.078612
v -0.002958 0.151895 -0.036486
v 0.000702 0.149864 0.044185
v 0.003837 0.171668 0.086837
v 0.001190 0.172979 0.086041
v 0.000586 0.172172 0.086468
v 0.000015 0.172251 0.086358
v 0.001431 0.172421 0.086410
v 0.003567 0.172008 0.086852
v 0.003576 0.171799 0.086887
v 0.003322 0.170189 0.087725
v 0.002882 0.168979 0.088349
v 0.002336 0.168637 0.088477
v 0.001831 0.169284 0.088116
v 0.001509 0.170715 0.087323
v 0.006368 0.173781 0.085826
v 0.007023 0.173169 0.086201
v 0.007578 0.173422 0.086045
v 0.006173 0.173156 0.086214
v 0.004098 0.171880 0.086865
v 0.004100 0.172090 0.086830
v 0.004457 0.170365 0.087678
v 0.004975 0.169303 0.088262
v 0.005536 0.169133 0.088344
v 0.005991 0.169928 0.087943
v 0.006212 0.171444 0.087128
v -0.001017 0.089040 -0.012444
v -0.001452 0.092049 -0.015662
v -0.001535 0.090311 -0.017605
v 0.007421 0.094493 -0.008321
v 0.000316 0.088300 0.016941
v 0.000180 0.091143 0.020331
v 0.000270 0.089310 0.022185
v 0.008276 0.092658 0.001957
v 0.008358 0.093972 0.012350
v -0.001602 0.081178 -0.019767
v -0.001586 0.074291 -0.020529
v -0.001618 0.086205 -0.019267
v -0.001909 0.048840 -0.022843
v -0.001583 0.087693 -0.018738
v 0.000319 0.086638 0.023185
v 0.000378 0.080079 0.023882
v 0.000448 0.073162 0.024293
v 0.000328 0.085125 0.023639
v 0.000277 0.047626 0.025345
v -0.001976 0.043101 -0.023250
v -0.002074 0.037095 -0.023606
v -0.006767 0.006617 -0.032435
v -0.006045 0.008283 -0.037275
v -0.002714 0.015678 -0.039544
v -0.005606 0.008039 -0.027603
v -0.002067 0.015319 -0.025276
v 0.007080 0.007555 -0.027665
v 0.007915 0.007835 -0.027304
v 0.006593 0.007825 -0.038386
v 0.007393 0.008124 -0.038807
v 0.004970 0.004179 -0.028248
v -0.001396 0.003943 -0.027918
v -0.003593 0.004498 -0.027796
v 0.004537 0.004419 -0.037785
v -0.001833 0.004185 -0.037549
v -0.004031 0.004741 -0.037444
v 0.002007 0.026846 -0.028459
v 0.001657 0.027040 -0.036168
v 0.002534 0.028985 -0.032294
v 0.000234 0.041874 0.025469
v 0.000155 0.035858 0.025529
v -0.003067 0.006630 0.028366
v 0.000263 0.014025 0.026096
v -0.003789 0.004965 0.033206
v -0.002629 0.006387 0.038038
v 0.000911 0.013666 0.040365
v 0.010057 0.005902 0.037976
v 0.010893 0.006182 0.038337
v 0.009571 0.006172 0.027255
v 0.010371 0.006472 0.026834
v 0.007947 0.002527 0.037393
v 0.001581 0.002290 0.037723
v -0.000615 0.002845 0.037845
v 0.007515 0.002767 0.027856
v 0.001145 0.002533 0.028092
v -0.001053 0.003088 0.028197
v 0.004985 0.025194 0.037182
v 0.005511 0.027333 0.033347
v 0.004635 0.025388 0.029473
v 0.012858 0.319042 -0.018977
v 0.012301 0.320453 -0.018292
v 0.010578 0.326580 -0.013802
v 0.012341 0.327451 -0.014702
v 0.013600 0.321290 -0.017855
v 0.011213 0.351217 -0.018724
v 0.010692 0.346244 -0.016759
v 0.009872 0.340497 -0.013625
v 0.016357 0.339873 -0.002360
v 0.017173 0.340024 -0.001747
v 0.014683 0.337788 -0.006176
v 0.017018 0.338930 -0.003872
v 0.013455 0.332949 -0.010986
v 0.013163 0.336801 -0.005795
v 0.009427 0.332897 -0.009908
v 0.009553 0.335769 -0.011436
v 0.015951 0.337084 0.021777
v 0.018071 0.338346 0.019331
v 0.017277 0.339362 0.017935
v 0.018035 0.339545 0.017259
v 0.015152 0.332007 0.026430
v 0.014401 0.336114 0.021486
v 0.011043 0.332000 0.025719
v 0.011314 0.334792 0.027371
v 0.014635 0.319157 0.033173
v 0.015249 0.317715 0.033733
v 0.012527 0.325498 0.029171
v 0.014366 0.326327 0.029950
v 0.015892 0.320018 0.032663
v 0.013661 0.349858 0.035246
v 0.012954 0.344989 0.033089
v 0.011840 0.339405 0.029758
v 0.005914 0.241642 -0.026981
v 0.011023 0.259786 -0.015828
v 0.014811 0.253315 -0.005077
v 0.016598 0.251095 0.005569
v 0.015787 0.252774 0.016430
v 0.008881 0.239995 0.038436
v 0.013001 0.258688 0.027791
v 0.008585 0.145835 -0.031067
v 0.011692 0.144110 0.037447
v 0.008945 0.112021 -0.020155
v 0.012954 0.132126 -0.024596
v 0.010987 0.110887 0.024863
v 0.015427 0.130753 0.029927
v 0.011738 0.008493 -0.029514
v 0.011327 0.008374 -0.029366
v 0.011978 0.008387 -0.028858
v 0.012588 0.008390 -0.027819
v 0.012473 0.008296 -0.026863
v 0.011681 0.008222 -0.026236
v 0.010413 0.008096 -0.026126
v 0.009109 0.008012 -0.026476
v 0.012460 0.008491 -0.029246
v 0.014288 0.008625 -0.032379
v 0.015198 0.008591 -0.031610
v 0.015415 0.008515 -0.030685
v 0.014900 0.008506 -0.029848
v 0.013774 0.008479 -0.029339
v 0.012960 0.008788 -0.032825
v 0.013068 0.008664 -0.032841
v 0.013090 0.008466 -0.033289
v 0.010979 0.008567 -0.037037
v 0.011402 0.008680 -0.036921
v 0.011582 0.008607 -0.037601
v 0.012095 0.008664 -0.038689
v 0.011894 0.008618 -0.039634
v 0.011048 0.008573 -0.040190
v 0.009775 0.008451 -0.040191
v 0.008508 0.008346 -0.039728
v 0.012097 0.008693 -0.037253
v 0.013028 0.008686 -0.033723
v 0.012919 0.008810 -0.033724
v 0.014201 0.008673 -0.034296
v 0.015037 0.008680 -0.035145
v 0.015170 0.008651 -0.036088
v 0.014581 0.008683 -0.036874
v 0.013414 0.008679 -0.037280
v 0.016006 0.007034 0.031918
v 0.015897 0.007158 0.031917
v 0.016068 0.006813 0.032351
v 0.014716 0.006840 0.036127
v 0.014305 0.006722 0.036275
v 0.014956 0.006734 0.036783
v 0.015566 0.006737 0.037822
v 0.015451 0.006644 0.038778
v 0.014658 0.006569 0.039405
v 0.013390 0.006444 0.039515
v 0.012086 0.006360 0.039164
v 0.015438 0.006839 0.036395
v 0.015938 0.007135 0.032816
v 0.016046 0.007011 0.032799
v 0.017266 0.006972 0.033262
v 0.018175 0.006938 0.034031
v 0.018393 0.006862 0.034956
v 0.017878 0.006854 0.035792
v 0.016752 0.006826 0.036302
v 0.013957 0.006915 0.028604
v 0.014380 0.007027 0.028720
v 0.014560 0.006954 0.028040
v 0.015073 0.007011 0.026952
v 0.014871 0.006965 0.026007
v 0.014025 0.006920 0.025451
v 0.012752 0.006798 0.025450
v 0.011485 0.006693 0.025913
v 0.015075 0.007040 0.028388
v 0.017179 0.007021 0.031345
v 0.018015 0.007027 0.030496
v 0.018148 0.006998 0.029553
v 0.017559 0.007031 0.028767
v 0.016392 0.007026 0.028361
v -0.001752 0.214448 -0.034657
v -0.007069 0.216528 -0.033805
v -0.001865 0.214946 -0.035910
v -0.002452 0.213312 -0.043387
v -0.008981 0.234760 -0.032158
v -0.006718 0.257591 -0.031369
v -0.002621 0.209005 -0.048100
v -0.002537 0.211272 -0.045725
v -0.003163 0.192722 -0.063698
v 0.001880 0.212432 0.045398
v 0.001881 0.212866 0.046680
v -0.003488 0.214540 0.045137
v 0.001970 0.210858 0.054088
v -0.005499 0.232828 0.044587
v -0.003265 0.255675 0.044744
v 0.002218 0.206320 0.058574
v 0.002092 0.208703 0.056319
v 0.003052 0.189273 0.073320
v -0.001372 0.203650 -0.069073
v -0.003554 0.204758 -0.069703
v 0.000494 0.199014 -0.066699
v -0.000118 0.194096 -0.064273
v -0.005642 0.202988 -0.068896
v -0.007190 0.197824 -0.066381
v -0.006267 0.193144 -0.064018
v 0.005347 0.199920 0.079053
v 0.003234 0.200991 0.079932
v 0.006980 0.195414 0.076291
v 0.006141 0.190623 0.073686
v 0.001077 0.199259 0.079230
v -0.000704 0.194224 0.076609
v -0.000009 0.189670 0.073941
v -0.003163 0.192722 -0.063698
v -0.000118 0.194096 -0.064273
v -0.000278 0.191384 -0.066494
v -0.000429 0.188667 -0.068505
v -0.003382 0.176242 -0.078092
v -0.003645 0.175821 -0.078097
v -0.000586 0.185181 -0.071033
v -0.000318 0.183727 -0.073230
v -0.001331 0.178610 -0.076716
v -0.001028 0.177886 -0.077215
v -0.000110 0.182901 -0.073950
v 0.000526 0.178590 -0.076932
v 0.000157 0.177541 -0.077560
v -0.000411 0.177295 -0.077678
v 0.000378 0.181645 -0.074910
v 0.000589 0.180121 -0.075928
v -0.001259 0.177280 -0.077614
v -0.001421 0.178140 -0.077065
v -0.003387 0.176034 -0.078138
v -0.001603 0.174143 -0.079480
v -0.002095 0.173368 -0.079877
v -0.002646 0.173533 -0.079736
v -0.003106 0.174563 -0.079055
v -0.001307 0.175616 -0.078612
v -0.006254 0.190459 -0.066246
v -0.006267 0.193144 -0.064018
v -0.006231 0.187768 -0.068264
v -0.003914 0.176160 -0.078070
v -0.006668 0.182744 -0.072967
v -0.006233 0.184307 -0.070799
v -0.005874 0.177906 -0.076528
v -0.006206 0.177084 -0.077000
v -0.006923 0.181846 -0.073667
v -0.007406 0.176370 -0.077246
v -0.007737 0.177311 -0.076590
v -0.006848 0.176298 -0.077411
v -0.007470 0.180430 -0.074585
v -0.007740 0.178831 -0.075583
v -0.006000 0.176546 -0.077418
v -0.005807 0.177460 -0.076883
v -0.003909 0.175953 -0.078116
v -0.005295 0.172873 -0.079744
v -0.005764 0.173499 -0.079307
v -0.004739 0.173209 -0.079649
v -0.004241 0.174387 -0.079008
v -0.006009 0.174888 -0.078417
v 0.006176 0.187802 0.075773
v 0.006141 0.190623 0.073686
v 0.003052 0.189273 0.073320
v 0.006201 0.184987 0.077650
v 0.003837 0.171668 0.086837
v 0.004100 0.172090 0.086830
v 0.006727 0.179816 0.082092
v 0.006266 0.181379 0.080004
v 0.006022 0.174529 0.085394
v 0.006368 0.173781 0.085826
v 0.006998 0.178956 0.082747
v 0.007578 0.173422 0.086045
v 0.007892 0.174502 0.085440
v 0.007023 0.173169 0.086201
v 0.007569 0.177655 0.083595
v 0.007867 0.176082 0.084512
v 0.006173 0.173156 0.086214
v 0.005964 0.174041 0.085726
v 0.004098 0.171880 0.086865
v 0.005536 0.169133 0.088344
v 0.005991 0.169928 0.087943
v 0.004975 0.169303 0.088262
v 0.004457 0.170365 0.087678
v 0.006212 0.171444 0.087128
v -0.000009 0.189670 0.073941
v 0.000200 0.186877 0.076021
v 0.000399 0.184088 0.077891
v 0.003567 0.172008 0.086852
v 0.000618 0.180504 0.080239
v 0.000378 0.178833 0.082356
v 0.001480 0.173825 0.085582
v 0.001190 0.172979 0.086041
v 0.000185 0.177901 0.083030
v -0.000372 0.173223 0.085783
v 0.000015 0.172251 0.086358
v 0.000586 0.172172 0.086468
v -0.000279 0.176439 0.083921
v -0.000462 0.174792 0.084858
v 0.001431 0.172421 0.086410
v 0.001578 0.173362 0.085907
v 0.003576 0.171799 0.086887
v 0.001831 0.169284 0.088116
v 0.002336 0.168637 0.088477
v 0.002882 0.168979 0.088349
v 0.003322 0.170189 0.087725
v 0.001509 0.170715 0.087323
v -0.001583 0.087693 -0.018738
v -0.001535 0.090311 -0.017605
v -0.001618 0.086205 -0.019267
v -0.001452 0.092049 -0.015662
v -0.012424 0.100555 -0.018005
v -0.016884 0.121659 -0.025796
v -0.013129 0.143555 -0.033868
v -0.002074 0.037095 -0.023606
v -0.001976 0.043101 -0.023250
v -0.001586 0.074291 -0.020529
v -0.001909 0.048840 -0.022843
v -0.001602 0.081178 -0.019767
v -0.006045 0.008283 -0.037275
v -0.006767 0.006617 -0.032435
v -0.005606 0.008039 -0.027603
v -0.002067 0.015319 -0.025276
v 0.000319 0.086638 0.023185
v 0.000270 0.089310 0.022185
v 0.000328 0.085125 0.023639
v 0.000180 0.091143 0.020331
v -0.010514 0.099495 0.024082
v -0.014204 0.120171 0.033295
v -0.009683 0.141642 0.042083
v 0.000155 0.035858 0.025529
v 0.000234 0.041874 0.025469
v 0.000277 0.047626 0.025345
v 0.000448 0.073162 0.024293
v 0.000378 0.080079 0.023882
v -0.002629 0.006387 0.038038
v -0.003789 0.004965 0.033206
v -0.003067 0.006630 0.028366
v 0.000263 0.014025 0.026096
v -0.002714 0.015678 -0.039544
v 0.001657 0.027040 -0.036168
v -0.002067 0.015319 -0.025276
v 0.002007 0.026846 -0.028459
v 0.002534 0.028985 -0.032294
v 0.000911 0.013666 0.040365
v 0.004985 0.025194 0.037182
v 0.000263 0.014025 0.026096
v 0.004635 0.025388 0.029473
v 0.005511 0.027333 0.033347
v 0.013090 0.008466 -0.033289
v 0.012960 0.008788 -0.032825
v 0.004970 0.004179 -0.028248
v 0.007080 0.007555 -0.027665
v 0.011327 0.008374 -0.029366
v 0.011978 0.008387 -0.028858
v 0.007915 0.007835 -0.027304
v 0.011681 0.008222 -0.026236
v 0.012473 0.008296 -0.026863
v 0.012588 0.008390 -0.027819
v 0.009109 0.008012 -0.026476
v 0.010413 0.008096 -0.026126
v 0.012460 0.008491 -0.029246
v 0.011738 0.008493 -0.029514
v 0.013068 0.008664 -0.032841
v 0.015415 0.008515 -0.030685
v 0.014900 0.008506 -0.029848
v 0.015198 0.008591 -0.031610
v 0.014288 0.008625 -0.032379
v 0.013774 0.008479 -0.029339
v 0.012919 0.008810 -0.033724
v 0.004537 0.004419 -0.037785
v 0.006593 0.007825 -0.038386
v 0.010979 0.008567 -0.037037
v 0.011582 0.008607 -0.037601
v 0.007393 0.008124 -0.038807
v 0.011894 0.008618 -0.039634
v 0.011048 0.008573 -0.040190
v 0.012095 0.008664 -0.038689
v 0.008508 0.008346 -0.039728
v 0.009775 0.008451 -0.040191
v 0.012097 0.008693 -0.037253
v 0.011402 0.008680 -0.036921
v 0.013028 0.008686 -0.033723
v 0.015170 0.008651 -0.036088
v 0.014581 0.008683 -0.036874
v 0.015037 0.008680 -0.035145
v 0.014201 0.008673 -0.034296
v 0.013414 0.008679 -0.037280
v -0.001833 0.004185 -0.037549
v -0.004031 0.004741 -0.037444
v -0.001396 0.003943 -0.027918
v -0.003593 0.004498 -0.027796
v -0.006045 0.008283 -0.037275
v -0.005606 0.008039 -0.027603
v 0.016068 0.006813 0.032351
v 0.015897 0.007158 0.031917
v 0.007515 0.002767 0.027856
v 0.009571 0.006172 0.027255
v 0.013957 0.006915 0.028604
v 0.014560 0.006954 0.028040
v 0.010371 0.006472 0.026834
v 0.014871 0.006965 0.026007
v 0.014025 0.006920 0.025451
v 0.015073 0.007011 0.026952
v 0.011485 0.006693 0.025913
v 0.012752 0.006798 0.025450
v 0.015075 0.007040 0.028388
v 0.014380 0.007027 0.028720
v 0.016006 0.007034 0.031918
v 0.018148 0.006998 0.029553
v 0.017559 0.007031 0.028767
v 0.018015 0.007027 0.030496
v 0.017179 0.007021 0.031345
v 0.016392 0.007026 0.028361
v 0.015938 0.007135 0.032816
v 0.007947 0.002527 0.037393
v 0.010057 0.005902 0.037976
v 0.014305 0.006722 0.036275
v 0.014956 0.006734 0.036783
v 0.010893 0.006182 0.038337
v 0.014658 0.006569 0.039405
v 0.015451 0.006644 0.038778
v 0.015566 0.006737 0.037822
v 0.012086 0.006360 0.039164
v 0.013390 0.006444 0.039515
v 0.015438 0.006839 0.036395
v 0.014716 0.006840 0.036127
v 0.016046 0.007011 0.032799
v 0.018393 0.006862 0.034956
v 0.017878 0.006854 0.035792
v 0.018175 0.006938 0.034031
v 0.017266 0.006972 0.033262
v 0.016752 0.006826 0.036302
v 0.001581 0.002290 0.037723
v -0.000615 0.002845 0.037845
v 0.001145 0.002533 0.028092
v -0.001053 0.003088 0.028197
v -0.002629 0.006387 0.038038
v -0.003067 0.006630 0.028366
v 0.008585 0.145835 -0.031067
v 0.012954 0.132126 -0.024596
v 0.008945 0.112021 -0.020155
v -0.001452 0.092049 -0.015662
v -0.002958 0.151895 -0.036486
v 0.003148 0.261096 -0.028380
v 0.005914 0.241642 -0.026981
v 0.003844 0.219351 -0.031246
v -0.001752 0.214448 -0.034657
v -0.002096 0.261552 -0.031761
v 0.011692 0.144110 0.037447
v 0.015427 0.130753 0.029927
v 0.000180 0.091143 0.020331
v 0.010987 0.110887 0.024863
v 0.000702 0.149864 0.044185
v 0.006298 0.259348 0.041055
v 0.008881 0.239995 0.038436
v 0.007155 0.217514 0.041745
v 0.001880 0.212432 0.045398
v 0.001382 0.259622 0.044914
v -0.029448 0.148090 0.005064
v -0.029124 0.165567 0.005490
v -0.008235 0.086755 0.002558
v -0.015339 0.091810 0.003007
v -0.022050 0.101064 0.003545
v -0.023749 0.248704 0.007339
v -0.019366 0.277337 0.007861
v -0.026575 0.218657 0.006711
v -0.028680 0.187403 0.006019
v -0.014156 0.298205 0.008150
v -0.025720 0.104532 0.003798
v -0.030589 0.142685 0.004980
v 0.000921 0.088689 -0.008940
v 0.002539 0.089353 -0.007539
v 0.000163 0.087126 0.014777
v 0.003424 0.088877 0.011757
v -0.000981 0.087910 -0.010586
v -0.002525 0.087615 -0.008776
v 0.003069 0.088557 -0.002500
v 0.003548 0.087837 0.002050
v 0.003486 0.088359 0.006920
v -0.004261 0.086243 -0.002243
v -0.004324 0.087273 -0.006668
v -0.004196 0.085177 0.002335
v -0.003658 0.085884 0.006749
v -0.003090 0.086629 0.011398
v -0.001420 0.086884 0.013133
v -0.004196 0.085177 0.002335
v 0.011023 0.259786 -0.015828
v 0.004294 0.267441 -0.025978
v 0.016598 0.251095 0.005569
v 0.014811 0.253315 -0.005077
v 0.000386 0.274222 -0.028153
v -0.003363 0.280352 -0.027159
v 0.013001 0.258688 0.027791
v 0.007236 0.265808 0.038880
v 0.015787 0.252774 0.016430
v 0.003556 0.272462 0.041738
v -0.000253 0.278626 0.041396
v -0.006788 0.286086 -0.023330
v -0.010191 0.292109 -0.016982
v -0.012427 0.295664 -0.010320
v -0.013898 0.297719 -0.001582
v -0.014156 0.298205 0.008150
v -0.007948 0.290863 0.032482
v -0.003998 0.284537 0.038185
v -0.010769 0.294743 0.026236
v -0.013019 0.297232 0.017782
v 0.011213 0.351217 -0.018724
v 0.010692 0.346244 -0.016759
v 0.014683 0.337788 -0.006176
v 0.017018 0.338930 -0.003872
v 0.017173 0.340024 -0.001747
v 0.016357 0.339873 -0.002360
v 0.013163 0.336801 -0.005795
v 0.009427 0.332897 -0.009908
v 0.009553 0.335769 -0.011436
v 0.009427 0.332897 -0.009908
v 0.010578 0.326580 -0.013802
v 0.012301 0.320453 -0.018292
v 0.012858 0.319042 -0.018977
v 0.013600 0.321290 -0.017855
v 0.012341 0.327451 -0.014702
v 0.013455 0.332949 -0.010986
v 0.009872 0.340497 -0.013625
v 0.013661 0.349858 0.035246
v 0.012954 0.344989 0.033089
v 0.018071 0.338346 0.019331
v 0.015951 0.337084 0.021777
v 0.018035 0.339545 0.017259
v 0.017277 0.339362 0.017935
v 0.014401 0.336114 0.021486
v 0.011043 0.332000 0.025719
v 0.011043 0.332000 0.025719
v 0.011314 0.334792 0.027371
v 0.012527 0.325498 0.029171
v 0.014635 0.319157 0.033173
v 0.015249 0.317715 0.033733
v 0.015892 0.320018 0.032663
v 0.014366 0.326327 0.029950
v 0.015152 0.332007 0.026430
v 0.011840 0.339405 0.029758
v -0.028742 0.124078 -0.007051
v -0.030050 0.137868 -0.003491
v -0.030589 0.142685 0.004980
v -0.027703 0.123502 0.015845
v -0.029297 0.137450 0.013115
v -0.026391 0.110051 -0.004475
v -0.025720 0.104532 0.003798
v -0.086082 0.106133 0.006577
v -0.081916 0.102480 0.006296
v -0.074258 0.102970 0.005961
v -0.066600 0.103460 0.005626
v -0.058942 0.103949 0.005291
v -0.051285 0.104439 0.004956
v -0.043627 0.104929 0.004621
v -0.035969 0.105419 0.004286
v -0.025627 0.109627 0.012366
v -0.029059 0.105783 0.003981
v -0.025720 0.104532 0.003798
v 0.001771 0.085125 -0.000200
v 0.001806 0.084728 0.002051
v 0.000360 0.086248 -0.007554
v -0.001238 0.086178 -0.008466
v 0.001507 0.086005 -0.005276
v 0.001860 0.085561 -0.002536
v 0.001976 0.085011 0.004314
v -0.000271 0.085641 0.012860
v 0.001238 0.085760 0.011812
v 0.002174 0.085634 0.009431
v 0.002276 0.085329 0.006651
v -0.003463 0.084314 0.000017
v -0.003288 0.083939 0.002262
v -0.002745 0.085767 -0.007425
v -0.003674 0.085202 -0.005061
v -0.003770 0.084689 -0.002303
v -0.003258 0.084200 0.004531
v -0.001866 0.085280 0.011940
v -0.003007 0.084832 0.009645
v -0.003353 0.084457 0.006884
v 0.028027 0.312593 -0.009726
v 0.027370 0.316214 -0.010689
v 0.029058 0.323976 -0.002246
v 0.029800 0.319300 -0.000788
v 0.028337 0.325818 -0.004426
v 0.027600 0.325394 -0.006875
v 0.028770 0.309600 -0.007445
v 0.029851 0.312019 -0.002223
v 0.029397 0.310065 -0.004535
v 0.026959 0.323345 -0.009144
v 0.026806 0.320394 -0.010852
v 0.030098 0.314972 -0.000566
v 0.028384 0.310833 -0.007232
v 0.028998 0.311221 -0.004695
v 0.028743 0.322148 -0.002729
v 0.029444 0.318501 -0.001447
v 0.028049 0.323567 -0.004634
v 0.029710 0.315107 -0.001245
v 0.029451 0.312775 -0.002682
v 0.026519 0.319237 -0.010224
v 0.027051 0.315977 -0.010075
v 0.027324 0.323202 -0.006768
v 0.027677 0.313158 -0.009227
v 0.026682 0.321562 -0.008741
v 0.029108 0.320573 -0.003952
v 0.028630 0.321489 -0.005190
v 0.028129 0.321243 -0.006576
v 0.027569 0.318656 -0.008821
v 0.027684 0.320170 -0.007857
v 0.029767 0.316005 -0.002989
v 0.029587 0.318209 -0.003120
v 0.028849 0.313212 -0.006878
v 0.028365 0.314716 -0.008174
v 0.029272 0.313471 -0.005230
v 0.027935 0.316542 -0.008724
v 0.029586 0.314486 -0.003923
v 0.028179 0.318139 -0.007414
v 0.028406 0.317050 -0.007370
v 0.028672 0.316112 -0.007104
v 0.028852 0.319649 -0.005638
v 0.028536 0.319505 -0.006315
v 0.029443 0.317971 -0.004632
v 0.029148 0.319187 -0.005035
v 0.028970 0.315344 -0.006473
v 0.029549 0.316829 -0.004570
v 0.029432 0.316032 -0.005027
v 0.029233 0.315493 -0.005667
v 0.028252 0.318930 -0.006941
v 0.029064 0.317568 -0.006022
v 0.029504 0.311773 0.022835
v 0.028945 0.315340 0.024035
v 0.030477 0.318925 0.014122
v 0.029880 0.323520 0.015874
v 0.029363 0.325248 0.018200
v 0.028850 0.324700 0.020682
v 0.030031 0.308901 0.020349
v 0.030393 0.309512 0.017422
v 0.030640 0.311581 0.015179
v 0.028412 0.322539 0.022893
v 0.028408 0.319505 0.024457
v 0.030744 0.314613 0.013657
v 0.029630 0.310141 0.020234
v 0.030012 0.310658 0.017675
v 0.030179 0.318093 0.014770
v 0.029606 0.321669 0.016291
v 0.029090 0.322989 0.018320
v 0.030286 0.312312 0.015710
v 0.030418 0.314714 0.014374
v 0.028062 0.318381 0.023801
v 0.028572 0.315133 0.023441
v 0.028560 0.322516 0.020490
v 0.029111 0.312362 0.022399
v 0.028096 0.320778 0.022428
v 0.030076 0.320036 0.017396
v 0.029715 0.320887 0.018716
v 0.029341 0.320571 0.020128
v 0.028980 0.317873 0.022281
v 0.029010 0.319433 0.021389
v 0.030635 0.315524 0.016149
v 0.030473 0.317718 0.016406
v 0.030067 0.312536 0.019960
v 0.029705 0.313972 0.021368
v 0.030339 0.312878 0.018295
v 0.029331 0.315767 0.022046
v 0.030536 0.313959 0.017018
v 0.029459 0.317428 0.020801
v 0.029678 0.316343 0.020682
v 0.029917 0.315421 0.020346
v 0.029972 0.319027 0.019049
v 0.029718 0.318848 0.019744
v 0.030465 0.317404 0.017911
v 0.030211 0.318597 0.018400
v 0.030155 0.314686 0.019652
v 0.030486 0.315447 0.018208
v 0.030562 0.316266 0.017782
v 0.030345 0.314876 0.018835
v 0.029491 0.318243 0.020364
v 0.030213 0.316930 0.019308
v 0.036637 0.286428 0.008081
v 0.037145 0.288720 0.007015
v 0.036491 0.286907 0.005568
v 0.035516 0.281989 0.002813
v 0.035813 0.281519 0.005463
v 0.036120 0.285209 0.003066
v 0.036225 0.285343 0.005541
v 0.036407 0.286555 0.003031
v 0.037016 0.288792 0.004161
v 0.037068 0.289149 0.005598
v 0.037507 0.293611 0.005691
v 0.037588 0.293901 0.005060
v 0.037759 0.298719 0.005808
v 0.037788 0.298989 0.004968
v 0.037843 0.294609 0.004536
v 0.035413 0.282921 0.001215
v 0.035514 0.283696 0.001010
v 0.036252 0.285115 0.000779
v 0.037362 0.289622 0.003577
v 0.035758 0.281854 0.008150
v 0.036344 0.285084 0.008005
v 0.037645 0.293869 0.006325
v 0.037864 0.298947 0.006655
v 0.037948 0.294551 0.006859
v 0.035802 0.282705 0.009795
v 0.035924 0.283468 0.010029
v 0.036682 0.284876 0.010263
v 0.037544 0.289520 0.007606
vn 0.9963 -0.0725 -0.0470
vn 0.9876 -0.1492 -0.0486
vn 0.9814 -0.0909 0.1691
vn 0.9714 -0.2189 0.0920
vn 0.9619 -0.0801 -0.2616
vn 0.9586 -0.2118 -0.1903
vn 0.9599 -0.2401 -0.1445
vn 0.9731 -0.2250 -0.0498
vn 0.9685 -0.2449 0.0448
vn 0.9370 0.1946 -0.2900
vn 0.9710 0.1428 -0.1918
vn 0.9764 0.1112 -0.1850
vn 0.9758 0.0002 -0.2185
vn 0.9562 0.0518 -0.2882
vn 0.9269 0.0347 -0.3737
vn 0.9631 0.1059 -0.2476
vn 0.9725 0.0772 -0.2197
vn 0.9553 0.0683 -0.2876
vn 0.9548 0.0545 -0.2922
vn 0.9334 0.0724 -0.3515
vn 0.9351 0.1245 -0.3317
vn 0.9598 0.0768 -0.2698
vn 0.9732 0.0445 -0.2258
vn 0.9933 0.1082 0.0415
vn 0.9745 0.1637 0.1535
vn 0.9877 0.0599 -0.1443
vn 0.9778 0.1851 -0.0982
vn 0.9588 -0.0215 -0.2833
vn 0.9358 0.0936 -0.3399
vn 0.9778 0.2077 -0.0287
vn 0.9484 0.0814 -0.3064
vn 0.9728 0.0419 -0.2278
vn 0.9754 -0.0073 -0.2205
vn 0.9666 0.2227 -0.1266
vn 0.9205 0.2563 -0.2949
vn 0.8786 0.1935 -0.4366
vn 0.8617 0.1728 -0.4770
vn 0.8743 0.2011 -0.4418
vn 0.9997 0.0024 -0.0259
vn 0.9904 0.1345 -0.0316
vn 0.9380 -0.0705 -0.3394
vn 0.9076 0.0413 -0.4177
vn 0.9706 -0.0866 -0.2247
vn 0.8785 0.0976 -0.4676
vn 0.9876 -0.0843 -0.1325
vn 0.9022 0.1612 -0.4001
vn 0.8945 0.1378 -0.4253
vn 0.9074 0.0880 -0.4110
vn 0.9085 0.1715 -0.3811
vn 0.8659 0.1471 -0.4780
vn 0.9723 0.1238 -0.1983
vn 0.9476 0.1699 -0.2707
vn 0.9458 0.0143 -0.3245
vn 0.9816 0.0340 -0.1881
vn 0.9672 -0.0130 -0.2539
vn 0.9541 -0.0099 -0.2993
vn 0.8783 0.1453 -0.4555
vn 0.9173 0.1047 -0.3842
vn 0.9894 0.1040 0.1012
vn 0.9847 0.1352 0.1102
vn 0.9599 0.1820 0.2135
vn 0.9916 -0.0086 0.1290
vn 0.9818 0.0955 0.1644
vn 0.9886 0.0683 0.1344
vn 0.9570 0.0180 0.2896
vn 0.9785 0.0394 0.2027
vn 0.9776 0.0560 0.2030
vn 0.9775 0.0420 0.2069
vn 0.9897 0.0354 0.1386
vn 0.9616 0.1099 0.2516
vn 0.9805 0.0653 0.1854
vn 0.9615 0.0567 0.2688
vn 0.9969 0.0549 0.0572
vn 0.9570 0.1734 -0.2327
vn 0.9857 0.1124 -0.1257
vn 0.9831 0.1821 0.0185
vn 0.9804 -0.0335 0.1940
vn 0.9629 0.0785 0.2582
vn 0.9768 0.2082 -0.0494
vn 0.9724 0.0680 0.2231
vn 0.9913 -0.0162 0.1307
vn 0.9895 0.0326 0.1406
vn 0.9746 0.2182 0.0497
vn 0.9440 0.2433 0.2229
vn 0.9149 0.1733 0.3645
vn 0.9018 0.1506 0.4051
vn 0.9111 0.1807 0.3704
vn 0.9979 0.0034 -0.0646
vn 0.9895 0.1350 -0.0514
vn 0.9647 -0.0853 0.2492
vn 0.9418 0.0223 0.3354
vn 0.9867 -0.0955 0.1313
vn 0.9175 0.0760 0.3905
vn 0.9953 -0.0886 0.0382
vn 0.9350 0.1430 0.3244
vn 0.9296 0.1183 0.3490
vn 0.9411 0.0694 0.3311
vn 0.9396 0.1542 0.3055
vn 0.9060 0.1249 0.4045
vn 0.9865 0.1159 0.1155
vn 0.9685 0.1583 0.1920
vn 0.9713 0.0002 0.2379
vn 0.9861 -0.0236 0.1643
vn 0.9946 0.0268 0.0999
vn 0.9772 -0.0227 0.2109
vn 0.9163 0.1242 0.3808
vn 0.9485 0.0874 0.3044
vn 0.9918 -0.1188 -0.0480
vn 0.9055 -0.2165 -0.3651
vn 0.9484 -0.0816 -0.3064
vn 0.9706 -0.2354 -0.0500
vn 0.9961 0.0772 -0.0432
vn 0.9286 0.1024 -0.3567
vn 0.9179 0.3956 -0.0317
vn 0.8019 0.4311 -0.4137
vn 0.9915 -0.1209 -0.0480
vn 0.9852 -0.1372 -0.1031
vn 0.9587 -0.0739 -0.2748
vn 0.8170 -0.1525 -0.5562
vn 0.6629 0.1765 -0.7276
vn 0.9721 -0.0947 0.2148
vn 0.9343 -0.2325 0.2703
vn 0.9573 0.0865 0.2759
vn 0.8370 0.4116 0.3605
vn 0.9901 -0.1400 0.0066
vn 0.9794 -0.0854 0.1829
vn 0.8636 -0.1784 0.4715
vn 0.7264 0.1413 0.6726
vn 0.9859 -0.1598 -0.0487
vn 0.9766 -0.2062 -0.0611
vn 0.9963 -0.0716 -0.0470
vn 0.9929 -0.0383 -0.1129
vn 0.9617 -0.0273 0.2728
vn 0.9262 -0.3512 -0.1369
vn 0.9204 -0.3898 0.0320
vn 0.9356 -0.2305 0.2674
vn 0.9776 -0.0975 -0.1866
vn 0.9776 -0.2068 -0.0380
vn 0.9901 -0.1400 0.0065
vn 0.9989 -0.0416 0.0206
vn 0.9330 -0.0114 -0.3597
vn 0.9128 -0.3856 -0.1347
vn 0.9340 -0.3555 0.0347
vn 0.9071 -0.2146 -0.3622
vn 0.9902 -0.1046 0.0922
vn -0.4731 -0.8082 -0.3508
vn -0.7911 -0.6009 -0.1146
vn -0.4965 -0.8681 0.0001
vn 0.2576 -0.7789 0.5718
vn -0.4656 -0.6359 0.6155
vn 0.2448 -0.7997 0.5483
vn -0.4411 -0.8259 0.3511
vn -0.8322 -0.5313 0.1587
vn -0.7075 -0.5695 0.4185
vn -0.4919 -0.6415 -0.5887
vn -0.6803 -0.6294 -0.3756
vn 0.2030 -0.7486 -0.6311
vn 0.6155 -0.6039 -0.5064
vn 0.1237 -0.8102 -0.5729
vn 0.7936 -0.5678 0.2186
vn 0.8449 -0.5324 0.0529
vn 0.7884 -0.6130 -0.0512
vn 0.7690 -0.5797 0.2692
vn 0.8156 -0.5763 -0.0515
vn 0.8348 -0.5279 -0.1563
vn -0.4961 -0.8682 0.0004
vn -0.5985 -0.8011 0.0096
vn 0.7546 -0.5675 -0.3294
vn 0.7475 -0.5669 -0.3462
vn -0.5988 -0.8009 0.0096
vn -0.9593 -0.2799 0.0364
vn -0.9808 -0.1946 0.0133
vn 0.8877 0.0204 -0.4599
vn -0.0576 -0.7330 -0.6777
vn 0.1960 -0.9800 -0.0338
vn 0.8470 -0.0899 -0.5239
vn 0.1474 -0.8938 0.4236
vn 0.8899 -0.4250 0.1656
vn 0.7243 0.2053 -0.6582
vn 0.8516 0.2508 -0.4603
vn 0.0171 0.5368 -0.8436
vn 0.1127 0.3492 -0.9302
vn 0.8187 0.3452 -0.4589
vn -0.1312 0.6433 -0.7543
vn 0.9740 0.0557 -0.2196
vn 0.9831 0.0355 -0.1796
vn 0.9852 0.0412 -0.1666
vn 0.8509 -0.4099 0.3286
vn 0.1385 -0.7065 0.6941
vn 0.8971 -0.3394 0.2830
vn 0.1416 -0.7356 0.6625
vn 0.9938 0.0237 -0.1089
vn 0.9863 0.0273 -0.1628
vn 0.8162 0.3486 -0.4609
vn 0.7642 0.3343 -0.5516
vn -0.1292 0.6293 -0.7663
vn -0.1172 0.5324 -0.8383
vn 0.9860 0.0303 -0.1638
vn 0.7571 0.2975 -0.5816
vn 0.9126 -0.3026 0.2751
vn 0.1343 -0.6706 0.7296
vn -0.1097 0.4739 -0.8737
vn 0.3523 -0.8586 0.3724
vn 0.3523 -0.8586 0.3725
vn 0.9377 -0.3474 0.0050
vn 0.9405 -0.1531 0.3032
vn 0.8703 -0.4142 -0.2666
vn 0.1064 -0.8710 -0.4796
vn 0.0946 0.4938 0.8644
vn 0.8904 0.2293 0.3933
vn 0.7814 0.1736 0.5994
vn 0.1972 0.3023 0.9326
vn -0.0609 0.6044 0.7944
vn 0.8576 0.3236 0.3997
vn 0.9954 0.0287 0.0915
vn 0.9505 0.0492 0.3069
vn 0.9963 0.0350 0.0786
vn 0.8167 -0.3910 -0.4244
vn 0.0735 -0.6704 -0.7384
vn 0.0794 -0.7010 -0.7087
vn 0.8670 -0.3227 -0.3797
vn 0.9996 0.0205 0.0196
vn 0.9970 0.0213 0.0740
vn 0.8117 0.3079 0.4963
vn 0.8553 0.3268 0.4021
vn -0.0579 0.5897 0.8055
vn -0.0397 0.4893 0.8712
vn 0.8073 0.2696 0.5249
vn 0.9969 0.0243 0.0753
vn 0.7508 -0.4385 -0.4939
vn 0.0662 -0.6328 -0.7715
vn -0.0240 0.4011 0.9157
vn 0.7572 0.2974 -0.5816
vn 0.7494 0.3090 -0.5856
vn -0.1117 0.4900 -0.8645
vn 0.7286 0.2755 -0.6271
vn -0.1046 0.4357 -0.8940
vn 0.9783 0.0689 -0.1955
vn 0.9929 0.0151 -0.1178
vn 0.9125 -0.3026 0.2751
vn 0.8754 -0.3240 0.3588
vn 0.8712 -0.3143 0.3771
vn 0.8861 0.2378 -0.3978
vn 0.9853 0.0515 -0.1631
vn 0.9094 0.2742 -0.3128
vn 0.9866 0.1387 -0.0861
vn 0.6550 0.2954 -0.6955
vn 0.6051 0.3880 -0.6952
vn 0.9940 0.0639 -0.0886
vn 0.7166 0.3277 -0.6157
vn 0.1969 0.2086 -0.9580
vn 0.6263 0.1959 -0.7545
vn 0.8680 0.1868 -0.4600
vn 0.2443 -0.0919 -0.9653
vn 0.9972 0.0672 -0.0339
vn 0.3583 -0.4174 -0.8351
vn 0.9999 0.0122 -0.0123
vn 0.9840 -0.0633 0.1667
vn 0.9089 -0.2324 0.3462
vn 0.0445 0.4612 -0.8862
vn -0.7769 -0.1684 -0.6067
vn -0.8079 -0.2459 -0.5356
vn -0.4286 0.0580 -0.9016
vn 0.9863 0.0684 0.1499
vn -0.1937 -0.2682 -0.9437
vn -0.2688 -0.3296 -0.9050
vn 0.6996 -0.1020 -0.7072
vn 0.6143 -0.2131 -0.7598
vn 0.9388 0.0023 -0.3444
vn 0.9486 -0.0446 -0.3132
vn 0.9905 0.0886 -0.1048
vn 0.9981 0.0401 -0.0467
vn 0.9758 0.2080 0.0678
vn 0.9844 0.1069 0.1399
vn 0.5590 0.0624 -0.8268
vn -0.0433 -0.0657 -0.9969
vn 0.8520 0.1029 -0.5134
vn 0.7788 0.4395 -0.4476
vn 0.3665 0.2720 -0.8898
vn 0.8999 0.2058 -0.3845
vn 0.9978 0.0542 0.0388
vn 0.9892 0.1234 -0.0795
vn 0.7544 0.3157 -0.5755
vn 0.1226 0.4511 -0.8840
vn -0.1461 0.3978 -0.9058
vn -0.8125 0.1648 -0.5592
vn -0.4890 0.1770 -0.8541
vn -0.9855 -0.0064 -0.1696
vn -0.6927 -0.2930 -0.6591
vn -0.5943 -0.0883 -0.7994
vn -0.9957 -0.0621 -0.0694
vn -0.9236 -0.0825 -0.3743
vn -0.9401 -0.1412 -0.3101
vn -0.7044 -0.1805 -0.6865
vn -0.5762 -0.2578 -0.7756
vn 0.2572 -0.1904 -0.9474
vn 0.3289 -0.2520 -0.9101
vn 0.8390 -0.0690 -0.5398
vn 0.8480 -0.1225 -0.5156
vn 0.9660 0.0170 -0.2580
vn 0.9796 -0.0298 -0.1990
vn 0.2272 0.0216 -0.9736
vn -0.4759 -0.0519 -0.8780
vn 0.7145 0.0432 -0.6983
vn 0.1442 0.2336 -0.9616
vn 0.8340 0.1354 -0.5349
vn -0.6799 0.0767 -0.7293
vn 0.2224 0.2183 -0.9502
vn -0.0400 -0.0090 -0.9992
vn 0.0030 -0.2761 -0.9611
vn 0.0214 -0.3853 -0.9226
vn -0.0992 0.3957 -0.9130
vn -0.1028 0.4232 -0.9002
vn -0.0875 0.3116 -0.9462
vn -0.0319 0.4458 0.8946
vn 0.8001 0.2809 0.5301
vn -0.0341 0.4579 0.8884
vn -0.0223 0.3900 0.9205
vn 0.7830 0.2453 0.5716
vn 0.9921 0.0613 0.1094
vn 0.9969 0.0243 0.0752
vn 0.9995 0.0115 0.0281
vn 0.8386 -0.3035 -0.4524
vn 0.7510 -0.4391 -0.4932
vn 0.8328 -0.2930 -0.4697
vn 0.9346 0.2602 0.2426
vn 0.9906 0.1365 0.0033
vn 0.9961 0.0455 0.0757
vn 0.9190 0.2196 0.3274
vn 0.7159 0.2616 0.6474
vn 0.6664 0.3540 0.6562
vn 0.9981 0.0616 0.0014
vn 0.7700 0.2980 0.5641
vn 0.6925 0.1591 0.7037
vn 0.2832 0.1607 0.9455
vn 0.9065 0.1654 0.3884
vn 0.3304 -0.1397 0.9334
vn 0.9963 0.0677 -0.0531
vn 0.4314 -0.4580 0.7772
vn 0.9969 0.0138 -0.0776
vn 0.9452 -0.0726 -0.3184
vn 0.8734 -0.2127 -0.4381
vn 0.1255 0.4162 0.9006
vn -0.7192 -0.2004 0.6653
vn -0.7567 -0.2743 0.5935
vn -0.3452 0.0117 0.9385
vn 0.9689 0.0781 -0.2348
vn -0.1866 -0.3752 0.9080
vn -0.1081 -0.3157 0.9427
vn 0.6800 -0.2496 0.6894
vn 0.7605 -0.1358 0.6350
vn 0.9730 -0.0581 0.2234
vn 0.9661 -0.0129 0.2578
vn 0.9983 0.0400 -0.0418
vn 0.9962 0.0854 0.0191
vn 0.9679 0.1160 -0.2229
vn 0.9661 0.2134 -0.1452
vn 0.0470 -0.1158 0.9922
vn 0.6317 0.0221 0.7749
vn 0.8952 0.0789 0.4387
vn 0.8171 0.4182 0.3968
vn 0.4461 0.2278 0.8655
vn 0.9314 0.1883 0.3114
vn 0.9926 0.1215 -0.0042
vn 0.9903 0.0583 -0.1261
vn 0.8041 0.2881 0.5200
vn 0.2032 0.4064 0.8908
vn -0.0626 0.3515 0.9341
vn -0.4093 0.1327 0.9027
vn -0.7582 0.1346 0.6380
vn -0.5198 -0.1296 0.8444
vn -0.6309 -0.3273 0.7034
vn -0.9661 -0.0171 0.2576
vn -0.9854 -0.0678 0.1560
vn -0.9085 -0.1588 0.3864
vn -0.8862 -0.1033 0.4517
vn -0.5042 -0.2977 0.8106
vn -0.6398 -0.2163 0.7375
vn 0.4093 -0.2967 0.8628
vn 0.3414 -0.2372 0.9095
vn 0.8909 -0.1463 0.4300
vn 0.8842 -0.0941 0.4575
vn 0.9935 -0.0375 0.1078
vn 0.9854 0.0062 0.1700
vn -0.3946 -0.0970 0.9137
vn 0.3146 -0.0267 0.9488
vn 0.7749 0.0097 0.6321
vn 0.2311 0.1853 0.9551
vn 0.8793 0.1103 0.4634
vn -0.6109 0.0384 0.7908
vn 0.3080 0.1708 0.9359
vn 0.0505 -0.0592 0.9970
vn 0.0893 -0.3240 0.9418
vn 0.1039 -0.4311 0.8963
vn -0.0153 0.3491 0.9370
vn -0.0199 0.3773 0.9259
vn -0.0008 0.2634 0.9647
vn 0.1341 -0.6706 0.7296
vn 0.1293 -0.6292 0.7664
vn 0.9126 -0.3025 0.2751
vn 0.1247 -0.5917 0.7965
vn 0.1456 -0.7740 0.6162
vn 0.3866 -0.7503 0.5362
vn 0.8487 -0.4685 0.2454
vn 0.1538 -0.8663 0.4752
vn 0.8023 -0.3199 0.5039
vn 0.0086 -0.8293 0.5588
vn 0.1519 -0.9879 -0.0323
vn -0.4906 -0.8134 0.3126
vn 0.1343 -0.9460 -0.2950
vn 0.9089 -0.2325 0.3461
vn 0.8795 -0.2160 0.4241
vn 0.9509 -0.1099 0.2894
vn 0.6214 -0.4846 0.6156
vn 0.7917 -0.2538 0.5558
vn 0.5856 -0.5288 0.6143
vn 0.6968 -0.5463 0.4649
vn 0.3257 -0.7587 0.5642
vn 0.2605 -0.9629 0.0703
vn 0.1358 -0.6856 0.7152
vn -0.7124 -0.6316 0.3059
vn -0.8442 -0.5262 -0.1023
vn 0.1907 -0.5469 0.8152
vn 0.7315 -0.2789 0.6222
vn 0.8959 -0.1005 0.4328
vn 0.9778 -0.2075 0.0304
vn 0.8122 -0.5700 0.1239
vn 0.7588 -0.5852 -0.2861
vn 0.8925 -0.3514 0.2826
vn -0.1796 -0.9836 -0.0160
vn -0.2715 -0.8120 -0.5167
vn 0.2158 -0.6340 0.7426
vn 0.8315 -0.2858 0.4764
vn 0.8693 -0.1034 0.4834
vn 0.9407 -0.1298 0.3134
vn 0.8197 -0.2703 0.5050
vn 0.9182 -0.1382 0.3712
vn 0.9524 -0.1728 0.2513
vn 0.1616 -0.5256 0.8352
vn -0.7024 -0.3737 0.6059
vn -0.9175 -0.2288 0.3254
vn 0.9159 -0.3571 -0.1834
vn 0.6097 -0.7894 0.0714
vn 0.2946 -0.8424 -0.4512
vn 0.8978 -0.4063 0.1701
vn -0.6649 -0.7409 0.0949
vn -0.7724 -0.5637 -0.2927
vn 0.1166 -0.6222 0.7741
vn -0.7917 -0.4659 0.3951
vn 0.7828 -0.3757 0.4960
vn -0.9382 -0.3418 0.0540
vn 0.9719 -0.1841 0.1464
vn 0.1203 -0.5570 0.8218
vn 0.1180 -0.5386 0.8342
vn 0.0580 -0.5897 -0.8055
vn 0.7509 -0.4390 -0.4933
vn 0.0660 -0.6328 -0.7715
vn 0.0507 -0.5506 -0.8332
vn 0.3348 -0.7216 -0.6060
vn 0.1082 -0.8410 -0.5301
vn 0.0875 -0.7419 -0.6648
vn 0.8219 -0.4537 -0.3444
vn 0.7527 -0.2924 -0.5899
vn -0.0439 -0.8002 -0.5982
vn 0.1515 -0.9880 -0.0311
vn 0.1583 -0.9593 0.2338
vn -0.5187 -0.7978 -0.3074
vn 0.9452 -0.0727 -0.3184
vn 0.8370 -0.1925 -0.5123
vn 0.8734 -0.2127 -0.4382
vn 0.5621 -0.4517 -0.6928
vn 0.7376 -0.2237 -0.6371
vn 0.5264 -0.4960 -0.6906
vn 0.2509 -0.9576 -0.1418
vn 0.2716 -0.7287 -0.6287
vn 0.6506 -0.5206 -0.5529
vn 0.0688 -0.6485 -0.7581
vn -0.7386 -0.6171 -0.2715
vn -0.8327 -0.5326 0.1517
vn 0.6716 -0.2456 -0.6991
vn 0.1152 -0.5048 -0.8555
vn 0.8529 -0.0766 -0.5165
vn 0.7801 -0.5971 0.1866
vn 0.7965 -0.5611 -0.2253
vn 0.9705 -0.2034 -0.1291
vn 0.8625 -0.3347 -0.3795
vn -0.1797 -0.9836 -0.0172
vn -0.2255 -0.8375 0.4977
vn 0.1463 -0.5954 -0.7900
vn 0.7844 -0.2596 -0.5633
vn 0.8217 -0.0770 -0.5647
vn 0.9082 -0.1118 -0.4033
vn 0.8805 -0.1173 -0.4592
vn 0.7700 -0.2428 -0.5901
vn 0.9253 -0.1578 -0.3448
vn 0.0842 -0.4827 -0.8718
vn -0.7551 -0.3444 -0.5578
vn -0.9437 -0.2143 -0.2522
vn 0.3323 -0.8633 0.3798
vn 0.5990 -0.7834 -0.1658
vn 0.9279 -0.3638 0.0816
vn 0.8778 -0.3952 -0.2708
vn -0.6724 -0.7367 -0.0714
vn -0.7440 -0.5794 0.3327
vn 0.0447 -0.5822 -0.8118
vn -0.8253 -0.4473 -0.3446
vn 0.7339 -0.3485 -0.5831
vn -0.9400 -0.3408 0.0140
vn 0.9543 -0.1743 -0.2428
vn 0.0442 -0.5148 -0.8562
vn 0.0408 -0.4958 -0.8675
vn 0.9895 -0.0569 -0.1328
vn 0.9816 -0.1199 -0.1488
vn 0.6808 0.0086 -0.7324
vn 0.7270 0.0962 -0.6798
vn 0.0265 0.0635 -0.9976
vn 0.0402 0.2060 -0.9777
vn 0.2595 -0.4720 0.8426
vn 0.1571 -0.3680 0.9165
vn 0.8444 -0.2160 0.4902
vn 0.8828 -0.1940 0.4278
vn 0.0787 -0.1794 0.9806
vn 0.8273 -0.1536 0.5403
vn 0.7061 -0.0474 -0.7065
vn -0.0144 -0.0181 -0.9997
vn 0.9863 -0.1254 -0.1075
vn 0.4308 -0.8639 0.2610
vn 0.9393 -0.3354 -0.0728
vn 0.6727 0.0368 -0.7390
vn 0.0510 0.1142 -0.9921
vn 0.9173 -0.0662 -0.3927
vn 0.9950 -0.0883 -0.0474
vn 0.8537 -0.0501 -0.5184
vn 0.9970 -0.0776 -0.0011
vn 0.8077 -0.0578 -0.5868
vn 0.8260 -0.0731 0.5589
vn 0.8970 -0.0741 0.4358
vn 0.0712 -0.0677 0.9952
vn 0.0849 -0.0734 0.9937
vn 0.1342 -0.0306 -0.9905
vn -0.0056 -0.0232 -0.9997
vn 0.9960 -0.0729 -0.0520
vn 0.9942 -0.1014 -0.0361
vn 0.7732 -0.0780 -0.6294
vn 0.7577 -0.0404 -0.6514
vn 0.8509 -0.0908 0.5174
vn 0.8245 -0.0880 0.5589
vn 0.0762 -0.0866 0.9933
vn 0.6211 -0.0849 0.7791
vn -0.0333 -0.0578 -0.9978
vn -0.0110 -0.0634 -0.9979
vn 0.6129 -0.0760 0.7865
vn 0.8155 -0.0616 0.5755
vn 0.9961 -0.0497 -0.0733
vn 0.7258 -0.0377 -0.6869
vn -0.0368 -0.0519 -0.9980
vn 0.8356 0.0446 -0.5476
vn 0.0002 0.0052 -1.0000
vn 0.8818 0.0190 0.4713
vn 0.1953 -0.0514 0.9794
vn 0.9985 0.0305 -0.0445
vn 0.7858 0.0636 0.6152
vn 0.7443 -0.0266 0.6673
vn 0.9973 -0.0612 0.0397
vn 0.9907 -0.1250 0.0531
vn 0.1290 0.1567 0.9792
vn 0.1168 0.0133 0.9931
vn 0.7961 -0.1892 -0.5748
vn 0.1811 -0.4284 -0.8852
vn 0.8400 -0.1702 -0.5151
vn 0.0727 -0.3212 -0.9442
vn 0.7747 -0.1244 -0.6200
vn -0.0108 -0.1297 -0.9915
vn 0.0760 -0.0684 0.9948
vn 0.7671 -0.0812 0.6364
vn 0.9917 -0.1284 0.0114
vn 0.9412 -0.3365 -0.0294
vn 0.4034 -0.8486 -0.3423
vn 0.7369 0.0011 0.6760
vn 0.1408 0.0644 0.9879
vn 0.9489 -0.0838 0.3042
vn 0.9928 -0.0753 -0.0930
vn 0.8573 -0.0854 0.5076
vn 0.7719 -0.0430 -0.6343
vn -0.0055 -0.0232 -0.9997
vn -0.0193 -0.0175 -0.9997
vn 0.2232 -0.0800 0.9715
vn 0.0848 -0.0734 0.9937
vn 0.8268 -0.1078 0.5521
vn 0.9931 -0.1009 -0.0592
vn 0.9964 -0.0732 -0.0421
vn 0.8134 -0.0713 0.5774
vn 0.7704 -0.0579 -0.6349
vn 0.8004 -0.0627 -0.5962
vn -0.0243 -0.0505 -0.9984
vn -0.0142 -0.0364 -0.9992
vn 0.0792 -0.1134 0.9904
vn 0.0569 -0.1079 0.9925
vn 0.7599 -0.0308 -0.6493
vn -0.0304 -0.0494 -0.9983
vn 0.9985 -0.0511 -0.0197
vn 0.7849 -0.0705 0.6156
vn 0.0536 -0.1020 0.9933
vn 0.0907 -0.0450 0.9949
vn 0.1057 -0.0017 -0.9944
vn 0.0172 0.3700 0.9289
vn 0.1086 0.0747 0.9913
vn -0.1586 0.3473 0.9242
vn -0.1663 0.1149 0.9793
vn 0.2465 0.5623 0.7893
vn 0.0804 0.6958 0.7137
vn 0.1205 0.0881 0.9888
vn 0.3142 0.6299 0.7103
vn 0.7424 0.6287 0.2316
vn 0.5464 0.5565 0.6259
vn 0.2044 0.3599 0.9103
vn 0.9564 0.2551 0.1422
vn -0.0882 0.0239 0.9958
vn 0.9772 -0.2006 0.0695
vn 0.0235 -0.1936 0.9808
vn -0.0445 -0.1908 0.9806
vn 0.1825 -0.4817 0.8571
vn 0.1823 0.9264 0.3293
vn 0.8007 0.1334 -0.5841
vn 0.7826 -0.1037 -0.6138
vn 0.8118 0.3976 -0.4276
vn -0.3108 -0.0627 0.9484
vn 0.9803 0.1524 -0.1260
vn 0.9779 -0.0619 -0.1995
vn 0.8712 0.1406 0.4704
vn 0.9100 -0.0820 0.4064
vn 0.4275 0.1165 0.8965
vn 0.4401 -0.0986 0.8925
vn -0.0430 0.0796 0.9959
vn -0.0161 0.0046 0.9999
vn -0.4468 0.0945 0.8896
vn -0.3653 -0.0223 0.9306
vn 0.8187 0.3129 0.4815
vn 0.9381 0.3411 -0.0607
vn 0.4368 0.2987 0.8485
vn -0.3818 0.4932 0.7816
vn 0.6702 0.6575 0.3443
vn 0.0815 0.3884 0.9179
vn -0.1701 -0.1968 0.9656
vn -0.1443 0.0981 0.9847
vn 0.0099 0.5112 0.8594
vn 0.2028 0.9434 0.2626
vn 0.3890 0.9166 0.0921
vn 0.3736 0.4977 -0.7827
vn 0.7980 0.5502 -0.2457
vn 0.2193 0.1332 -0.9665
vn 0.4797 -0.1710 -0.8606
vn 0.7883 0.2093 -0.5786
vn 0.5596 0.1400 -0.8169
vn 0.5523 -0.0847 -0.8294
vn 0.8485 0.1434 -0.5093
vn 0.8929 -0.0384 -0.4486
vn 0.9723 0.1745 0.1555
vn 0.9880 -0.0604 0.1424
vn 0.6587 0.1068 0.7448
vn 0.7171 -0.0662 0.6938
vn 0.2986 0.0891 0.9502
vn 0.2709 -0.1427 0.9520
vn 0.9113 0.3771 0.1652
vn 0.8852 0.3307 -0.3273
vn 0.7379 0.2977 0.6057
vn 0.7658 0.6381 0.0804
vn 0.4103 0.3970 0.8210
vn 0.6327 0.3937 -0.6668
vn 0.7228 0.6391 0.2628
vn 0.9911 0.1262 -0.0418
vn 0.9119 0.4091 -0.0311
vn 0.9937 -0.1014 -0.0476
vn 0.3361 0.9418 0.0085
vn 0.5691 0.8223 -0.0051
vn 0.6229 0.7822 -0.0086
vn -0.2540 0.1636 -0.9533
vn 0.0187 0.1247 -0.9920
vn -0.2407 0.3930 -0.8875
vn -0.0661 0.4162 -0.9069
vn 0.1753 0.6018 -0.7791
vn 0.0172 0.7310 -0.6822
vn 0.0307 0.1379 -0.9900
vn 0.2501 0.6655 -0.7033
vn 0.4888 0.5885 -0.6441
vn 0.7198 0.6412 -0.2660
vn 0.1222 0.4056 -0.9059
vn 0.9402 0.2641 -0.2151
vn -0.1779 0.0737 -0.9813
vn 0.9665 -0.1946 -0.1675
vn -0.0658 -0.1440 -0.9874
vn -0.1517 -0.1933 -0.9693
vn 0.1032 -0.4376 -0.8932
vn 0.1539 0.9423 -0.2974
vn 0.8505 0.1058 0.5152
vn 0.8916 -0.3519 0.2849
vn 0.8481 0.3775 0.3718
vn -0.4099 -0.1626 -0.8975
vn 0.9918 -0.0696 0.1069
vn 0.9880 0.1482 0.0443
vn 0.8693 -0.0594 -0.4907
vn 0.8254 0.1660 -0.5396
vn 0.3572 -0.0526 -0.9325
vn 0.3449 0.1623 -0.9245
vn -0.1586 -0.1163 -0.9805
vn -0.1328 0.1294 -0.9827
vn -0.4657 -0.1529 -0.8716
vn -0.5252 0.1381 -0.8397
vn 0.7725 0.3386 -0.5373
vn 0.9405 0.3398 -0.0074
vn 0.3589 0.3420 -0.8685
vn -0.4499 0.5310 -0.7181
vn 0.6378 0.6755 -0.3701
vn -0.0010 0.4342 -0.9008
vn -0.2326 0.1471 -0.9614
vn -0.2572 -0.1484 -0.9549
vn -0.0668 0.5538 -0.8300
vn 0.1804 0.9558 -0.2321
vn 0.3812 0.9210 -0.0808
vn 0.8182 0.5390 0.1998
vn 0.4441 0.4586 0.7697
vn 0.8379 0.1817 0.5146
vn 0.5780 -0.2138 0.7875
vn 0.3061 0.0850 0.9482
vn 0.5781 -0.2138 0.7875
vn 0.6249 -0.1250 0.7706
vn 0.6315 0.1001 0.7689
vn 0.9298 -0.0589 0.3634
vn 0.8915 0.1196 0.4370
vn 0.9709 -0.0509 -0.2341
vn 0.9546 0.1843 -0.2339
vn 0.6512 -0.0297 -0.7584
vn 0.5888 0.1456 -0.7951
vn 0.1834 -0.0941 -0.9785
vn 0.2116 0.1373 -0.9676
vn 0.9119 0.3159 0.2621
vn 0.8935 0.3870 -0.2277
vn 0.6807 0.3295 -0.6543
vn 0.7568 0.6430 -0.1172
vn 0.3352 0.4387 -0.8338
vn 0.6913 0.3612 0.6258
vn 0.6975 0.6531 -0.2947
vn 0.0386 -0.0254 -0.9989
vn -0.1043 -0.5667 -0.8173
vn 0.0114 -0.0311 -0.9995
vn -0.3978 -0.4703 -0.7878
vn 0.1288 -0.0754 0.9888
vn -0.0312 -0.6073 0.7939
vn 0.1018 -0.0812 0.9915
vn -0.3261 -0.5101 0.7959
vn 0.4900 0.3435 -0.8012
vn 0.7385 0.1934 -0.6459
vn 0.5613 0.3040 0.7698
vn 0.7944 0.1624 0.5853
vn 0.8823 0.4699 -0.0282
vn 0.9819 0.1854 -0.0399
vn 0.0003 0.0052 -1.0000
vn 0.8356 0.0447 -0.5476
vn 0.1951 -0.0514 0.9794
vn 0.9985 0.0306 -0.0445
vn -0.2408 0.3930 -0.8875
vn -0.0660 0.4162 -0.9069
vn 0.1221 0.4056 -0.9059
vn 0.9402 0.2641 -0.2152
vn 0.9776 0.0079 -0.2105
vn -0.0921 0.0108 -0.9957
vn 0.1539 0.9422 -0.2975
vn 0.8568 0.0258 0.5150
vn -0.4099 -0.1627 -0.8975
vn -0.2412 0.0250 -0.9702
vn 0.1803 0.9558 -0.2321
vn 0.8380 0.1817 0.5146
vn 0.8061 -0.2119 0.5525
vn 0.2246 -0.1858 0.9566
vn 0.6316 0.1001 0.7688
vn 0.8935 0.3870 -0.2278
vn 0.3352 0.4386 -0.8338
vn 0.6228 0.7823 -0.0086
vn -0.1664 0.1149 0.9793
vn 0.7424 0.6286 0.2316
vn 0.2045 0.3598 0.9103
vn -0.0638 -0.2421 0.9682
vn 0.1823 0.9265 0.3292
vn -0.3274 -0.2084 0.9216
vn 0.9100 -0.0820 0.4063
vn -0.0695 -0.1658 0.9837
vn -0.3854 -0.1975 0.9014
vn 0.3891 0.9166 0.0920
vn 0.7523 -0.1820 -0.6331
vn 0.7883 0.2092 -0.5786
vn 0.1367 -0.1371 -0.9811
vn 0.5596 0.1401 -0.8168
vn 0.5523 -0.0847 -0.8293
vn 0.9113 0.3771 0.1650
vn 0.1017 -0.0812 0.9915
vn 0.8822 0.4699 -0.0282
vn 0.0908 -0.0450 0.9948
vn 0.1055 -0.0017 -0.9944
vn 0.5819 -0.5330 0.6143
vn 0.6203 -0.7829 -0.0479
vn 0.6567 -0.7423 0.1334
vn 0.7472 -0.6626 -0.0506
vn 0.0361 -0.6479 0.7609
vn 0.7694 -0.6387 -0.0075
vn 0.8706 -0.4892 -0.0518
vn 0.4796 -0.1709 -0.8607
vn -0.0833 -0.2948 0.9519
vn 0.1826 -0.4818 0.8571
vn -0.0090 -0.4603 0.8877
vn 0.3819 -0.7419 0.5511
vn -0.1844 -0.6085 0.7718
vn 0.2761 -0.8891 0.3649
vn 0.6317 -0.7560 0.1717
vn 0.4942 -0.7344 0.4653
vn 0.9772 -0.2006 0.0694
vn 0.4568 -0.8885 -0.0431
vn 0.6863 -0.4236 -0.5912
vn 0.7827 -0.1037 -0.6137
vn -0.2217 -0.6729 0.7057
vn 0.1115 -0.9927 0.0459
vn -0.3372 -0.3652 0.8677
vn 0.4400 -0.0986 0.8926
vn 0.7491 -0.4701 0.4667
vn 0.3731 -0.5168 0.7705
vn 0.8975 -0.4232 -0.1244
vn 0.3596 -0.9322 0.0416
vn -0.0034 -0.5998 0.8001
vn -0.3932 -0.3885 0.8333
vn -0.1252 -0.3457 0.9300
vn -0.0783 -0.6006 0.7957
vn -0.1702 -0.1968 0.9656
vn 0.0235 -0.1937 0.9808
vn 0.0374 -0.9991 0.0220
vn 0.0031 -0.6157 -0.7880
vn 0.6210 -0.4270 0.6573
vn 0.8365 -0.5377 0.1058
vn 0.7171 -0.0663 0.6938
vn 0.7860 -0.3963 -0.4746
vn 0.8930 -0.0384 -0.4485
vn 0.3035 -0.9516 -0.0491
vn 0.3925 -0.5055 -0.7684
vn 0.1674 -0.6856 0.7085
vn 0.5522 -0.0848 -0.8294
vn 0.3059 -0.9513 -0.0378
vn 0.1493 -0.9883 -0.0317
vn 0.6402 -0.7331 -0.2295
vn 0.5227 -0.5001 -0.6904
vn -0.0344 -0.6088 -0.7926
vn 0.7655 -0.6365 -0.0942
vn 0.5781 -0.2137 0.7875
vn -0.0903 -0.4151 -0.9053
vn 0.1032 -0.4377 -0.8932
vn 0.3288 -0.7125 -0.6199
vn -0.2548 -0.5694 -0.7816
vn 0.2400 -0.8691 -0.4326
vn 0.6118 -0.7450 -0.2659
vn 0.4484 -0.7090 -0.5444
vn 0.7360 -0.4512 0.5047
vn 0.8916 -0.3520 0.2850
vn 0.1046 -0.9889 -0.1056
vn -0.2862 -0.6371 -0.7157
vn -0.4098 -0.1627 -0.8976
vn 0.8693 -0.0595 -0.4907
vn 0.7028 -0.4444 -0.5556
vn 0.3573 -0.0527 -0.9325
vn 0.3007 -0.4766 -0.8261
vn 0.9041 -0.4269 0.0213
vn 0.9918 -0.0697 0.1069
vn 0.3522 -0.9281 -0.1207
vn 0.8916 -0.3520 0.2848
vn -0.1586 -0.1164 -0.9805
vn -0.2573 -0.1485 -0.9549
vn -0.1512 -0.5600 -0.8146
vn -0.0658 -0.1441 -0.9874
vn 0.0330 -0.9966 -0.0755
vn 0.0730 -0.6544 0.7526
vn 0.9709 -0.0509 -0.2340
vn 0.5580 -0.3920 -0.7314
vn 0.6512 -0.0297 -0.7583
vn 0.8222 -0.5298 -0.2079
vn 0.8248 -0.4179 0.3810
vn 0.4593 -0.5425 0.7034
vn 0.3045 -0.9521 -0.0264
vn 0.1010 -0.6488 -0.7542
vn 0.6249 -0.1251 0.7706
vn 0.1833 -0.0941 -0.9785
vn -0.1042 -0.5668 -0.8173
vn -0.1421 -0.9897 -0.0185
vn -0.3980 -0.4703 -0.7877
vn -0.7619 -0.6475 0.0183
vn -0.0311 -0.6073 0.7938
vn -0.3261 -0.5102 0.7958
vn 0.6203 -0.7829 -0.0478
vn 0.6400 -0.7333 -0.2296
vn 0.8707 -0.4891 -0.0518
vn 0.7655 -0.6366 -0.0942
vn 0.8061 -0.2119 0.5526
vn -0.1516 -0.1933 -0.9693
vn 0.8894 -0.4460 -0.1006
vn 0.7843 -0.3057 0.5398
vn -0.4098 -0.1627 -0.8975
vn -0.0771 -0.5589 -0.8257
vn -0.4657 -0.1530 -0.8716
vn -0.2659 -0.3372 -0.9031
vn -0.1513 -0.5600 -0.8145
vn -0.0349 -0.3103 -0.9500
vn 0.0729 -0.6544 0.7526
vn 0.2244 -0.1859 0.9566
vn 0.4592 -0.5425 0.7034
vn 0.6566 -0.7423 0.1335
vn 0.7523 -0.1820 -0.6332
vn -0.0638 -0.2421 0.9681
vn -0.1843 -0.6085 0.7718
vn 0.2762 -0.8891 0.3649
vn 0.7827 -0.1037 -0.6138
vn -0.3274 -0.2085 0.9216
vn 0.3732 -0.5168 0.7705
vn 0.8975 -0.4232 -0.1243
vn -0.0034 -0.5999 0.8001
vn -0.3853 -0.1976 0.9014
vn -0.0696 -0.1659 0.9837
vn -0.0782 -0.6006 0.7958
vn 0.8929 -0.0384 -0.4485
vn 0.1674 -0.6857 0.7084
vn 0.4545 0.0359 -0.8900
vn 0.6425 -0.0556 -0.7643
vn 0.0711 -0.0478 -0.9963
vn 0.0498 0.0533 -0.9973
vn 0.8028 0.1062 -0.5867
vn 0.8386 0.0832 -0.5383
vn 0.7109 0.0884 -0.6977
vn 0.4608 0.0884 -0.8831
vn 0.7098 0.0409 -0.7032
vn 0.9209 -0.2949 -0.2549
vn 0.7894 -0.3386 -0.5121
vn 0.8714 0.0361 -0.4893
vn 0.9059 -0.0289 -0.4226
vn 0.9726 0.0290 -0.2306
vn 0.9690 -0.0492 -0.2421
vn 0.9988 0.0192 -0.0448
vn 0.9976 -0.0512 -0.0465
vn 0.8514 -0.1475 -0.5033
vn 0.6727 0.0367 -0.7390
vn 0.9173 -0.0663 -0.3927
vn 0.9393 -0.3354 -0.0729
vn 0.4308 -0.8638 0.2612
vn 0.9586 -0.1462 -0.2443
vn 0.9846 -0.1677 -0.0489
vn 0.9285 -0.3679 -0.0514
vn 0.0510 0.1142 -0.9922
vn 0.8056 -0.1680 -0.5682
vn 0.9154 0.0362 -0.4010
vn 0.8570 0.0598 -0.5119
vn 0.6931 0.0082 -0.7208
vn 0.3864 0.1149 -0.9151
vn 0.1051 0.2371 -0.9658
vn -0.2369 0.2499 -0.9388
vn 0.8257 0.0764 -0.5590
vn 0.8470 -0.0899 -0.5240
vn 0.9166 0.1060 -0.3854
vn 0.9110 0.1211 -0.3942
vn -0.0577 -0.7330 -0.6778
vn 0.0913 -0.0418 -0.9949
vn 0.1127 0.3492 -0.9303
vn 0.9684 0.0232 -0.2481
vn 0.9655 0.1147 -0.2336
vn 0.9698 0.1231 -0.2104
vn 0.9984 0.0337 -0.0444
vn 0.9919 0.1198 -0.0420
vn 0.9922 0.1177 -0.0420
vn 0.9955 0.0846 -0.0430
vn 0.9603 0.0967 -0.2618
vn 0.8943 0.0964 -0.4369
vn 0.1282 0.0776 -0.9887
vn 0.9024 -0.2498 -0.3511
vn 0.9647 -0.2585 -0.0503
vn 0.1608 -0.0976 0.9821
vn 0.7089 -0.0925 0.6992
vn 0.5333 -0.0078 0.8459
vn 0.1400 0.0033 0.9901
vn 0.8841 0.0580 0.4637
vn 0.7069 -0.0184 0.7071
vn 0.8528 0.0785 0.5163
vn 0.5391 0.0450 0.8410
vn 0.7713 0.0549 0.6341
vn 0.7706 0.0072 0.6373
vn 0.8317 -0.3621 0.4209
vn 0.9395 -0.3053 0.1554
vn 0.9403 -0.0480 0.3369
vn 0.9122 0.0135 0.4096
vn 0.9868 -0.0591 0.1506
vn 0.9896 0.0196 0.1428
vn 0.8932 -0.1706 0.4161
vn 0.7368 0.0011 0.6761
vn 0.9489 -0.0838 0.3043
vn 0.4034 -0.8486 -0.3422
vn 0.9765 -0.1561 0.1489
vn 0.1408 0.0643 0.9879
vn 0.8999 0.0360 0.4346
vn 0.9480 0.0181 0.3178
vn 0.8533 -0.1945 0.4838
vn 0.7555 -0.0264 0.6546
vn -0.1504 0.2019 0.9678
vn 0.1926 0.1886 0.9630
vn 0.4679 0.0696 0.8810
vn 0.9504 0.0492 0.3070
vn 0.9405 -0.1531 0.3033
vn 0.9480 0.0886 0.3058
vn 0.9432 0.1033 0.3157
vn 0.3518 -0.8588 0.3725
vn 0.1808 -0.0915 0.9792
vn 0.1972 0.3022 0.9326
vn 0.9830 0.1050 0.1507
vn 0.9870 0.0129 0.1604
vn 0.9852 0.1146 0.1277
vn 0.9802 0.0856 0.1784
vn 0.9304 0.0764 0.3585
vn 0.2173 0.0281 0.9757
vn 0.9299 -0.2650 0.2551
vn 0.5638 -0.2173 -0.7968
vn 0.8056 -0.1681 -0.5682
vn 0.5649 -0.0320 -0.8245
vn 0.2455 -0.3010 -0.9215
vn 0.3887 -0.1417 -0.9104
vn 0.4604 -0.3878 -0.7985
vn 0.8506 -0.5232 -0.0518
vn 0.9647 -0.2586 -0.0503
vn 0.8059 -0.5444 -0.2325
vn 0.6112 -0.5177 -0.5987
vn 0.9024 -0.2498 -0.3512
vn 0.7241 -0.5560 -0.4082
vn 0.3865 0.1149 -0.9151
vn 0.2989 0.0894 -0.9501
vn -0.2369 0.2500 -0.9388
vn -0.1379 0.2442 -0.9599
vn -0.3578 0.3094 -0.8810
vn -0.3522 0.3446 -0.8702
vn -0.4699 0.4852 -0.7374
vn -0.2989 0.5089 -0.8073
vn -0.5316 0.4859 -0.6938
vn -0.4317 0.3755 -0.8202
vn 0.0745 0.1394 -0.9874
vn -0.1138 0.3567 -0.9273
vn -0.7193 0.1511 -0.6781
vn -0.7937 0.1924 -0.5770
vn -0.4814 0.6622 -0.5742
vn -0.5442 0.6456 -0.5358
vn -0.4389 0.8198 -0.3678
vn -0.6334 0.7174 -0.2899
vn -0.6650 0.5915 -0.4560
vn -0.7634 0.6083 -0.2171
vn -0.3559 0.8956 -0.2669
vn -0.4752 0.8788 0.0437
vn -0.2886 0.9567 0.0372
vn -0.7028 0.7097 0.0497
vn -0.8076 0.5875 0.0514
vn -0.0708 0.9573 -0.2803
vn 0.1412 0.9898 0.0185
vn -0.2958 0.8340 -0.4658
vn -0.4668 0.3265 -0.8219
vn -0.1480 0.1634 -0.9754
vn -0.0919 0.1422 -0.9856
vn 0.1851 0.1986 -0.9624
vn 0.2066 0.3489 -0.9141
vn 0.4087 0.1512 -0.9001
vn 0.2837 0.2908 -0.9138
vn 0.5781 0.1777 -0.7964
vn 0.5972 0.1225 -0.7927
vn 0.4619 0.2419 -0.8533
vn 0.9798 0.1958 -0.0395
vn 0.9522 0.3033 -0.0356
vn 0.9497 0.1886 -0.2499
vn 0.8878 0.2968 -0.3518
vn 0.9200 -0.2347 -0.3140
vn 0.8990 -0.4348 -0.0517
vn 0.8386 -0.4241 -0.3418
vn 0.9693 -0.2407 -0.0500
vn 0.8580 -0.3984 -0.3243
vn 0.8870 -0.4589 -0.0518
vn 0.8831 -0.3790 -0.2765
vn 0.8709 -0.4887 -0.0518
vn 0.9929 -0.0382 -0.1129
vn 0.9987 -0.0233 -0.0459
vn 0.9733 -0.0523 -0.2236
vn 0.9963 -0.0715 -0.0470
vn 0.8381 -0.5430 -0.0517
vn 0.7234 -0.6886 -0.0502
vn 0.8428 -0.4919 -0.2186
vn 0.6864 -0.6884 -0.2344
vn 0.4951 -0.8677 -0.0443
vn 0.4577 -0.8563 -0.2392
vn 0.5693 -0.8208 -0.0465
vn 0.6245 -0.7484 -0.2234
vn 0.9795 0.1978 -0.0394
vn 0.9751 0.1577 -0.1558
vn 0.8843 0.4661 -0.0284
vn 0.7810 0.4204 -0.4619
vn 0.3313 0.9005 -0.2818
vn 0.3830 0.9237 0.0059
vn 0.8695 0.4932 -0.0270
vn 0.8582 0.4910 -0.1497
vn 0.6877 0.7259 -0.0129
vn 0.5971 0.7689 -0.2288
vn 0.9477 0.3171 -0.0350
vn 0.9522 0.2781 -0.1264
vn 0.6506 0.7594 -0.0104
vn 0.5987 0.5981 -0.5327
vn 0.7019 0.7122 -0.0139
vn 0.5103 0.6308 -0.5845
vn 0.1521 0.5485 -0.8222
vn 0.8815 0.3058 -0.3598
vn 0.7838 0.2797 -0.5545
vn 0.2042 0.6906 -0.6939
vn 0.8784 -0.3564 -0.3184
vn 0.7929 -0.5560 -0.2492
vn 0.8882 -0.0309 -0.4584
vn 0.8814 -0.1094 -0.4596
vn 0.8019 -0.1150 -0.5863
vn 0.8136 -0.2169 -0.5394
vn 0.7071 0.1199 -0.6968
vn 0.7572 0.2763 -0.5919
vn 0.7336 0.1480 -0.6633
vn 0.5043 0.3159 -0.8036
vn 0.6463 0.1758 -0.7425
vn 0.4883 0.5081 -0.7096
vn 0.8998 0.1488 -0.4103
vn 0.8026 0.1218 -0.5840
vn 0.8074 0.1058 -0.5804
vn 0.7235 0.1394 -0.6761
vn 0.6159 0.0658 -0.7851
vn 0.7495 0.0767 -0.6575
vn 0.9127 0.1450 -0.3820
vn 0.8065 0.2674 -0.5273
vn 0.9778 0.2077 -0.0288
vn 0.9284 0.0642 -0.3659
vn 0.8688 0.0897 -0.4869
vn 0.9745 0.1636 0.1534
vn 0.9728 0.1571 -0.1700
vn 0.9716 0.0970 -0.2158
vn 0.9562 0.0518 -0.2881
vn 0.9269 0.0348 -0.3737
vn 0.9525 0.1783 -0.2467
vn 0.9227 0.1632 -0.3493
vn 0.9588 -0.0214 -0.2834
vn 0.9710 0.1428 -0.1919
vn 0.9423 0.2055 -0.2642
vn 0.9121 0.1740 -0.3711
vn 0.9520 0.1645 -0.2581
vn 0.9352 0.1245 -0.3316
vn 0.8896 0.1702 -0.4238
vn 0.9877 0.0600 -0.1443
vn 0.8386 0.1474 -0.5245
vn 0.8061 -0.2730 -0.5251
vn 0.8319 -0.1943 -0.5198
vn 0.8977 -0.1795 -0.4024
vn 0.7887 -0.4122 -0.4560
vn 0.6256 -0.5768 -0.5254
vn 0.7265 -0.4256 -0.5395
vn 0.8296 -0.2381 -0.5050
vn 0.8242 -0.2638 -0.5011
vn 0.7529 -0.2859 -0.5928
vn 0.3061 -0.4175 -0.8556
vn 0.9203 -0.3899 0.0318
vn 0.8208 -0.5254 -0.2242
vn 0.9844 0.1573 0.0786
vn 0.9826 -0.0272 -0.1837
vn 0.9537 0.1629 -0.2530
vn 0.9765 -0.0673 0.2045
vn 0.9693 -0.2223 0.1056
vn 0.9501 -0.2879 -0.1202
vn 0.9400 -0.0896 -0.3292
vn 0.8693 -0.0383 -0.4927
vn 0.9163 0.1333 -0.3777
vn 0.8366 0.1106 -0.5365
vn 0.9079 -0.3248 -0.2649
vn 0.8560 -0.3205 -0.4056
vn 0.6945 0.3023 -0.6529
vn 0.8590 0.3442 -0.3789
vn 0.9117 0.3785 -0.1600
vn 0.6280 0.0678 -0.7753
vn 0.6769 -0.0618 -0.7335
vn 0.6942 -0.2723 -0.6663
vn 0.8240 -0.4489 -0.3457
vn 0.6930 -0.6034 -0.3945
vn 0.6456 -0.0355 -0.7629
vn 0.7864 0.0022 -0.6178
vn 0.6637 -0.1705 -0.7283
vn 0.7293 -0.3030 -0.6135
vn 0.8211 -0.3282 -0.4669
vn 0.7068 -0.4550 -0.5416
vn 0.8885 -0.1811 -0.4216
vn 0.8916 -0.2963 -0.3425
vn 0.8833 0.0126 -0.4687
vn 0.8780 -0.0832 -0.4713
vn 0.8805 -0.2823 -0.3808
vn 0.8984 -0.1850 -0.3982
vn 0.9027 0.0534 -0.4269
vn 0.8835 0.0509 -0.4657
vn 0.9042 -0.1283 -0.4075
vn 0.4536 -0.7819 -0.4277
vn 0.4164 -0.0477 -0.9079
vn 0.4045 0.0423 -0.9136
vn 0.4501 -0.4379 -0.7783
vn 0.3700 -0.2172 -0.9033
vn 0.4686 -0.6424 -0.6065
vn 0.1526 -0.1107 -0.9821
vn 0.1978 0.0297 -0.9798
vn 0.1293 -0.1628 -0.9781
vn 0.0269 -0.0252 -0.9993
vn 0.1149 -0.2797 -0.9532
vn 0.2387 -0.4762 -0.8463
vn 0.4408 -0.6578 -0.6108
vn 0.5596 -0.7198 -0.4108
vn 0.9334 0.2867 -0.2159
vn 0.8182 0.3169 -0.4797
vn 0.8750 0.3388 -0.3458
vn 0.9244 0.1692 -0.3419
vn 0.7338 0.2837 -0.6173
vn 0.6851 0.5204 -0.5097
vn 0.7119 0.4254 -0.5588
vn 0.7141 0.3506 -0.6059
vn 0.8715 0.2963 -0.3906
vn 0.1113 0.5682 -0.8154
vn 0.1912 0.7211 -0.6659
vn 0.1125 0.4492 -0.8863
vn 0.1855 0.4614 -0.8676
vn 0.7998 0.5338 -0.2744
vn 0.4897 0.7626 -0.4226
vn 0.3422 0.7960 -0.4993
vn 0.2996 0.3865 -0.8723
vn 0.2568 0.5537 -0.7922
vn 0.6669 0.5501 -0.5027
vn 0.3854 0.7010 -0.6001
vn 0.5666 0.4168 -0.7109
vn 0.5725 0.5289 -0.6265
vn 0.8234 0.2605 -0.5041
vn 0.5959 0.7174 -0.3609
vn 0.4052 0.7871 -0.4650
vn 0.3821 0.3565 -0.8526
vn 0.6734 -0.5557 -0.4876
vn 0.4228 -0.4372 -0.7938
vn 0.3409 -0.1316 -0.9308
vn 0.2227 0.1506 -0.9632
vn 0.2632 0.5586 -0.7866
vn 0.5253 -0.2289 -0.8195
vn -0.0556 -0.1375 -0.9889
vn 0.3048 -0.0542 -0.9509
vn 0.0869 0.4776 -0.8743
vn 0.4892 0.1426 -0.8605
vn -0.0774 0.1136 -0.9905
vn 0.8595 0.0665 -0.5068
vn 0.8971 0.0867 -0.4333
vn 0.1390 0.0061 -0.9903
vn 0.7698 0.2637 -0.5813
vn -0.6253 0.7197 0.3016
vn -0.7726 0.6194 0.1390
vn 0.7760 0.2049 -0.5965
vn -0.9592 0.2724 -0.0753
vn 0.6141 0.7709 0.1689
vn 0.3646 0.7336 -0.5736
vn 0.9759 0.0002 -0.2184
vn 0.9631 0.1059 -0.2475
vn 0.9725 0.0772 -0.2196
vn 0.9778 0.1851 -0.0983
vn 0.9358 0.0936 -0.3400
vn 0.9484 0.0813 -0.3065
vn 0.9728 0.0419 -0.2279
vn 0.7555 -0.0265 0.6546
vn 0.6331 -0.2558 0.7306
vn 0.6372 -0.0721 0.7674
vn 0.4691 -0.1864 0.8632
vn 0.3272 -0.3463 0.8792
vn 0.5299 -0.4264 0.7331
vn 0.8224 -0.5536 0.1310
vn 0.6617 -0.5457 0.5141
vn 0.7567 -0.5741 0.3126
vn 0.3838 0.0423 0.9224
vn 0.4680 0.0697 0.8810
vn -0.0500 0.1954 0.9794
vn -0.1504 0.2020 0.9678
vn -0.4001 0.4465 0.8004
vn -0.2759 0.2639 0.9242
vn -0.2234 0.4670 0.8556
vn -0.2713 0.2997 0.9147
vn -0.4656 0.4492 0.7625
vn -0.3549 0.3328 0.8737
vn -0.6547 0.1152 0.7471
vn -0.0269 0.3093 0.9506
vn 0.1637 0.0898 0.9824
vn -0.7378 0.1614 0.6554
vn -0.6030 0.7004 0.3817
vn -0.4920 0.6166 0.6145
vn -0.4020 0.7993 0.4467
vn -0.4260 0.6315 0.6479
vn -0.7393 0.5949 0.3155
vn -0.6197 0.5663 0.5435
vn -0.3282 0.8803 0.3426
vn -0.0430 0.9418 0.3333
vn -0.2501 0.8090 0.5320
vn -0.3898 0.2837 0.8761
vn -0.0588 0.1139 0.9918
vn -0.0021 0.0923 0.9957
vn 0.2719 0.1505 0.9505
vn 0.2892 0.3030 0.9080
vn 0.3659 0.2452 0.8978
vn 0.4888 0.1068 0.8658
vn 0.6483 0.1388 0.7486
vn 0.6668 0.0839 0.7405
vn 0.5377 0.1998 0.8191
vn 0.9689 0.1780 0.1721
vn 0.9166 0.2808 0.2845
vn 0.8652 -0.4389 0.2426
vn 0.9441 -0.2480 0.2173
vn 0.9037 -0.3904 0.1761
vn 0.8829 -0.4122 0.2249
vn 0.9894 -0.0613 0.1317
vn -0.5984 -0.8011 0.0095
vn 0.8580 -0.5003 0.1164
vn 0.7032 -0.6978 0.1364
vn 0.4755 -0.8662 0.1535
vn 0.6406 -0.7571 0.1281
vn 0.9856 0.1519 0.0747
vn 0.8205 0.3985 0.4099
vn 0.3575 0.8859 0.2956
vn 0.8694 0.4848 0.0959
vn 0.6171 0.7578 0.2121
vn 0.9604 0.2736 0.0535
vn 0.6458 0.5720 0.5057
vn 0.9618 -0.0801 -0.2616
vn 0.5626 0.6018 0.5669
vn 0.8314 0.2533 0.4947
vn 0.2761 0.4570 0.8455
vn 0.2271 0.5068 0.8316
vn 0.2677 0.6553 0.7063
vn 0.9330 -0.0114 -0.3598
vn 0.9028 -0.3699 0.2193
vn 0.9902 -0.1045 0.0923
vn 0.9340 -0.3555 0.0348
vn 0.8110 -0.5660 0.1482
vn 0.8514 -0.1425 0.5048
vn 0.9191 -0.1303 0.3718
vn 0.9260 -0.0518 0.3740
vn 0.8586 -0.2419 0.4520
vn 0.7676 0.0864 0.6351
vn 0.5757 0.2763 0.7695
vn 0.7113 0.1397 0.6889
vn 0.7909 0.1162 0.6008
vn 0.8083 0.2480 0.5341
vn 0.5516 0.4729 0.6871
vn 0.7820 0.1069 0.6140
vn 0.8524 0.0941 0.5144
vn 0.8569 0.0784 0.5096
vn 0.9335 0.1300 0.3341
vn 0.6846 0.0277 0.7284
vn 0.8061 0.0453 0.5900
vn 0.9439 0.1277 0.3047
vn 0.8515 0.2424 0.4649
vn 0.9095 0.0671 0.4102
vn 0.9570 0.1734 -0.2326
vn 0.9579 0.0478 0.2832
vn 0.9785 0.0395 0.2026
vn 0.9570 0.0181 0.2896
vn 0.9874 0.0882 0.1316
vn 0.9846 0.1506 0.0889
vn 0.9509 0.1476 0.2722
vn 0.9714 0.1679 0.1681
vn 0.9628 0.1941 0.1878
vn 0.9599 0.1819 0.2134
vn 0.9718 0.1536 0.1788
vn 0.9616 0.1098 0.2515
vn 0.9424 0.1572 0.2953
vn 0.9247 0.1507 0.3496
vn 0.8829 0.1227 0.4532
vn 0.9969 0.0549 0.0571
vn 0.8497 -0.2972 0.4356
vn 0.8750 -0.2183 0.4320
vn 0.8258 -0.4328 0.3615
vn 0.9300 -0.1974 0.3100
vn 0.6692 -0.6010 0.4370
vn 0.7713 -0.4506 0.4495
vn 0.8714 -0.2612 0.4153
vn 0.8656 -0.2867 0.4106
vn 0.8028 -0.3136 0.5071
vn 0.3813 -0.4592 0.8023
vn 0.9128 -0.3857 -0.1345
vn 0.8366 -0.5340 0.1223
vn 0.9736 0.1633 -0.1594
vn 0.9951 -0.0341 0.0924
vn 0.9539 -0.0547 -0.2952
vn 0.9730 0.1522 0.1735
vn 0.9552 -0.2145 -0.2039
vn 0.9564 -0.2914 0.0191
vn 0.8820 0.0855 0.4635
vn 0.9103 -0.0610 0.4095
vn 0.9470 0.1163 0.2995
vn 0.9657 -0.1039 0.2378
vn 0.8885 -0.3385 0.3099
vn 0.9274 -0.3356 0.1650
vn 0.7514 0.2707 0.6017
vn 0.8906 0.3267 0.3165
vn 0.9233 0.3720 0.0957
vn 0.6957 0.0302 0.7177
vn 0.7403 -0.0970 0.6652
vn 0.7510 -0.3038 0.5862
vn 0.8509 -0.4638 0.2468
vn 0.7245 -0.6209 0.2994
vn 0.7119 -0.0723 0.6986
vn 0.8390 -0.0271 0.5434
vn 0.7265 -0.2053 0.6558
vn 0.7811 -0.3317 0.5291
vn 0.7519 -0.4800 0.4520
vn 0.8593 -0.3494 0.3735
vn 0.9226 -0.2000 0.3299
vn 0.9182 -0.3111 0.2451
vn 0.9169 -0.1047 0.3851
vn 0.9221 -0.0089 0.3869
vn 0.9107 -0.2990 0.2849
vn 0.9304 -0.2027 0.3055
vn 0.9221 0.0295 0.3858
vn 0.9378 0.0340 0.3456
vn 0.9370 -0.1465 0.3171
vn 0.4886 -0.8015 0.3449
vn 0.4855 -0.0027 0.8742
vn 0.4967 -0.0923 0.8630
vn 0.4497 -0.2615 0.8540
vn 0.5176 -0.4754 0.7114
vn 0.5200 -0.6709 0.5286
vn 0.2857 -0.0191 0.9581
vn 0.2406 -0.1595 0.9574
vn 0.1172 -0.0753 0.9903
vn 0.2169 -0.2114 0.9530
vn 0.2000 -0.3269 0.9236
vn 0.3132 -0.5175 0.7963
vn 0.4927 -0.6866 0.5346
vn 0.5929 -0.7384 0.3212
vn 0.9497 0.2777 0.1447
vn 0.8590 0.2942 0.4190
vn 0.9035 0.3230 0.2818
vn 0.9519 0.1539 0.2650
vn 0.7873 0.2540 0.5618
vn 0.7296 0.4957 0.4712
vn 0.7605 0.3984 0.5128
vn 0.7668 0.3214 0.5557
vn 0.9040 0.2783 0.3246
vn 0.1859 0.5268 0.8294
vn 0.2523 0.6872 0.6812
vn 0.2643 0.4177 0.8693
vn 0.1933 0.4044 0.8939
vn 0.8226 0.5212 0.2274
vn 0.5275 0.7416 0.4144
vn 0.3878 0.7707 0.5057
vn 0.3781 0.3429 0.8599
vn 0.3286 0.5137 0.7925
vn 0.7109 0.5257 0.4673
vn 0.4397 0.6708 0.5972
vn 0.6295 0.3818 0.6767
vn 0.6280 0.4981 0.5979
vn 0.6278 0.6997 0.3411
vn 0.8662 0.2367 0.4400
vn 0.4473 0.7637 0.4655
vn 0.4585 0.3141 0.8313
vn 0.9070 -0.2147 -0.3622
vn 0.7135 -0.5780 0.3961
vn 0.4919 -0.4756 0.7293
vn 0.4234 -0.1774 0.8884
vn 0.3092 0.1025 0.9454
vn 0.3346 0.5190 0.7866
vn 0.5968 -0.2686 0.7561
vn 0.0337 -0.1871 0.9818
vn 0.3894 -0.1012 0.9155
vn 0.1668 0.4333 0.8857
vn 0.5654 0.1003 0.8187
vn 0.0128 0.0636 0.9979
vn 0.9020 0.0429 0.4296
vn 0.9328 0.0669 0.3542
vn 0.2281 -0.0433 0.9727
vn 0.8198 0.2359 0.5218
vn -0.6484 0.7325 -0.2075
vn -0.7806 0.6239 -0.0373
vn 0.3797 0.3720 0.8470
vn -0.9479 0.2661 0.1753
vn 0.5982 0.7798 -0.1848
vn 0.4166 0.7047 0.5743
vn 0.9894 0.1040 0.1013
vn 0.9817 0.0955 0.1644
vn 0.9776 0.0559 0.2030
vn 0.9897 0.0353 0.1388
vn 0.9857 0.1124 -0.1256
vn 0.9831 0.1822 0.0186
vn 0.9629 0.0786 0.2582
vn 0.9724 0.0680 0.2232
vn 0.4184 0.8609 -0.2896
vn -0.9558 0.2697 -0.1168
vn -0.9120 0.3374 0.2333
vn 0.1157 0.5605 -0.8200
vn -0.9857 0.1511 0.0745
vn -0.9403 0.2167 0.2624
vn -0.0042 0.1814 -0.9834
vn -0.9558 0.2697 -0.1170
vn 0.1457 0.0969 -0.9846
vn -0.9887 0.0406 -0.1440
vn -0.9857 0.1511 0.0744
vn 0.9686 0.1931 -0.1568
vn 0.9685 0.1930 -0.1570
vn 0.1459 0.0969 -0.9845
vn 0.9368 -0.1543 -0.3141
vn 0.9867 -0.1219 -0.1077
vn 0.9996 0.0167 0.0206
vn 0.9236 -0.0577 -0.3791
vn 0.7697 0.2637 -0.5814
vn 0.8701 -0.1410 -0.4722
vn 0.9428 -0.0151 -0.3329
vn 0.7095 0.5407 0.4520
vn 0.6142 0.7708 0.1689
vn -0.6253 0.7197 0.3017
vn -0.7461 0.3434 0.5705
vn -0.8487 0.2315 0.4755
vn -0.7726 0.6195 0.1389
vn -0.9885 0.1066 0.1071
vn -0.9885 0.1067 0.1071
vn -0.9700 -0.0667 -0.2336
vn -0.9592 0.2724 -0.0752
vn -0.7937 0.1924 -0.5771
vn -0.7192 0.1511 -0.6781
vn -0.9014 -0.0707 -0.4272
vn 0.0488 -0.0592 -0.9970
vn 0.0743 0.1394 -0.9874
vn 0.9974 0.0698 0.0185
vn 0.8814 0.3058 -0.3599
vn 0.9961 0.0583 -0.0661
vn 0.7837 0.2797 -0.5547
vn 0.9544 0.0329 -0.2968
vn 0.9420 0.0485 -0.3320
vn 0.9968 0.0804 0.0005
vn 0.8938 -0.1353 -0.4276
vn 0.8973 -0.1585 -0.4120
vn 0.6398 0.7580 0.1267
vn 0.9699 0.1920 -0.1498
vn -0.8853 0.2376 0.3999
vn -0.9858 0.1381 0.0951
vn -0.9858 0.1381 0.0950
vn -0.9694 -0.0336 -0.2430
vn -0.8920 -0.0469 -0.4496
vn 0.0539 0.0067 -0.9985
vn 0.9912 0.0629 -0.1161
vn 0.4448 0.8462 0.2935
vn -0.9407 0.2613 0.2162
vn 0.1908 0.5189 0.8333
vn -0.9286 0.3466 -0.1326
vn -0.9881 0.1524 0.0227
vn -0.9597 0.2275 -0.1650
vn -0.9407 0.2613 0.2164
vn 0.0852 0.1318 0.9876
vn -0.9159 0.0442 0.3991
vn -0.9716 0.0310 0.2347
vn 0.9789 0.0065 0.2043
vn 0.9842 -0.0615 0.1663
vn 0.9952 -0.0189 0.0960
vn 0.9921 -0.1249 0.0117
vn 0.9610 -0.1677 0.2199
vn 0.9937 0.0200 -0.1101
vn 0.9090 -0.1626 0.3838
vn 0.9539 -0.0745 0.2906
vn 0.9691 -0.0297 0.2450
vn 0.8197 0.2359 0.5219
vn 0.6669 0.5643 -0.4866
vn 0.5982 0.7797 -0.1849
vn -0.6485 0.7325 -0.2073
vn -0.7938 0.3699 -0.4827
vn -0.8877 0.2532 -0.3845
vn -0.7805 0.6240 -0.0372
vn -0.9939 0.1097 -0.0117
vn -0.9451 -0.0806 0.3168
vn -0.7378 0.1614 0.6555
vn -0.6546 0.1153 0.7472
vn -0.8592 -0.0941 0.5029
vn 0.1387 -0.1091 0.9843
vn 0.1638 0.0898 0.9824
vn 0.9766 0.0077 0.2147
vn 0.9918 0.0729 -0.1051
vn 0.9823 0.0734 -0.1723
vn 0.9981 0.0572 -0.0214
vn 0.9774 0.0201 0.2105
vn 0.8314 0.2534 0.4946
vn 0.9683 0.0340 0.2474
vn 0.9928 0.0826 -0.0866
vn 0.9285 -0.1546 0.3377
vn 0.9306 -0.1769 0.3206
vn 0.6277 0.7647 -0.1458
vn -0.8749 0.3552 -0.3293
vn -0.9173 0.2553 -0.3057
vn -0.9901 0.1405 0.0016
vn -0.9901 0.1404 0.0016
vn -0.9435 -0.0480 0.3277
vn -0.8478 -0.0715 0.5255
vn 0.1440 -0.0433 0.9886
vn 0.9978 0.0593 0.0290
vn -0.7774 -0.2107 -0.5927
vn -0.7210 -0.2420 0.6493
vn -0.7210 -0.2421 0.6493
vn -0.7774 -0.2107 -0.5926
vn -0.7774 -0.2108 -0.5927
vn -0.9677 -0.2492 0.0376
vn -0.3358 0.0355 -0.9413
vn -0.5817 -0.0370 -0.8125
vn -0.6463 -0.5586 -0.5200
vn -0.7883 -0.1963 -0.5831
vn -0.8279 -0.0609 -0.5576
vn -0.6325 0.0485 -0.7730
vn -0.8082 0.0170 -0.5887
vn -0.9290 -0.1096 -0.3535
vn -0.9043 -0.4202 -0.0751
vn -0.8500 -0.3552 -0.3889
vn -0.8739 -0.1728 -0.4544
vn -0.9251 -0.0559 -0.3757
vn -0.6885 0.0596 -0.7228
vn -0.9879 0.0060 -0.1547
vn -0.9663 0.0273 -0.2558
vn -0.9941 0.0972 0.0475
vn -0.9988 0.0183 0.0457
vn -0.9199 0.0099 -0.3920
vn -0.7208 -0.6449 -0.2541
vn -0.7556 -0.6548 0.0177
vn -0.8156 -0.4729 -0.3334
vn -0.7740 -0.6329 0.0191
vn -0.6034 0.1746 -0.7781
vn -0.7205 0.0909 -0.6874
vn -0.6982 0.1717 -0.6950
vn -0.6763 0.0700 -0.7333
vn -0.4999 -0.0106 -0.8660
vn -0.6402 0.0703 -0.7650
vn -0.6415 0.2573 -0.7227
vn -0.9108 0.0318 -0.4117
vn -0.8253 -0.2616 -0.5005
vn -0.9726 0.1967 -0.1241
vn -0.9848 0.1246 -0.1214
vn -0.9902 0.1308 0.0482
vn -0.9765 0.2097 0.0495
vn -0.9877 0.0814 -0.1333
vn -0.9954 0.0832 0.0472
vn -0.9303 0.1945 -0.3111
vn -0.9454 0.1231 -0.3019
vn -0.9397 0.0769 -0.3332
vn -0.8442 0.1910 -0.5009
vn -0.8474 0.1092 -0.5196
vn -0.8288 0.0707 -0.5551
vn -0.8129 0.0555 -0.5797
vn -0.6244 0.0592 -0.7788
vn -0.9321 0.0481 -0.3589
vn -0.9845 0.0485 -0.1683
vn -0.9981 0.0413 0.0463
vn -0.3313 0.0748 -0.9406
vn -0.9006 0.2803 -0.3322
vn -0.9499 0.2844 -0.1294
vn -0.9618 0.2690 0.0504
vn -0.7824 0.2779 -0.5574
vn -0.6251 0.2794 -0.7288
vn -0.8801 -0.1323 -0.4559
vn -0.7900 -0.0061 -0.6131
vn -0.6591 -0.0492 -0.7504
vn -0.5973 -0.4707 -0.6494
vn -0.5705 -0.8213 0.0051
vn -0.9461 0.3200 0.0510
vn -0.2492 -0.0126 0.9684
vn -0.5059 -0.0791 0.8590
vn -0.5978 -0.5854 0.5476
vn -0.7742 -0.0907 0.6265
vn -0.7327 -0.2272 0.6415
vn -0.7516 -0.0144 0.6595
vn -0.5599 0.0081 0.8285
vn -0.8948 -0.4256 0.1354
vn -0.8935 -0.1293 0.4301
vn -0.8121 -0.3763 0.4459
vn -0.8296 -0.1974 0.5224
vn -0.8874 -0.0768 0.4545
vn -0.6201 0.0217 0.7843
vn -0.9941 0.0972 0.0476
vn -0.9392 0.0122 0.3433
vn -0.9699 -0.0040 0.2436
vn -0.9988 0.0183 0.0459
vn -0.8806 -0.0119 0.4737
vn -0.6963 -0.6585 0.2855
vn -0.7556 -0.6548 0.0179
vn -0.7831 -0.4909 0.3817
vn -0.7741 -0.6327 0.0193
vn -0.5301 0.1340 0.8373
vn -0.6321 0.1350 0.7631
vn -0.6551 0.0546 0.7536
vn -0.6070 0.0316 0.7941
vn -0.5682 0.0303 0.8224
vn -0.4195 -0.0552 0.9061
vn -0.5729 0.2192 0.7898
vn -0.6420 -0.0128 0.7666
vn -0.7772 -0.2883 0.5594
vn -0.9694 0.1161 0.2161
vn -0.9569 0.1880 0.2213
vn -0.9765 0.2097 0.0496
vn -0.9954 0.0832 0.0473
vn -0.9714 0.0724 0.2260
vn -0.9139 0.1057 0.3920
vn -0.8979 0.1765 0.4033
vn -0.9055 0.0579 0.4203
vn -0.7966 0.0810 0.5990
vn -0.7950 0.1636 0.5842
vn -0.7750 0.0409 0.6307
vn -0.7570 0.0245 0.6530
vn -0.5511 0.0186 0.8342
vn -0.8958 0.0279 0.4437
vn -0.9652 0.0377 0.2589
vn -0.2445 0.0267 0.9693
vn -0.8662 0.2612 0.4260
vn -0.9337 0.2754 0.2290
vn -0.7281 0.2477 0.6392
vn -0.5560 0.2410 0.7955
vn -0.7891 0.2068 0.5784
vn -0.8356 -0.1571 0.5264
vn -0.5886 -0.0884 0.8036
vn -0.5372 -0.5040 0.6763
vn -0.5701 -0.8215 0.0053
vn -0.9460 0.3200 0.0510
vn -0.6986 0.3566 -0.6202
vn -0.6250 0.2795 -0.7289
vn -0.7823 0.2780 -0.5575
vn -0.8367 0.5275 -0.1473
vn -0.9033 0.4101 -0.1264
vn -0.8642 0.5005 0.0518
vn -0.9169 0.3957 0.0516
vn -0.7966 0.5163 -0.3145
vn -0.8586 0.3836 -0.3401
vn -0.6667 0.4767 -0.5729
vn -0.9006 0.2804 -0.3322
vn -0.9499 0.2845 -0.1294
vn -0.9618 0.2691 0.0504
vn -0.6388 0.3235 0.6980
vn -0.7280 0.2478 0.6392
vn -0.5559 0.2411 0.7955
vn -0.8872 0.4011 0.2280
vn -0.8187 0.5175 0.2487
vn -0.8234 0.3641 0.4352
vn -0.7637 0.4981 0.4108
vn -0.6110 0.4459 0.6541
vn -0.9336 0.2755 0.2290
vn -0.8662 0.2613 0.4260
vn -0.8610 -0.5084 0.0104
vn -0.0578 -0.7330 -0.6777
vn 0.1958 -0.9801 -0.0339
vn -0.8620 -0.4221 0.2807
vn 0.1472 -0.8938 0.4237
vn -0.9978 0.0093 -0.0653
vn -0.9108 0.0318 -0.4116
vn -0.9983 0.0235 -0.0542
vn -0.8796 0.2490 -0.4054
vn -0.6416 0.2573 -0.7226
vn -0.8809 0.3143 -0.3539
vn -0.7647 -0.4704 0.4404
vn 0.1379 -0.7065 0.6941
vn 0.1414 -0.7356 0.6625
vn -0.8340 -0.3890 0.3912
vn -0.8458 0.2960 -0.4437
vn -0.8845 0.3060 -0.3523
vn -0.9973 0.0075 -0.0728
vn -0.9998 0.0039 -0.0187
vn -0.8569 -0.3465 0.3816
vn 0.1340 -0.6706 0.7296
vn -0.9972 0.0105 -0.0738
vn -0.8384 0.2642 -0.4767
vn -0.8596 -0.5092 0.0420
vn 0.3516 -0.8588 0.3726
vn 0.3521 -0.8586 0.3725
vn 0.1062 -0.8710 -0.4796
vn -0.8849 -0.4094 -0.2223
vn -0.9878 0.0037 0.1557
vn -0.9767 0.0266 0.2129
vn -0.9892 0.0185 0.1454
vn -0.8387 0.2263 0.4953
vn -0.5730 0.2192 0.7897
vn -0.8445 0.2941 0.4475
vn 0.0792 -0.7011 -0.7087
vn 0.0729 -0.6704 -0.7384
vn -0.8025 -0.4494 -0.3925
vn -0.8669 -0.3708 -0.3331
vn -0.8482 0.2860 0.4459
vn -0.8015 0.2715 0.5328
vn -0.9940 0.0006 0.1093
vn -0.9866 0.0016 0.1630
vn 0.0659 -0.6328 -0.7715
vn -0.8887 -0.3289 -0.3195
vn -0.9864 0.0045 0.1641
vn -0.7912 0.2380 0.5633
vn -0.7482 -0.0190 -0.6632
vn -0.7662 0.0643 -0.6394
vn -0.9866 -0.1324 -0.0951
vn -0.9896 -0.0861 -0.1148
vn -0.7523 -0.3464 0.5605
vn -0.8243 -0.3521 0.4434
vn 0.1570 -0.3680 0.9165
vn 0.2593 -0.4720 0.8426
vn -0.7278 -0.2306 0.6459
vn 0.0786 -0.1794 0.9806
vn -0.9884 -0.1506 -0.0205
vn -0.7740 -0.0686 -0.6294
vn 0.4305 -0.8639 0.2614
vn -0.9043 -0.4202 -0.0750
vn -0.9291 -0.1095 -0.3533
vn -0.6885 0.0597 -0.7228
vn -0.7527 -0.0592 0.6557
vn -0.7857 -0.0495 0.6166
vn -0.9978 -0.0493 0.0442
vn -0.9977 -0.0508 0.0440
vn -0.8086 -0.0396 -0.5870
vn -0.8384 -0.0203 -0.5447
vn -0.7425 -0.0865 0.6642
vn -0.7284 -0.0798 0.6805
vn -0.5197 -0.0801 0.8506
vn 0.0761 -0.0866 0.9933
vn -0.9952 -0.0774 0.0605
vn -0.9897 -0.0892 0.1119
vn -0.8166 -0.0487 -0.5751
vn -0.8085 -0.0774 -0.5834
vn -0.9967 -0.0696 0.0418
vn -0.7855 -0.0574 -0.6162
vn -0.7328 -0.0807 0.6757
vn -0.5208 -0.0881 0.8491
vn -0.9677 -0.2492 0.0377
vn -0.7050 0.0304 0.7085
vn -0.6851 -0.0539 0.7264
vn -0.9754 -0.0940 0.1994
vn -0.9743 -0.1392 0.1772
vn -0.8618 -0.3313 -0.3841
vn -0.8007 -0.3195 -0.5068
vn 0.1809 -0.4285 -0.8852
vn 0.0726 -0.3212 -0.9442
vn -0.0109 -0.1297 -0.9915
vn -0.7838 -0.1995 -0.5881
vn -0.9828 -0.1537 0.1022
vn -0.7141 -0.1019 0.6926
vn 0.4033 -0.8487 -0.3421
vn -0.8948 -0.4255 0.1353
vn -0.8935 -0.1292 0.4300
vn -0.6202 0.0217 0.7842
vn -0.8090 -0.0279 -0.5871
vn -0.9978 -0.0493 0.0439
vn -0.7523 -0.0709 0.6550
vn -0.0143 -0.0364 -0.9992
vn -0.7871 -0.0471 -0.6150
vn -0.7997 -0.0548 -0.5978
vn -0.9960 -0.0857 -0.0262
vn -0.9967 -0.0765 0.0259
vn -0.7526 -0.1085 0.6495
vn -0.7614 -0.0794 0.6434
vn -0.9965 -0.0697 0.0451
vn -0.7266 -0.0900 0.6811
vn -0.7911 -0.0483 -0.6098
vn -0.0306 -0.0494 -0.9983
vn -0.8332 0.2746 -0.4800
vn -0.8144 0.2458 -0.5256
vn -0.9934 0.0484 -0.1043
vn -0.8028 -0.3689 0.4684
vn -0.9972 0.0105 -0.0737
vn -0.9996 -0.0047 -0.0278
vn -0.7974 -0.3573 0.4864
vn -0.9479 0.2385 -0.2114
vn -0.9934 0.1145 0.0047
vn -0.9969 0.0314 -0.0724
vn -0.9324 0.2072 -0.2962
vn -0.7571 0.2661 -0.5967
vn -0.7269 0.3496 -0.5910
vn -0.9991 0.0432 0.0020
vn -0.8090 0.2923 -0.5099
vn -0.7209 0.1763 -0.6703
vn -0.3346 0.2004 -0.9208
vn -0.9180 0.1617 -0.3620
vn -0.2968 -0.0981 -0.9499
vn -0.9974 0.0465 0.0559
vn -0.3092 -0.4429 -0.8416
vn -0.9969 -0.0077 0.0777
vn -0.9623 -0.0841 0.2586
vn -0.9631 -0.1214 0.2401
vn -0.2548 0.4496 -0.8561
vn 0.7444 -0.1473 -0.6512
vn 0.7881 -0.2169 -0.5761
vn 0.3347 0.0658 -0.9400
vn -0.9709 0.0479 0.2348
vn 0.2858 -0.3151 -0.9050
vn 0.1940 -0.2601 -0.9459
vn -0.6343 -0.2353 -0.7364
vn -0.7413 -0.1193 -0.6605
vn -0.9707 -0.0647 -0.2312
vn -0.9655 -0.0166 -0.2598
vn -0.9989 0.0200 0.0434
vn -0.9977 0.0671 -0.0138
vn -0.9711 0.0848 0.2230
vn -0.9726 0.1780 0.1497
vn -0.0192 -0.0655 -0.9977
vn -0.6387 0.0502 -0.7678
vn -0.9016 0.0835 -0.4245
vn -0.8600 0.3839 -0.3362
vn -0.5058 0.2552 -0.8241
vn -0.9418 0.1781 -0.2850
vn -0.9949 0.1001 0.0111
vn -0.9913 0.0338 0.1274
vn -0.8374 0.2802 -0.4693
vn -0.3249 0.4345 -0.8400
vn -0.0528 0.4008 -0.9146
vn 0.3676 0.1892 -0.9106
vn 0.7359 0.1865 -0.6509
vn 0.5422 -0.0756 -0.8368
vn 0.6828 -0.2630 -0.6817
vn 0.9662 0.0130 -0.2575
vn 0.9867 -0.0416 -0.1570
vn 0.9170 -0.1179 -0.3811
vn 0.8922 -0.0629 -0.4472
vn 0.5625 -0.2356 -0.7925
vn 0.6729 -0.1604 -0.7222
vn -0.2797 -0.1991 -0.9392
vn -0.3329 -0.2656 -0.9048
vn -0.8784 -0.1445 -0.4555
vn -0.8762 -0.0878 -0.4738
vn -0.9925 -0.0499 -0.1119
vn -0.9855 -0.0023 -0.1698
vn 0.4124 -0.0426 -0.9100
vn -0.3131 0.0163 -0.9496
vn -0.7775 0.0282 -0.6283
vn -0.2910 0.2263 -0.9296
vn -0.8890 0.1148 -0.4434
vn 0.5984 0.0904 -0.7961
vn -0.3609 0.2090 -0.9089
vn -0.7857 0.2483 0.5666
vn -0.7630 0.2172 0.6088
vn -0.8427 -0.3467 -0.4118
vn -0.9798 0.0409 0.1960
vn -0.8887 -0.3288 -0.3194
vn -0.9904 -0.1157 -0.0755
vn 0.7510 -0.4390 -0.4933
vn -0.9013 0.1900 0.3893
vn -0.9862 0.0254 0.1638
vn -0.9243 0.2255 0.3080
vn -0.9895 0.1123 0.0910
vn -0.6994 0.2341 0.6753
vn -0.6697 0.3178 0.6712
vn -0.9950 0.0410 0.0906
vn -0.7589 0.2644 0.5951
vn -0.2494 0.1532 0.9562
vn -0.6569 0.1408 0.7408
vn -0.8812 0.1412 0.4513
vn -0.2099 -0.1464 0.9667
vn -0.9982 0.0469 0.0370
vn -0.2328 -0.4853 0.8428
vn -0.9999 -0.0060 0.0125
vn -0.9820 -0.0732 -0.1744
vn -0.9812 -0.1114 -0.1578
vn -0.1752 0.4055 0.8972
vn 0.8000 -0.1781 0.5730
vn 0.8365 -0.2438 0.4908
vn 0.4185 0.0193 0.9080
vn -0.9557 -0.0157 -0.2938
vn 0.2781 -0.3069 0.9102
vn 0.3659 -0.3595 0.8584
vn -0.6787 -0.1540 0.7181
vn -0.5657 -0.2734 0.7780
vn -0.9381 -0.0319 0.3449
vn -0.9460 -0.0784 0.3146
vn -0.9922 0.0640 0.1074
vn -0.9892 -0.0546 -0.1360
vn -0.9817 0.1831 -0.0519
vn -0.9497 0.0042 -0.3131
vn -0.5665 0.0101 0.8240
vn 0.0710 -0.1156 0.9908
vn -0.8592 0.0600 0.5080
vn -0.8252 0.3646 0.4314
vn -0.4286 0.2123 0.8782
vn -0.9118 0.1614 0.3776
vn -0.9987 0.0379 -0.0353
vn -0.9916 0.0983 0.0841
vn -0.7909 0.2545 0.5566
vn -0.2466 0.3910 0.8867
vn 0.0310 0.3542 0.9346
vn 0.7922 0.1552 0.5902
vn 0.4489 0.1440 0.8819
vn 0.9856 0.0023 0.1694
vn 0.7411 -0.2953 0.6030
vn 0.6156 -0.1163 0.7794
vn 0.9968 -0.0472 0.0648
vn 0.9289 -0.0832 0.3609
vn 0.9474 -0.1348 0.2901
vn 0.7351 -0.1949 0.6494
vn 0.6313 -0.2738 0.7255
vn -0.1940 -0.2466 0.9495
vn -0.2503 -0.3115 0.9167
vn -0.8300 -0.1135 0.5461
vn -0.8340 -0.1692 0.5252
vn -0.9661 -0.0131 0.2579
vn -0.9784 -0.0577 0.1986
vn -0.2257 -0.0321 0.9737
vn 0.4929 -0.0873 0.8657
vn -0.7174 -0.0051 0.6967
vn -0.2052 0.1787 0.9623
vn -0.8449 0.0903 0.5272
vn 0.6682 0.0517 0.7422
vn -0.2768 0.1623 0.9471
vn -0.1142 -0.7987 0.5907
vn -0.7617 -0.5434 0.3530
vn -0.7049 -0.3591 0.6117
vn 0.2843 -0.8000 0.5284
vn 0.6727 -0.7048 0.2252
vn -0.9140 -0.1321 0.3837
vn -0.8143 -0.2452 0.5261
vn -0.5936 -0.4289 0.6810
vn -0.4500 -0.5345 0.7154
vn -0.6993 -0.2833 0.6563
vn -0.3970 -0.5815 0.7101
vn 0.0459 -0.9955 0.0825
vn -0.0444 -0.7946 0.6055
vn -0.5370 -0.6183 0.5739
vn 0.8159 -0.5411 0.2039
vn 0.8782 -0.4494 -0.1638
vn -0.6218 -0.3084 0.7199
vn 0.0472 -0.5544 0.8309
vn -0.8437 -0.1205 0.5231
vn -0.6822 -0.6844 -0.2572
vn -0.7110 -0.6692 0.2160
vn -0.9628 -0.2407 0.1228
vn -0.8273 -0.4031 0.3912
vn 0.4410 -0.8965 -0.0421
vn 0.4398 -0.7412 -0.5071
vn 0.0434 -0.6458 0.7623
vn -0.7463 -0.3217 0.5827
vn -0.8110 -0.1228 0.5721
vn -0.8995 -0.1531 0.4092
vn -0.8694 -0.1613 0.4670
vn -0.7325 -0.3034 0.6094
vn -0.9150 -0.2003 0.3501
vn 0.0711 -0.5301 0.8450
vn 0.8014 -0.3325 0.4972
vn 0.9539 -0.1983 0.2255
vn -0.0732 -0.8871 -0.4558
vn -0.4036 -0.9056 0.1303
vn -0.9025 -0.4146 -0.1167
vn -0.8387 -0.4714 0.2727
vn 0.7774 -0.6287 0.0212
vn 0.8118 -0.4841 -0.3265
vn 0.1399 -0.6207 0.7715
vn 0.8689 -0.4048 0.2851
vn -0.6731 -0.4227 0.6069
vn 0.9549 -0.2953 -0.0324
vn -0.9460 -0.2139 0.2435
vn -0.2317 -0.5390 -0.8098
vn -0.1690 -0.7683 -0.6173
vn -0.7917 -0.5267 -0.3095
vn -0.7582 -0.3295 -0.5627
vn 0.2335 -0.7718 -0.5915
vn 0.6479 -0.6911 -0.3203
vn -0.6537 -0.3955 -0.6452
vn -0.8591 -0.2204 -0.4619
vn -0.9452 -0.1147 -0.3056
vn -0.5141 -0.4990 -0.6977
vn -0.7564 -0.2516 -0.6037
vn -0.4609 -0.5460 -0.6996
vn -0.5881 -0.5898 -0.5534
vn -0.1008 -0.7633 -0.6381
vn 0.0360 -0.9900 -0.1363
vn 0.7928 -0.5283 -0.3038
vn 0.8884 -0.4550 0.0609
vn -0.0294 -0.5119 -0.8586
vn -0.6851 -0.2732 -0.6752
vn -0.9557 -0.0158 -0.2939
vn -0.9705 -0.2365 -0.0471
vn -0.7292 -0.6591 -0.1841
vn -0.6577 -0.6981 0.2832
vn -0.8602 -0.3848 -0.3345
vn 0.4408 -0.8966 -0.0432
vn 0.4822 -0.7647 0.4274
vn -0.0272 -0.6066 -0.7946
vn -0.7966 -0.2937 -0.5283
vn -0.9497 0.0041 -0.3132
vn -0.7853 -0.2741 -0.5551
vn -0.9085 -0.1397 -0.3939
vn -0.9434 -0.1846 -0.2755
vn -0.0068 -0.4868 -0.8735
vn 0.7524 -0.3053 -0.5836
vn 0.9291 -0.1845 -0.3205
vn -0.8892 -0.4220 0.1769
vn -0.4158 -0.8988 -0.1386
vn -0.0337 -0.9090 0.4155
vn -0.8610 -0.4590 -0.2190
vn 0.7708 -0.6251 -0.1230
vn 0.8369 -0.4980 0.2270
vn 0.0684 -0.5808 -0.8112
vn 0.8386 -0.3879 -0.3825
vn -0.7263 -0.3931 -0.5638
vn 0.9532 -0.2944 -0.0690
vn -0.9647 -0.2036 -0.1673
vn -0.8515 0.0059 -0.5243
vn -0.9989 -0.0099 0.0451
vn -0.8436 0.2956 -0.4484
vn -0.9370 0.3454 0.0512
vn -0.3739 0.4962 -0.7836
vn -0.6532 0.7556 0.0487
vn -0.4253 0.0194 -0.9049
vn -0.0986 0.0246 -0.9948
vn -0.1804 0.5235 -0.8327
vn -0.1804 0.5236 -0.8327
vn -0.1076 0.0592 -0.9924
vn -0.1979 0.5833 -0.7878
vn -0.2374 0.9708 0.0352
vn -0.2439 0.9691 0.0355
vn -0.4654 0.4140 -0.7823
vn -0.2217 -0.0352 -0.9745
vn -0.6589 -0.0493 -0.7506
vn -0.4775 0.8775 0.0438
vn -0.9460 0.3200 0.0509
vn -0.7988 0.2707 0.5373
vn -0.8005 -0.0224 0.5989
vn -0.3004 0.4554 0.8381
vn -0.3416 -0.0270 0.9394
vn -0.0082 -0.0256 0.9996
vn -0.1032 0.4806 0.8708
vn -0.1032 0.4807 0.8708
vn -0.0173 0.0091 0.9998
vn -0.1245 0.5426 0.8307
vn -0.3918 0.3731 0.8410
vn -0.1327 -0.0846 0.9875
vn -0.5885 -0.0884 0.8037
vn -0.7890 0.2068 0.5785
vn -0.8090 -0.3070 -0.5012
vn -0.9154 -0.4012 0.0314
vn -0.2358 -0.4786 -0.8458
vn -0.4802 -0.8772 -0.0004
vn -0.0261 -0.4865 -0.8733
vn -0.0318 -0.4867 -0.8730
vn 0.0628 -0.9976 -0.0281
vn 0.0623 -0.9977 -0.0281
vn 0.0591 -0.9979 -0.0280
vn -0.2857 -0.4924 -0.8222
vn -0.5973 -0.4707 -0.6493
vn -0.0889 -0.9958 -0.0212
vn -0.5702 -0.8215 0.0050
vn -0.7611 -0.3337 0.5562
vn -0.9154 -0.4012 0.0315
vn -0.1594 -0.5210 0.8386
vn -0.4802 -0.8772 -0.0002
vn 0.0519 -0.5298 0.8465
vn 0.0462 -0.5300 0.8467
vn 0.0623 -0.9977 -0.0278
vn 0.0624 -0.9977 -0.0278
vn 0.0628 -0.9976 -0.0278
vn 0.0591 -0.9979 -0.0276
vn -0.2113 -0.5337 0.8189
vn -0.5371 -0.5041 0.6763
vn -0.0889 -0.9958 -0.0209
vn 0.8060 -0.3389 0.4854
vn 0.6588 -0.6677 0.3466
vn 0.9091 -0.3784 0.1741
vn 0.5093 -0.4956 0.7036
vn 0.7559 -0.6526 -0.0519
vn 0.9226 -0.3822 -0.0519
vn 0.8884 -0.3663 -0.2767
vn 0.6168 -0.6481 -0.4467
vn 0.7488 -0.3070 -0.5874
vn 0.4031 -0.4408 -0.8020
vn 0.8786 0.3484 -0.3265
vn 0.7102 0.3343 -0.6196
vn 0.6320 0.4806 -0.6080
vn 0.3187 0.4383 -0.8404
vn 0.9473 0.3120 -0.0734
vn 0.9043 0.3509 -0.2431
vn 0.9561 0.2612 0.1331
vn 0.9591 0.2451 0.1414
vn 0.8982 0.2211 0.3799
vn 0.9052 0.1822 0.3839
vn 0.1503 -0.8234 0.5471
vn 0.1242 -0.5881 0.7992
vn 0.1515 -0.9878 -0.0360
vn 0.0951 -0.7797 -0.6189
vn 0.0400 -0.4920 -0.8697
vn -0.1112 0.4864 -0.8667
vn -0.1044 0.4347 -0.8945
vn 0.9815 -0.1850 -0.0502
vn 0.9432 -0.1382 -0.3022
vn 0.7727 -0.1043 -0.6262
vn 0.4114 -0.1651 -0.8964
vn -0.0036 -0.2370 -0.9715
vn 0.9676 -0.1545 0.1996
vn 0.8551 -0.1541 0.4950
vn 0.5765 -0.2722 0.7704
vn 0.0998 -0.4010 0.9106
vn 0.9986 0.0048 -0.0520
vn 0.9314 0.0158 -0.3637
vn 0.9729 -0.0144 0.2308
vn 0.8870 -0.0324 0.4606
vn 0.7532 -0.0646 0.6546
vn 0.7709 0.0219 -0.6366
vn 0.4744 0.0247 -0.8799
vn -0.0448 0.0218 -0.9988
vn 0.9354 0.1632 -0.3137
vn 0.9826 0.1719 -0.0698
vn 0.9788 0.1198 0.1663
vn 0.8985 0.0829 0.4312
vn 0.8264 0.0949 0.5551
vn 0.7568 0.1464 -0.6371
vn 0.3721 0.2071 -0.9048
vn -0.0798 0.2571 -0.9631
vn 0.6844 0.3122 -0.6589
vn -0.0907 0.3340 -0.9382
vn 0.9476 0.2101 -0.2407
vn 0.9932 0.1167 0.0046
vn 0.9849 0.0650 0.1603
vn 0.9294 0.0337 0.3676
vn 0.8078 -0.0761 0.5845
vn 0.6019 -0.2502 0.7584
vn 0.0972 -0.3819 0.9191
vn 0.9980 -0.0419 -0.0463
vn 0.9934 -0.0293 0.1107
vn 0.9791 -0.2020 -0.0247
vn 0.9704 -0.2364 -0.0499
vn 0.9937 -0.1018 -0.0476
vn 0.9508 -0.1156 0.2873
vn 0.9274 -0.3704 -0.0514
vn 0.7904 -0.2808 0.5445
vn 0.1197 -0.5525 0.8249
vn 0.1517 -0.9879 -0.0318
vn 0.7337 -0.0963 -0.6726
vn -0.0292 -0.1442 -0.9891
vn 0.9662 -0.1153 -0.2304
vn 0.9878 -0.1476 -0.0492
vn 0.7581 -0.3122 -0.5726
vn 0.6233 -0.6479 -0.4379
vn 0.4424 -0.4585 -0.7708
vn 0.8888 -0.3671 -0.2744
vn 0.7560 -0.6527 -0.0497
vn 0.9226 -0.3823 -0.0511
vn 0.9089 -0.3780 0.1764
vn 0.6532 -0.6683 0.3559
vn 0.7982 -0.3343 0.5012
vn 0.4730 -0.4796 0.7391
vn 0.3945 0.3963 0.8291
vn 0.7641 0.3044 0.5688
vn 0.6855 0.4509 0.5717
vn 0.9054 0.3336 0.2627
vn 0.9234 0.3403 0.1776
vn 0.9507 0.3101 0.0028
vn 0.9407 0.2697 -0.2057
vn 0.9429 0.2541 -0.2151
vn 0.8607 0.2419 -0.4480
vn 0.8672 0.2033 -0.4546
vn 0.0982 -0.7946 -0.5992
vn 0.0499 -0.5469 -0.8357
vn 0.1519 -0.9880 -0.0275
vn 0.1490 -0.8096 0.5678
vn 0.1175 -0.5349 0.8367
vn -0.0219 0.3890 0.9210
vn -0.0312 0.4420 0.8965
vn 0.9816 -0.1850 -0.0481
vn 0.9664 -0.1510 0.2083
vn 0.8259 -0.1338 0.5477
vn 0.4905 -0.2090 0.8460
vn 0.0838 -0.2854 0.9547
vn 0.9452 -0.1420 -0.2939
vn 0.8064 -0.1271 -0.5775
vn 0.5038 -0.2318 -0.8321
vn 0.0161 -0.3546 -0.9349
vn 0.9605 -0.0004 0.2782
vn 0.9993 0.0045 -0.0384
vn 0.9480 -0.0006 -0.3183
vn 0.8416 -0.0072 -0.5400
vn 0.6907 -0.0299 -0.7225
vn 0.8254 -0.0084 0.5645
vn 0.5522 -0.0184 0.8335
vn 0.0458 -0.0285 0.9985
vn 0.9603 0.1494 0.2355
vn 0.9853 0.1704 -0.0109
vn 0.9600 0.1303 -0.2480
vn 0.8560 0.1065 -0.5060
vn 0.7730 0.1246 -0.6221
vn 0.8117 0.1160 0.5724
vn 0.4530 0.1622 0.8767
vn 0.0083 0.2082 0.9780
vn -0.0047 0.2863 0.9581
vn 0.7419 0.2803 0.6091
vn 0.9659 0.1999 0.1642
vn 0.9889 0.1191 -0.0886
vn 0.9665 0.0752 -0.2453
vn 0.8924 0.0542 -0.4480
vn 0.7514 -0.0448 -0.6583
vn 0.5302 -0.2105 -0.8213
vn 0.0128 -0.3351 -0.9421
vn 0.9771 -0.1996 -0.0743
vn 0.9793 -0.0215 -0.2015
vn 0.9207 -0.0989 -0.3776
vn 0.7372 -0.2513 -0.6272
vn 0.0433 -0.5101 -0.8590
vn -0.0988 -0.1846 0.9778
vn 0.7965 -0.1497 0.5858
vn 0.9828 -0.1250 0.1360
vn 0.9880 -0.1464 -0.0483
vn -0.7077 -0.3813 0.5948
vn -0.4715 -0.7620 0.4440
vn -0.3128 -0.5345 0.7852
vn -0.8554 -0.4378 0.2769
vn -0.6394 -0.7688 0.0084
vn -0.8949 -0.4453 0.0290
vn -0.8776 -0.4247 -0.2225
vn -0.5044 -0.7388 -0.4470
vn -0.7511 -0.3459 -0.5623
vn -0.3481 -0.4720 -0.8100
vn -0.4970 0.4098 -0.7649
vn -0.8046 0.2982 -0.5135
vn -0.7563 0.4265 -0.4961
vn -0.9267 0.3033 -0.2221
vn -0.9417 0.3044 -0.1432
vn -0.9628 0.2697 0.0152
vn -0.9519 0.2256 0.2075
vn -0.9532 0.2114 0.2162
vn -0.8786 0.1919 0.4372
vn -0.8816 0.1565 0.4452
vn -0.9757 -0.2158 0.0377
vn -0.9599 -0.1636 -0.2278
vn -0.8106 -0.1234 -0.5725
vn -0.4422 -0.1776 -0.8791
vn -0.9377 -0.1809 0.2967
vn -0.7888 -0.1764 0.5888
vn -0.4418 -0.2933 0.8478
vn -0.9604 -0.0030 -0.2785
vn -0.9992 -0.0150 0.0381
vn -0.9473 -0.0336 0.3187
vn -0.8388 -0.0499 0.5421
vn -0.6817 -0.0796 0.7273
vn -0.8252 0.0060 -0.5647
vn -0.5518 0.0145 -0.8339
vn -0.9662 0.1383 -0.2173
vn -0.9892 0.1451 0.0203
vn -0.9641 0.0971 0.2473
vn -0.8634 0.0638 0.5005
vn -0.7855 0.0769 0.6140
vn -0.8262 0.1269 -0.5490
vn -0.4969 0.1939 -0.8459
vn -0.7824 0.2800 -0.5563
vn -0.9730 0.1807 -0.1439
vn -0.9913 0.0938 0.0926
vn -0.9685 0.0447 0.2450
vn -0.8948 0.0153 0.4462
vn -0.7419 -0.0928 0.6641
vn -0.4754 -0.2708 0.8371
vn -0.9744 -0.2144 0.0672
vn -0.9971 -0.0625 0.0437
vn -0.9594 -0.2799 0.0364
vn -0.9783 -0.0493 0.2012
vn -0.9912 -0.1252 0.0418
vn -0.9137 -0.1382 0.3821
vn -0.9018 -0.4311 0.0301
vn -0.6942 -0.3136 0.6478
vn -0.7737 -0.0859 -0.6277
vn -0.9841 -0.1076 -0.1411
vn -0.9909 -0.1264 0.0468
vn -0.7595 -0.3525 -0.5467
vn -0.5114 -0.7398 -0.4372
vn -0.8779 -0.4253 -0.2200
vn -0.3838 -0.4951 -0.7795
vn -0.6393 -0.7689 0.0110
vn -0.8949 -0.4453 0.0298
vn -0.8550 -0.4370 0.2794
vn -0.4635 -0.7614 0.4532
vn -0.6978 -0.3756 0.6098
vn -0.2745 -0.5129 0.8134
vn -0.9021 0.2896 0.3200
vn -0.7541 0.2703 0.5985
vn -0.7073 0.3993 0.5833
vn -0.4248 0.3698 0.8263
vn -0.9596 0.2679 0.0856
vn -0.9242 0.2947 0.2429
vn -0.9662 0.2335 -0.1089
vn -0.9684 0.2198 -0.1182
vn -0.9141 0.2117 -0.3457
vn -0.9180 0.1767 -0.3552
vn -0.9756 -0.2159 0.0400
vn -0.9357 -0.1770 0.3052
vn -0.7557 -0.1538 0.6366
vn -0.3613 -0.2226 0.9055
vn -0.9611 -0.1679 -0.2193
vn -0.8392 -0.1485 -0.5232
vn -0.5173 -0.2514 -0.8180
vn -0.9985 -0.0154 0.0517
vn -0.9313 -0.0192 0.3637
vn -0.9723 -0.0197 -0.2330
vn -0.8846 -0.0245 -0.4658
vn -0.7449 -0.0446 -0.6657
vn -0.7707 -0.0243 0.6367
vn -0.4740 -0.0287 0.8800
vn -0.9423 0.1250 0.3105
vn -0.9867 0.1437 0.0766
vn -0.9823 0.1072 -0.1539
vn -0.9050 0.0869 -0.4165
vn -0.8377 0.1059 -0.5358
vn -0.7727 0.0973 0.6272
vn -0.4179 0.1500 0.8960
vn -0.7282 0.2499 0.6382
vn -0.9555 0.1710 0.2402
vn -0.9954 0.0961 0.0023
vn -0.9866 0.0547 -0.1538
vn -0.9315 0.0357 -0.3620
vn -0.7991 -0.0610 -0.5981
vn -0.5498 -0.2295 -0.8032
vn -0.9926 -0.0414 -0.1141
vn -0.9449 -0.1210 -0.3043
vn -0.7507 -0.2823 -0.5973
vn -0.7222 -0.0911 0.6857
vn -0.9723 -0.0705 0.2228
vn -0.9959 -0.0837 0.0331
vn 0.7965 -0.1496 0.5858
vn 0.7691 -0.5796 0.2692
vn 0.8450 -0.5322 0.0528
vn 0.8158 -0.5761 -0.0515
vn 0.2448 -0.7996 0.5483
vn -0.9723 -0.0706 0.2228
vn -0.4657 -0.6358 0.6156
vn -0.8323 -0.5312 0.1587
vn -0.9959 -0.0838 0.0331
vn -0.7913 -0.6006 -0.1144
vn -0.9744 -0.2144 0.0671
vn -0.6804 -0.6293 -0.3756
vn -0.9841 -0.1076 -0.1410
vn -0.4920 -0.6414 -0.5888
vn -0.7737 -0.0858 -0.6277
vn 0.1238 -0.8102 -0.5729
vn -0.0290 -0.1441 -0.9891
vn 0.6155 -0.6038 -0.5064
vn 0.7338 -0.0962 -0.6726
vn 0.8349 -0.5277 -0.1562
vn 0.7475 -0.5668 -0.3462
vn 0.9791 -0.2020 -0.0249
vt 0.774122 0.318906
vt 0.774159 0.311734
vt 0.775387 0.319230
vt 0.777106 0.311054
vt 0.772816 0.319257
vt 0.771230 0.310984
vt 0.768745 0.307020
vt 0.774216 0.307527
vt 0.779707 0.306996
vt 0.801674 0.350862
vt 0.811179 0.350297
vt 0.809872 0.352354
vt 0.801689 0.352517
vt 0.793957 0.369367
vt 0.790464 0.362345
vt 0.795345 0.366800
vt 0.792203 0.361354
vt 0.800196 0.369207
vt 0.799317 0.372274
vt 0.790296 0.356109
vt 0.794813 0.352549
vt 0.792039 0.356535
vt 0.795801 0.353708
vt 0.815839 0.365271
vt 0.818827 0.360596
vt 0.817983 0.367085
vt 0.816217 0.360569
vt 0.805553 0.372413
vt 0.805835 0.369371
vt 0.817202 0.354920
vt 0.815021 0.356204
vt 0.811481 0.367985
vt 0.812179 0.370625
vt 0.797797 0.364072
vt 0.800792 0.365485
vt 0.804327 0.365696
vt 0.810853 0.363218
vt 0.808104 0.364941
vt 0.795610 0.357787
vt 0.795699 0.360671
vt 0.806616 0.355285
vt 0.809783 0.357655
vt 0.801782 0.355304
vt 0.810921 0.360320
vt 0.798029 0.356019
vt 0.806594 0.361905
vt 0.806337 0.360325
vt 0.805762 0.358984
vt 0.801489 0.362842
vt 0.803398 0.363087
vt 0.798859 0.360308
vt 0.799989 0.362041
vt 0.804193 0.357702
vt 0.798801 0.358922
vt 0.800025 0.358043
vt 0.801897 0.357656
vt 0.805200 0.362690
vt 0.802458 0.360228
vt 0.737985 0.352034
vt 0.736665 0.349909
vt 0.746350 0.350694
vt 0.746300 0.352328
vt 0.752429 0.366770
vt 0.755676 0.361216
vt 0.757452 0.362177
vt 0.753869 0.369243
vt 0.747651 0.368963
vt 0.748538 0.372023
vt 0.752061 0.353578
vt 0.753182 0.352349
vt 0.755851 0.356448
vt 0.757554 0.356119
vt 0.729988 0.366678
vt 0.729106 0.360224
vt 0.731981 0.364983
vt 0.731704 0.360258
vt 0.742184 0.372310
vt 0.742031 0.369130
vt 0.730677 0.354607
vt 0.732965 0.355813
vt 0.735473 0.370504
vt 0.736341 0.367749
vt 0.750049 0.363922
vt 0.747052 0.365282
vt 0.743419 0.365540
vt 0.736956 0.362965
vt 0.739842 0.364648
vt 0.752245 0.357652
vt 0.752124 0.360520
vt 0.741188 0.355026
vt 0.738021 0.357385
vt 0.746074 0.355125
vt 0.736962 0.359985
vt 0.749753 0.355908
vt 0.741384 0.361545
vt 0.741531 0.360054
vt 0.742110 0.358709
vt 0.746354 0.362635
vt 0.744409 0.362905
vt 0.748972 0.360116
vt 0.747958 0.361749
vt 0.743585 0.357513
vt 0.747710 0.357906
vt 0.749018 0.358722
vt 0.745821 0.357514
vt 0.742593 0.362490
vt 0.745397 0.360034
vt 0.774048 0.330530
vt 0.776860 0.328544
vt 0.776907 0.330795
vt 0.774059 0.327918
vt 0.774034 0.333583
vt 0.777418 0.333742
vt 0.774028 0.336178
vt 0.778056 0.335971
vt 0.774089 0.325358
vt 0.776186 0.325771
vt 0.778068 0.327106
vt 0.781760 0.332052
vt 0.780875 0.334777
vt 0.771177 0.330793
vt 0.771241 0.328540
vt 0.770659 0.333766
vt 0.769978 0.335973
vt 0.771990 0.325766
vt 0.770089 0.327146
vt 0.766314 0.332021
vt 0.767214 0.334772
vt 0.774223 0.304912
vt 0.779700 0.304693
vt 0.774155 0.298449
vt 0.780569 0.298971
vt 0.776674 0.320142
vt 0.784581 0.301997
vt 0.784829 0.305054
vt 0.778441 0.312549
vt 0.784266 0.300568
vt 0.768727 0.304769
vt 0.767795 0.299112
vt 0.771568 0.320150
vt 0.763589 0.305030
vt 0.763741 0.301749
vt 0.769920 0.312429
vt 0.764096 0.300515
vt 0.516824 0.587155
vt 0.482980 0.591304
vt 0.493723 0.562004
vt 0.383901 0.624100
vt 0.390542 0.610574
vt 0.391394 0.619041
vt 0.368550 0.587196
vt 0.404625 0.591544
vt 0.389644 0.601638
vt 0.496403 0.610638
vt 0.497769 0.600338
vt 0.501880 0.623854
vt 0.486898 0.624548
vt 0.495230 0.619479
vt 0.409455 0.653606
vt 0.424280 0.625135
vt 0.442826 0.647447
vt 0.405862 0.628688
vt 0.442822 0.621558
vt 0.460372 0.625024
vt 0.391656 0.562071
vt 0.418852 0.581957
vt 0.476203 0.654128
vt 0.479805 0.628863
vt 0.443300 0.608826
vt 0.443300 0.614147
vt 0.453069 0.612876
vt 0.545904 0.150248
vt 0.528344 0.129769
vt 0.531343 0.126272
vt 0.540648 0.156175
vt 0.545213 0.103345
vt 0.565051 0.114692
vt 0.606503 0.220693
vt 0.605639 0.206684
vt 0.632184 0.199659
vt 0.631858 0.212195
vt 0.616128 0.131482
vt 0.633557 0.133312
vt 0.567785 0.198339
vt 0.571472 0.185788
vt 0.588471 0.123819
vt 0.568256 0.104121
vt 0.552136 0.085557
vt 0.571261 0.093713
vt 0.548751 0.094820
vt 0.591231 0.110125
vt 0.593463 0.098013
vt 0.617098 0.115989
vt 0.618189 0.100944
vt 0.633538 0.117137
vt 0.633539 0.101744
vt 0.605518 0.032818
vt 0.622050 0.034334
vt 0.591385 0.030135
vt 0.577218 0.024702
vt 0.633585 0.034721
vt 0.991740 0.111159
vt 0.993674 0.114529
vt 0.976680 0.134628
vt 0.981000 0.140732
vt 0.957522 0.099084
vt 0.977870 0.088230
vt 0.890364 0.184047
vt 0.916899 0.191069
vt 0.915752 0.205901
vt 0.890670 0.197333
vt 0.889006 0.117705
vt 0.906433 0.115875
vt 0.951069 0.170202
vt 0.954072 0.183365
vt 0.934112 0.108216
vt 0.954318 0.088513
vt 0.970943 0.070441
vt 0.974328 0.079705
vt 0.951313 0.078105
vt 0.931334 0.094528
vt 0.929109 0.082420
vt 0.904395 0.085342
vt 0.905475 0.100405
vt 0.889036 0.101537
vt 0.889046 0.086147
vt 0.900521 0.018722
vt 0.917054 0.017203
vt 0.931187 0.014515
vt 0.945355 0.009080
vt 0.888986 0.019110
vt 0.891080 0.679134
vt 0.900867 0.679634
vt 0.900385 0.689971
vt 0.890625 0.689969
vt 0.910204 0.679942
vt 0.909711 0.689971
vt 0.892573 0.663372
vt 0.902280 0.664699
vt 0.911499 0.665676
vt 0.894421 0.649496
vt 0.903995 0.651566
vt 0.912957 0.653157
vt 0.930282 0.675215
vt 0.930389 0.666100
vt 0.934371 0.671785
vt 0.933849 0.666646
vt 0.936601 0.678679
vt 0.938701 0.675275
vt 0.924288 0.665192
vt 0.924482 0.679705
vt 0.946807 0.676023
vt 0.948215 0.680297
vt 0.951206 0.678151
vt 0.953333 0.671690
vt 0.955248 0.672259
vt 0.958721 0.665545
vt 0.959693 0.666551
vt 0.931129 0.658501
vt 0.924060 0.654779
vt 0.942438 0.673276
vt 0.952781 0.669503
vt 0.957164 0.663517
vt 0.948937 0.671486
vt 0.933987 0.658960
vt 0.951656 0.665914
vt 0.954727 0.660708
vt 0.949835 0.664106
vt 0.952303 0.659008
vt 0.946780 0.663504
vt 0.948674 0.657891
vt 0.942608 0.664304
vt 0.943553 0.657566
vt 0.938436 0.665697
vt 0.938565 0.658187
vt 0.947914 0.667528
vt 0.949732 0.668378
vt 0.945913 0.666512
vt 0.939569 0.670132
vt 0.945530 0.670805
vt 0.943115 0.668234
vt 0.961806 0.667844
vt 0.956419 0.673563
vt 0.954270 0.678257
vt 0.952832 0.683036
vt 0.954778 0.682533
vt 0.957417 0.686090
vt 0.955627 0.687188
vt 0.962458 0.688180
vt 0.970415 0.688762
vt 0.961936 0.688655
vt 0.970752 0.688433
vt 0.965127 0.684352
vt 0.972108 0.683834
vt 0.966865 0.680911
vt 0.972587 0.679374
vt 0.966740 0.678402
vt 0.971965 0.676324
vt 0.964806 0.676350
vt 0.969974 0.673413
vt 0.960911 0.674774
vt 0.966149 0.670236
vt 0.962973 0.679853
vt 0.963724 0.681534
vt 0.962113 0.678092
vt 0.958925 0.681294
vt 0.958676 0.678108
vt 0.961129 0.683603
vt 0.951310 0.683261
vt 0.954308 0.689990
vt 0.962142 0.689992
vt 0.971070 0.689995
vt 0.924725 0.689973
vt 0.936273 0.689976
vt 0.947525 0.689987
vt 0.962810 0.772029
vt 0.962335 0.761699
vt 0.972124 0.761207
vt 0.972569 0.772031
vt 0.953488 0.772026
vt 0.953000 0.762001
vt 0.960934 0.746767
vt 0.970639 0.745449
vt 0.951719 0.747734
vt 0.959236 0.733639
vt 0.968815 0.731582
vt 0.950272 0.735216
vt 0.928839 0.753817
vt 0.929370 0.748669
vt 0.932826 0.748133
vt 0.932919 0.757262
vt 0.926596 0.760727
vt 0.924502 0.757315
vt 0.938926 0.747233
vt 0.938716 0.761755
vt 0.914989 0.762341
vt 0.916396 0.758064
vt 0.912000 0.760186
vt 0.909875 0.753716
vt 0.907959 0.754288
vt 0.904490 0.747579
vt 0.903514 0.748590
vt 0.932096 0.740531
vt 0.939162 0.736824
vt 0.920768 0.755312
vt 0.910428 0.751529
vt 0.906054 0.745544
vt 0.914272 0.753520
vt 0.929241 0.740991
vt 0.908505 0.742728
vt 0.911561 0.747941
vt 0.910930 0.741034
vt 0.913385 0.746134
vt 0.914557 0.739926
vt 0.916440 0.745536
vt 0.919673 0.739612
vt 0.920604 0.746342
vt 0.924655 0.740237
vt 0.924780 0.747726
vt 0.913481 0.750405
vt 0.915300 0.749557
vt 0.917296 0.748545
vt 0.923638 0.752169
vt 0.917682 0.752832
vt 0.920095 0.750267
vt 0.906788 0.755593
vt 0.901404 0.749876
vt 0.908932 0.760278
vt 0.910373 0.765078
vt 0.908429 0.764574
vt 0.907573 0.769231
vt 0.905786 0.768132
vt 0.901270 0.770699
vt 0.892794 0.770801
vt 0.900745 0.770225
vt 0.892454 0.770472
vt 0.891095 0.765868
vt 0.898072 0.766386
vt 0.890625 0.761411
vt 0.896344 0.762945
vt 0.891237 0.758339
vt 0.896465 0.760426
vt 0.893218 0.755408
vt 0.898395 0.758364
vt 0.897053 0.752245
vt 0.902293 0.756800
vt 0.899474 0.763561
vt 0.900228 0.761875
vt 0.901093 0.760116
vt 0.904283 0.763333
vt 0.904531 0.760135
vt 0.902067 0.765637
vt 0.911894 0.765303
vt 0.908891 0.772033
vt 0.901061 0.772035
vt 0.892139 0.772029
vt 0.938480 0.772021
vt 0.926918 0.772027
vt 0.915667 0.772031
vt 0.894531 0.889902
vt 0.904380 0.889898
vt 0.894634 0.904914
vt 0.904463 0.904541
vt 0.913681 0.889898
vt 0.913662 0.904096
vt 0.948996 0.889902
vt 0.953121 0.896287
vt 0.951221 0.899312
vt 0.952034 0.889903
vt 0.953658 0.900472
vt 0.956386 0.893043
vt 0.955375 0.889904
vt 0.959669 0.891246
vt 0.959448 0.889908
vt 0.925294 0.903704
vt 0.935269 0.904973
vt 0.932907 0.907328
vt 0.941219 0.900873
vt 0.937441 0.905937
vt 0.941510 0.903747
vt 0.948067 0.899902
vt 0.948097 0.902963
vt 0.951537 0.903375
vt 0.945985 0.889902
vt 0.950953 0.906890
vt 0.953374 0.905674
vt 0.944647 0.905774
vt 0.941478 0.908620
vt 0.935676 0.908354
vt 0.948816 0.914062
vt 0.950891 0.911000
vt 0.952748 0.912731
vt 0.948628 0.912002
vt 0.952371 0.909471
vt 0.954370 0.909769
vt 0.948151 0.908654
vt 0.945439 0.910805
vt 0.939503 0.910887
vt 0.943828 0.912990
vt 0.956003 0.900974
vt 0.955278 0.903695
vt 0.952884 0.903216
vt 0.957177 0.897366
vt 0.958775 0.893983
vt 0.960016 0.891471
vt 0.965110 0.903201
vt 0.965395 0.899684
vt 0.967759 0.900360
vt 0.964060 0.901447
vt 0.965749 0.897657
vt 0.967552 0.896939
vt 0.961877 0.898721
vt 0.963146 0.895919
vt 0.960703 0.901607
vt 0.964390 0.893604
vt 0.960181 0.904158
vt 0.939856 0.889901
vt 0.925347 0.889897
vt 0.953943 0.853750
vt 0.954035 0.839105
vt 0.963761 0.854139
vt 0.963886 0.839105
vt 0.944748 0.853300
vt 0.944737 0.839104
vt 0.905296 0.845495
vt 0.906402 0.839107
vt 0.909429 0.839106
vt 0.907196 0.848514
vt 0.904758 0.849664
vt 0.902049 0.842242
vt 0.903056 0.839107
vt 0.898990 0.839105
vt 0.898772 0.840440
vt 0.925514 0.856520
vt 0.923152 0.854168
vt 0.933133 0.852903
vt 0.917199 0.850069
vt 0.920973 0.855128
vt 0.916913 0.852949
vt 0.906872 0.852580
vt 0.910317 0.852174
vt 0.910351 0.849103
vt 0.912438 0.839105
vt 0.907464 0.856106
vt 0.905040 0.854923
vt 0.916947 0.857813
vt 0.913781 0.854985
vt 0.922739 0.857542
vt 0.905711 0.861970
vt 0.907547 0.860216
vt 0.909646 0.863281
vt 0.909812 0.861209
vt 0.906056 0.858692
vt 0.904060 0.858994
vt 0.910273 0.857855
vt 0.912995 0.860004
vt 0.918927 0.860077
vt 0.914616 0.862184
vt 0.903119 0.852896
vt 0.902403 0.850172
vt 0.905528 0.852413
vt 0.901237 0.846565
vt 0.899666 0.843172
vt 0.898419 0.840661
vt 0.890625 0.849465
vt 0.892998 0.848828
vt 0.893246 0.852344
vt 0.894315 0.850603
vt 0.892666 0.846797
vt 0.890872 0.846063
vt 0.896530 0.847893
vt 0.895282 0.845082
vt 0.897688 0.850787
vt 0.894058 0.842755
vt 0.898195 0.853341
vt 0.918567 0.839101
vt 0.933076 0.839103
vt 0.088175 0.334585
vt 0.117885 0.344650
vt 0.100523 0.374492
vt 0.061074 0.365596
vt 0.086746 0.422108
vt 0.042416 0.419705
vt 0.175155 0.281859
vt 0.180165 0.286580
vt 0.143845 0.321849
vt 0.126115 0.314057
vt 0.183043 0.288866
vt 0.158844 0.324996
vt 0.138222 0.381117
vt 0.133893 0.424311
vt 0.144565 0.351765
vt 0.171088 0.275038
vt 0.112622 0.302247
vt 0.030160 0.354585
vt 0.013719 0.417179
vt 0.062223 0.319257
vt 0.261107 0.378714
vt 0.258786 0.397022
vt 0.248188 0.375770
vt 0.245839 0.395061
vt 0.254196 0.357655
vt 0.266782 0.361454
vt 0.265830 0.333254
vt 0.277627 0.338069
vt 0.245398 0.423936
vt 0.258383 0.424220
vt 0.170407 0.357667
vt 0.236613 0.373281
vt 0.234031 0.393502
vt 0.163957 0.383439
vt 0.242791 0.354273
vt 0.183703 0.335493
vt 0.254775 0.328276
vt 0.205912 0.301807
vt 0.159541 0.424579
vt 0.232814 0.423987
vt 0.192590 0.294208
vt 0.169554 0.329136
vt 0.155814 0.354206
vt 0.149307 0.382304
vt 0.144901 0.424435
vt 0.282048 0.398328
vt 0.304594 0.422769
vt 0.288560 0.370492
vt 0.319636 0.357067
vt 0.280275 0.383195
vt 0.384194 0.169744
vt 0.393050 0.209216
vt 0.353254 0.196772
vt 0.363254 0.226556
vt 0.438179 0.151102
vt 0.440581 0.195447
vt 0.340379 0.252528
vt 0.300780 0.283813
vt 0.332629 0.234778
vt 0.305506 0.288836
vt 0.343520 0.267496
vt 0.307779 0.291688
vt 0.442805 0.242612
vt 0.399642 0.246973
vt 0.370286 0.253283
vt 0.320946 0.221174
vt 0.293969 0.279745
vt 0.373185 0.138803
vt 0.435694 0.122419
vt 0.337857 0.170832
vt 0.394266 0.356981
vt 0.415622 0.367540
vt 0.397304 0.369853
vt 0.413594 0.354642
vt 0.380008 0.375570
vt 0.376160 0.363000
vt 0.357166 0.386398
vt 0.352228 0.374628
vt 0.442421 0.354172
vt 0.442693 0.367191
vt 0.412053 0.342819
vt 0.391784 0.345399
vt 0.376189 0.279139
vt 0.401937 0.272688
vt 0.353961 0.292398
vt 0.372725 0.351595
vt 0.320699 0.314565
vt 0.347123 0.363589
vt 0.442524 0.341557
vt 0.443087 0.268296
vt 0.347646 0.278222
vt 0.313121 0.301247
vt 0.372784 0.264540
vt 0.400888 0.258042
vt 0.442908 0.253652
vt 0.416823 0.390790
vt 0.441200 0.413387
vt 0.389108 0.397193
vt 0.375838 0.427040
vt 0.401843 0.388904
vt 0.060104 0.570025
vt 0.062629 0.558293
vt 0.066176 0.566252
vt 0.066746 0.559600
vt 0.067708 0.575374
vt 0.070995 0.571195
vt 0.055355 0.555536
vt 0.051472 0.574961
vt 0.081264 0.572783
vt 0.082469 0.578167
vt 0.086495 0.575587
vt 0.089976 0.567846
vt 0.092242 0.568613
vt 0.097392 0.560565
vt 0.098450 0.561810
vt 0.065822 0.549131
vt 0.060387 0.539871
vt 0.076113 0.569033
vt 0.089548 0.565201
vt 0.095787 0.558027
vt 0.084512 0.567356
vt 0.068878 0.550157
vt 0.088673 0.560705
vt 0.093262 0.554436
vt 0.086734 0.558283
vt 0.090602 0.552115
vt 0.083110 0.557231
vt 0.086366 0.550320
vt 0.077929 0.557822
vt 0.080258 0.549325
vt 0.072612 0.559111
vt 0.074276 0.549581
vt 0.083844 0.562381
vt 0.085946 0.563598
vt 0.081559 0.560940
vt 0.073073 0.564837
vt 0.080383 0.566268
vt 0.077828 0.562826
vt 0.100894 0.563394
vt 0.093519 0.570235
vt 0.090322 0.575856
vt 0.088179 0.581651
vt 0.090656 0.581102
vt 0.093815 0.585453
vt 0.091548 0.586767
vt 0.100159 0.587972
vt 0.110113 0.588671
vt 0.099521 0.588529
vt 0.110549 0.588297
vt 0.103516 0.583452
vt 0.112423 0.583028
vt 0.105834 0.579406
vt 0.113244 0.577716
vt 0.105844 0.576387
vt 0.112670 0.573982
vt 0.103576 0.573852
vt 0.110381 0.570342
vt 0.098906 0.571849
vt 0.105909 0.566381
vt 0.100973 0.578068
vt 0.101816 0.580094
vt 0.100025 0.575923
vt 0.095847 0.579705
vt 0.095776 0.575837
vt 0.098490 0.582531
vt 0.086226 0.581885
vt 0.099761 0.590094
vt 0.089793 0.590083
vt 0.110938 0.590086
vt 0.066103 0.590056
vt 0.050821 0.590055
vt 0.081054 0.590068
vt 0.066718 0.620512
vt 0.062598 0.621802
vt 0.066163 0.613885
vt 0.060112 0.610076
vt 0.067725 0.604708
vt 0.070991 0.608902
vt 0.055330 0.624558
vt 0.051478 0.605152
vt 0.082476 0.601972
vt 0.081262 0.607325
vt 0.086517 0.604530
vt 0.089965 0.612259
vt 0.092245 0.611527
vt 0.097351 0.619570
vt 0.098412 0.618334
vt 0.065753 0.630987
vt 0.060337 0.640278
vt 0.076099 0.611078
vt 0.089551 0.614904
vt 0.095751 0.622102
vt 0.084499 0.612758
vt 0.068821 0.629963
vt 0.093234 0.625683
vt 0.088664 0.619391
vt 0.090560 0.628005
vt 0.086721 0.621799
vt 0.086364 0.629774
vt 0.083104 0.622869
vt 0.080206 0.630768
vt 0.077912 0.622291
vt 0.074232 0.630520
vt 0.072579 0.620994
vt 0.083824 0.617709
vt 0.085934 0.616494
vt 0.081549 0.619167
vt 0.073056 0.615270
vt 0.080371 0.613860
vt 0.077806 0.617272
vt 0.093521 0.609915
vt 0.100838 0.616757
vt 0.090335 0.604280
vt 0.088194 0.598486
vt 0.090676 0.599047
vt 0.091597 0.593405
vt 0.093864 0.594729
vt 0.099519 0.591660
vt 0.110104 0.591499
vt 0.100164 0.592221
vt 0.110539 0.591875
vt 0.112440 0.597119
vt 0.103547 0.596738
vt 0.113253 0.602418
vt 0.105865 0.600777
vt 0.112643 0.606163
vt 0.105856 0.603794
vt 0.110365 0.609814
vt 0.103591 0.606322
vt 0.105913 0.613786
vt 0.098927 0.608327
vt 0.101860 0.600110
vt 0.101012 0.602129
vt 0.100061 0.604264
vt 0.095891 0.600478
vt 0.095810 0.604338
vt 0.098543 0.597679
vt 0.086257 0.598257
vt 0.035345 0.635185
vt 0.034074 0.652659
vt 0.026451 0.635192
vt 0.024077 0.656250
vt 0.035374 0.544900
vt 0.034125 0.527422
vt 0.026481 0.544884
vt 0.024098 0.523889
vt 0.041631 0.607048
vt 0.033746 0.605246
vt 0.041629 0.573068
vt 0.033752 0.574876
vt 0.043697 0.590049
vt 0.035155 0.590051
vt 0.020054 0.631412
vt 0.026520 0.601355
vt 0.026519 0.578745
vt 0.020068 0.548694
vt 0.025835 0.590047
vt 0.410733 0.515952
vt 0.409435 0.511827
vt 0.417344 0.515379
vt 0.421140 0.509307
vt 0.426493 0.516926
vt 0.422331 0.520213
vt 0.406681 0.504552
vt 0.426078 0.500681
vt 0.429281 0.531722
vt 0.423932 0.530499
vt 0.426716 0.535754
vt 0.418980 0.539231
vt 0.419731 0.541501
vt 0.411625 0.546574
vt 0.412867 0.547639
vt 0.400281 0.514995
vt 0.391000 0.509553
vt 0.420187 0.525331
vt 0.416328 0.538783
vt 0.409084 0.544973
vt 0.418503 0.533732
vt 0.401305 0.518060
vt 0.405553 0.542404
vt 0.411862 0.537862
vt 0.403243 0.539741
vt 0.409447 0.535912
vt 0.401489 0.535567
vt 0.408382 0.532316
vt 0.400479 0.529443
vt 0.408973 0.527120
vt 0.400743 0.523444
vt 0.410257 0.521810
vt 0.413528 0.533046
vt 0.414748 0.535152
vt 0.412068 0.530767
vt 0.415976 0.522273
vt 0.417391 0.529595
vt 0.413969 0.527034
vt 0.421349 0.542782
vt 0.414458 0.550057
vt 0.426985 0.539565
vt 0.432760 0.537439
vt 0.432203 0.539919
vt 0.437854 0.540831
vt 0.436541 0.543100
vt 0.439610 0.548764
vt 0.439790 0.559363
vt 0.439049 0.549408
vt 0.439417 0.559807
vt 0.434124 0.561734
vt 0.434534 0.552790
vt 0.428814 0.562488
vt 0.430488 0.555109
vt 0.425069 0.561910
vt 0.427465 0.555109
vt 0.421418 0.559620
vt 0.424925 0.552842
vt 0.417435 0.555151
vt 0.422925 0.548177
vt 0.431164 0.551105
vt 0.429140 0.550241
vt 0.426999 0.549296
vt 0.430796 0.545134
vt 0.426933 0.545055
vt 0.433607 0.547778
vt 0.433001 0.535482
vt 0.441178 0.548997
vt 0.441171 0.539031
vt 0.441208 0.560194
vt 0.441160 0.515354
vt 0.441150 0.500035
vt 0.441172 0.530291
vt 0.461178 0.509335
vt 0.472907 0.511842
vt 0.464954 0.515401
vt 0.471600 0.515953
vt 0.455819 0.516958
vt 0.459995 0.520246
vt 0.475642 0.504563
vt 0.456243 0.500676
vt 0.458429 0.530524
vt 0.453075 0.531741
vt 0.455638 0.535753
vt 0.463389 0.539238
vt 0.462637 0.541497
vt 0.470705 0.546644
vt 0.469470 0.547688
vt 0.482076 0.515007
vt 0.491333 0.509557
vt 0.462162 0.525363
vt 0.466045 0.538822
vt 0.473221 0.545020
vt 0.463856 0.533768
vt 0.481049 0.518063
vt 0.470528 0.537923
vt 0.476792 0.542494
vt 0.472926 0.535981
vt 0.479110 0.539840
vt 0.473991 0.532372
vt 0.480900 0.535607
vt 0.473421 0.527174
vt 0.481903 0.529519
vt 0.472093 0.521816
vt 0.481632 0.523501
vt 0.468845 0.533094
vt 0.467628 0.535191
vt 0.470300 0.530809
vt 0.466367 0.522302
vt 0.464963 0.529629
vt 0.468410 0.527066
vt 0.467897 0.550103
vt 0.461019 0.542765
vt 0.455367 0.539552
vt 0.449587 0.537444
vt 0.450147 0.539921
vt 0.445810 0.543098
vt 0.444490 0.540828
vt 0.443316 0.549394
vt 0.442621 0.559360
vt 0.442753 0.548749
vt 0.442996 0.559800
vt 0.447833 0.552779
vt 0.448282 0.561693
vt 0.451884 0.555073
vt 0.453574 0.562500
vt 0.454903 0.555066
vt 0.457288 0.561878
vt 0.457431 0.552810
vt 0.460925 0.559585
vt 0.459424 0.548152
vt 0.464911 0.555128
vt 0.453227 0.550234
vt 0.451203 0.551078
vt 0.455368 0.549284
vt 0.451562 0.545127
vt 0.455433 0.545027
vt 0.448766 0.547765
vt 0.449345 0.535489
vt 0.486234 0.484559
vt 0.503706 0.483277
vt 0.507287 0.473274
vt 0.486235 0.475664
vt 0.396008 0.484592
vt 0.378537 0.483331
vt 0.396022 0.475682
vt 0.375000 0.473310
vt 0.458101 0.490827
vt 0.456277 0.482943
vt 0.424195 0.490838
vt 0.425973 0.482944
vt 0.441136 0.492910
vt 0.441119 0.484319
vt 0.452412 0.475702
vt 0.482453 0.469267
vt 0.399789 0.469285
vt 0.429829 0.475712
vt 0.441119 0.475002
vt 0.863710 0.627873
vt 0.851513 0.630770
vt 0.859781 0.625440
vt 0.851507 0.626868
vt 0.865175 0.624738
vt 0.855539 0.621239
vt 0.851497 0.622567
vt 0.851493 0.617300
vt 0.853212 0.616991
vt 0.874884 0.650803
vt 0.869013 0.660978
vt 0.871498 0.648121
vt 0.865743 0.640698
vt 0.872553 0.645299
vt 0.869491 0.640233
vt 0.868427 0.631830
vt 0.864468 0.631918
vt 0.868992 0.627391
vt 0.851515 0.634658
vt 0.873516 0.628209
vt 0.872024 0.625083
vt 0.875744 0.640132
vt 0.872046 0.636202
vt 0.875793 0.647365
vt 0.882679 0.630970
vt 0.878747 0.628324
vt 0.880987 0.625974
vt 0.880015 0.631183
vt 0.876816 0.626430
vt 0.877263 0.623884
vt 0.875733 0.631771
vt 0.878476 0.635167
vt 0.878736 0.642557
vt 0.881298 0.637196
vt 0.865755 0.621708
vt 0.869296 0.622559
vt 0.868758 0.625661
vt 0.861111 0.620241
vt 0.856746 0.618189
vt 0.853514 0.616544
vt 0.866220 0.611491
vt 0.863997 0.609834
vt 0.864855 0.606840
vt 0.868440 0.610118
vt 0.861456 0.609368
vt 0.860585 0.607049
vt 0.862790 0.614279
vt 0.859237 0.612645
vt 0.866477 0.615725
vt 0.856288 0.610996
vt 0.869765 0.616313
vt 0.851517 0.642585
vt 0.851499 0.660878
vt 0.843253 0.625462
vt 0.839321 0.627875
vt 0.837857 0.624745
vt 0.847453 0.621263
vt 0.849774 0.617025
vt 0.831544 0.648107
vt 0.833998 0.660967
vt 0.828163 0.650786
vt 0.837291 0.640693
vt 0.830500 0.645274
vt 0.833550 0.640223
vt 0.834009 0.627403
vt 0.834585 0.631834
vt 0.838553 0.631912
vt 0.829475 0.628230
vt 0.830963 0.625104
vt 0.830968 0.636212
vt 0.827271 0.640148
vt 0.827258 0.647342
vt 0.821922 0.626083
vt 0.824209 0.628381
vt 0.820312 0.631052
vt 0.822974 0.631241
vt 0.826132 0.626474
vt 0.825674 0.623927
vt 0.827266 0.631792
vt 0.824533 0.635198
vt 0.824277 0.642579
vt 0.821712 0.637227
vt 0.833701 0.622579
vt 0.837241 0.621721
vt 0.834256 0.625675
vt 0.841884 0.620265
vt 0.846238 0.618222
vt 0.849471 0.616580
vt 0.838204 0.606833
vt 0.836780 0.611466
vt 0.834576 0.610057
vt 0.839010 0.609845
vt 0.841562 0.609397
vt 0.842473 0.607094
vt 0.843761 0.612691
vt 0.840195 0.614299
vt 0.836483 0.615723
vt 0.846716 0.611061
vt 0.833193 0.616310
vt 0.833535 0.691911
vt 0.851521 0.692742
vt 0.833622 0.703031
vt 0.851554 0.704871
vt 0.869491 0.691857
vt 0.869504 0.702955
vt 0.948961 0.624369
vt 0.948958 0.620481
vt 0.957119 0.625822
vt 0.961001 0.623425
vt 0.962460 0.626553
vt 0.948964 0.628664
vt 0.952976 0.629992
vt 0.948961 0.633910
vt 0.950659 0.634205
vt 0.968870 0.603319
vt 0.966465 0.590416
vt 0.972263 0.600670
vt 0.963107 0.610681
vt 0.969905 0.606151
vt 0.966849 0.611179
vt 0.966222 0.623934
vt 0.965743 0.619531
vt 0.961799 0.619414
vt 0.948955 0.616620
vt 0.970760 0.623236
vt 0.969179 0.626320
vt 0.969393 0.615224
vt 0.973095 0.611333
vt 0.973151 0.604109
vt 0.978201 0.625616
vt 0.976000 0.623217
vt 0.979977 0.620613
vt 0.977327 0.620349
vt 0.974014 0.625092
vt 0.974395 0.627647
vt 0.973027 0.619723
vt 0.975818 0.616332
vt 0.976084 0.608936
vt 0.978644 0.614341
vt 0.966611 0.628675
vt 0.963089 0.629557
vt 0.966000 0.625621
vt 0.958488 0.631016
vt 0.954173 0.633029
vt 0.950951 0.634643
vt 0.962225 0.644531
vt 0.963645 0.639814
vt 0.965897 0.641181
vt 0.961392 0.641489
vt 0.958811 0.641918
vt 0.957871 0.644229
vt 0.956625 0.638602
vt 0.960183 0.636998
vt 0.963871 0.635543
vt 0.953654 0.640204
vt 0.967154 0.634906
vt 0.948947 0.608758
vt 0.948943 0.590471
vt 0.936926 0.623435
vt 0.940795 0.625836
vt 0.935465 0.626564
vt 0.944952 0.629995
vt 0.947266 0.634205
vt 0.925625 0.600697
vt 0.931421 0.590419
vt 0.929023 0.603347
vt 0.934789 0.610694
vt 0.927992 0.606192
vt 0.931061 0.611209
vt 0.932180 0.619546
vt 0.936135 0.619425
vt 0.931725 0.623942
vt 0.927194 0.623272
vt 0.928815 0.626352
vt 0.924809 0.611394
vt 0.928519 0.615254
vt 0.924741 0.604160
vt 0.917969 0.620712
vt 0.921962 0.623294
vt 0.919743 0.625682
vt 0.920619 0.620437
vt 0.923943 0.625141
vt 0.923587 0.627698
vt 0.924911 0.619775
vt 0.922106 0.616408
vt 0.921806 0.608996
vt 0.919256 0.614405
vt 0.934836 0.629563
vt 0.931321 0.628673
vt 0.931919 0.625629
vt 0.939438 0.631024
vt 0.943754 0.633034
vt 0.946974 0.634651
vt 0.934256 0.639806
vt 0.936507 0.641477
vt 0.935648 0.644506
vt 0.932000 0.641166
vt 0.939082 0.641921
vt 0.940016 0.644229
vt 0.937726 0.637007
vt 0.941286 0.638614
vt 0.934044 0.635540
vt 0.944256 0.640217
vt 0.930761 0.634896
vt 0.930950 0.559384
vt 0.948962 0.558517
vt 0.948957 0.546355
vt 0.930976 0.548250
vt 0.966979 0.559377
vt 0.966929 0.548220
vt 0.584657 0.798675
vt 0.552333 0.774888
vt 0.605669 0.760589
vt 0.610615 0.783734
vt 0.575616 0.898408
vt 0.601177 0.884826
vt 0.590760 0.945053
vt 0.566731 0.848864
vt 0.594909 0.835986
vt 0.557825 0.811123
vt 0.474508 0.697504
vt 0.495164 0.695592
vt 0.521180 0.823066
vt 0.514114 0.785250
vt 0.482792 0.830312
vt 0.480427 0.789530
vt 0.443090 0.832222
vt 0.442998 0.792154
vt 0.509751 0.749561
vt 0.552503 0.757933
vt 0.521575 0.740206
vt 0.512137 0.693604
vt 0.513070 0.631498
vt 0.477453 0.745726
vt 0.442941 0.745317
vt 0.442964 0.694127
vt 0.600528 0.747005
vt 0.571148 0.994143
vt 0.568824 0.977929
vt 0.616023 0.973597
vt 0.642915 0.985517
vt 0.643925 0.969610
vt 0.678357 0.987339
vt 0.682122 0.967166
vt 0.709494 0.986968
vt 0.610185 0.938564
vt 0.609862 0.887440
vt 0.555769 0.946481
vt 0.543076 0.910898
vt 0.635788 0.865067
vt 0.634048 0.857846
vt 0.674204 0.956100
vt 0.504488 0.984732
vt 0.498357 0.953636
vt 0.493556 0.923249
vt 0.442991 0.986423
vt 0.443064 0.955779
vt 0.443081 0.926009
vt 0.443113 0.877951
vt 0.488761 0.872736
vt 0.530411 0.863942
vt 0.622936 0.820027
vt 0.505422 0.994749
vt 0.443001 0.995094
vt 0.280682 0.761120
vt 0.333671 0.775215
vt 0.301389 0.799013
vt 0.275729 0.784188
vt 0.295344 0.945045
vt 0.284607 0.885239
vt 0.310208 0.898803
vt 0.291268 0.836337
vt 0.319220 0.849158
vt 0.328044 0.811380
vt 0.390530 0.695478
vt 0.411302 0.697347
vt 0.371839 0.785427
vt 0.364767 0.823252
vt 0.405578 0.789887
vt 0.403315 0.830592
vt 0.376062 0.749522
vt 0.333480 0.759618
vt 0.364239 0.741301
vt 0.372608 0.630385
vt 0.373658 0.693847
vt 0.408346 0.745790
vt 0.285650 0.748648
vt 0.270127 0.973417
vt 0.317014 0.978089
vt 0.314764 0.994362
vt 0.243278 0.985437
vt 0.242176 0.970085
vt 0.177448 0.986986
vt 0.204544 0.966792
vt 0.208629 0.985745
vt 0.276240 0.938839
vt 0.276257 0.887603
vt 0.330360 0.946332
vt 0.342939 0.911040
vt 0.250325 0.864800
vt 0.252021 0.858073
vt 0.211837 0.956290
vt 0.387860 0.953374
vt 0.381710 0.984499
vt 0.392603 0.923280
vt 0.397458 0.872910
vt 0.355611 0.864255
vt 0.263313 0.820363
vt 0.380811 0.994490
vt 0.929097 0.304085
vt 0.924639 0.259790
vt 0.971538 0.343042
vt 0.949946 0.343758
vt 0.917635 0.308491
vt 0.930496 0.337029
vt 0.911995 0.273745
vt 0.774437 0.197746
vt 0.774442 0.190793
vt 0.810600 0.202797
vt 0.880991 0.237191
vt 0.851811 0.204970
vt 0.846266 0.213310
vt 0.974770 0.385015
vt 0.948525 0.382405
vt 0.971647 0.423548
vt 0.931518 0.421079
vt 0.881173 0.419988
vt 0.888367 0.439520
vt 0.850005 0.451653
vt 0.850697 0.436776
vt 0.852845 0.464190
vt 0.886313 0.460529
vt 0.866272 0.403819
vt 0.873435 0.405891
vt 0.863739 0.408988
vt 0.850266 0.426773
vt 0.833210 0.445383
vt 0.831898 0.457980
vt 0.802791 0.453737
vt 0.804148 0.465931
vt 0.834655 0.470310
vt 0.805837 0.478734
vt 0.795573 0.441275
vt 0.773785 0.455992
vt 0.773805 0.443567
vt 0.773758 0.468249
vt 0.773756 0.481413
vt 0.791006 0.430801
vt 0.773812 0.432241
vt 0.809448 0.438653
vt 0.920164 0.460433
vt 0.910515 0.396205
vt 0.896849 0.383106
vt 0.884696 0.372777
vt 0.864623 0.394254
vt 0.873774 0.363391
vt 0.855453 0.384185
vt 0.852799 0.364102
vt 0.861200 0.355269
vt 0.845857 0.376146
vt 0.773952 0.361590
vt 0.773973 0.355557
vt 0.781719 0.359327
vt 0.780826 0.353940
vt 0.784361 0.289420
vt 0.774198 0.281644
vt 0.785319 0.282804
vt 0.774154 0.288516
vt 0.787462 0.277089
vt 0.774255 0.265350
vt 0.792787 0.270278
vt 0.774208 0.274327
vt 0.774155 0.294568
vt 0.783038 0.295512
vt 0.774244 0.254893
vt 0.774312 0.240602
vt 0.794409 0.258150
vt 0.797907 0.243982
vt 0.774366 0.226901
vt 0.802014 0.230034
vt 0.774417 0.210625
vt 0.806946 0.215489
vt 0.773925 0.370643
vt 0.783223 0.368409
vt 0.774007 0.350510
vt 0.780042 0.349550
vt 0.789385 0.415374
vt 0.773787 0.416277
vt 0.773850 0.389828
vt 0.787134 0.389242
vt 0.773838 0.403591
vt 0.788045 0.402702
vt 0.773878 0.379487
vt 0.787136 0.377220
vt 0.774044 0.344070
vt 0.779744 0.343110
vt 0.774023 0.338218
vt 0.778402 0.337691
vt 0.835857 0.415245
vt 0.847950 0.417581
vt 0.833011 0.421283
vt 0.820365 0.417029
vt 0.793006 0.300947
vt 0.792969 0.302283
vt 0.834501 0.309861
vt 0.825370 0.295411
vt 0.845794 0.305938
vt 0.834178 0.287656
vt 0.849829 0.351182
vt 0.821269 0.377685
vt 0.828724 0.370126
vt 0.829772 0.380100
vt 0.836308 0.372034
vt 0.821091 0.383751
vt 0.827674 0.347952
vt 0.839247 0.348941
vt 0.830833 0.360943
vt 0.839929 0.361760
vt 0.866209 0.341996
vt 0.850387 0.337950
vt 0.787435 0.355070
vt 0.786459 0.350920
vt 0.820736 0.352920
vt 0.822565 0.361052
vt 0.791737 0.371561
vt 0.787986 0.363437
vt 0.798990 0.374170
vt 0.806666 0.374587
vt 0.813352 0.347831
vt 0.793537 0.350373
vt 0.802308 0.348570
vt 0.815162 0.373112
vt 0.820738 0.368789
vt 0.793896 0.286756
vt 0.791051 0.293417
vt 0.789105 0.298310
vt 0.794305 0.299119
vt 0.804081 0.303158
vt 0.806445 0.300769
vt 0.799750 0.290626
vt 0.796701 0.296177
vt 0.808807 0.297152
vt 0.813127 0.306430
vt 0.793513 0.304231
vt 0.782645 0.323535
vt 0.788387 0.318247
vt 0.788260 0.324127
vt 0.781545 0.319815
vt 0.782549 0.315459
vt 0.788476 0.311188
vt 0.794153 0.316883
vt 0.801122 0.316545
vt 0.794873 0.323764
vt 0.802885 0.322769
vt 0.794136 0.309584
vt 0.801052 0.310104
vt 0.805046 0.327157
vt 0.795380 0.329257
vt 0.787693 0.328510
vt 0.807595 0.322026
vt 0.806838 0.316034
vt 0.804992 0.311107
vt 0.809766 0.264597
vt 0.817576 0.251277
vt 0.868375 0.324933
vt 0.850508 0.322820
vt 0.865036 0.304600
vt 0.852969 0.282376
vt 0.823951 0.274608
vt 0.836966 0.264773
vt 0.816490 0.284942
vt 0.804572 0.275900
vt 0.826586 0.313441
vt 0.819862 0.300546
vt 0.794553 0.279679
vt 0.801948 0.284376
vt 0.828137 0.327691
vt 0.838298 0.324004
vt 0.812367 0.292822
vt 0.827159 0.238519
vt 0.885120 0.330339
vt 0.880786 0.348981
vt 0.875100 0.282105
vt 0.884221 0.307424
vt 0.853874 0.256991
vt 0.899369 0.335666
vt 0.893197 0.357216
vt 0.914637 0.337849
vt 0.907336 0.365101
vt 0.899465 0.309152
vt 0.891166 0.278691
vt 0.868651 0.249366
vt 0.837925 0.225326
vt 0.798467 0.379293
vt 0.793150 0.348121
vt 0.802368 0.345774
vt 0.817301 0.342704
vt 0.813193 0.337476
vt 0.800763 0.341767
vt 0.791806 0.343981
vt 0.785450 0.347245
vt 0.808463 0.378853
vt 0.830663 0.402777
vt 0.817688 0.407993
vt 0.844448 0.393788
vt 0.851915 0.403983
vt 0.799523 0.387326
vt 0.801955 0.400151
vt 0.804111 0.411935
vt 0.836637 0.385210
vt 0.825118 0.392801
vt 0.810394 0.385814
vt 0.814404 0.396805
vt 0.784444 0.340956
vt 0.789007 0.338704
vt 0.784511 0.332490
vt 0.795818 0.333935
vt 0.797605 0.337649
vt 0.781992 0.335872
vt 0.803262 0.305306
vt 0.809472 0.309041
vt 0.812822 0.315313
vt 0.812535 0.323877
vt 0.807590 0.330928
vt 0.816061 0.303745
vt 0.818210 0.314683
vt 0.821942 0.314749
vt 0.811160 0.333819
vt 0.821948 0.326705
vt 0.817751 0.325042
vt 0.838501 0.336919
vt 0.827675 0.338853
vt 0.924891 0.371270
vt 0.815979 0.423349
vt 0.803060 0.422389
vt 0.816622 0.430673
vt 0.859284 0.404205
vt 0.834945 0.439411
vt 0.800352 0.419662
vt 0.807419 0.417564
vt 0.576622 0.342137
vt 0.623678 0.258636
vt 0.619184 0.303184
vt 0.597919 0.343100
vt 0.617328 0.336259
vt 0.630450 0.307691
vt 0.636307 0.272786
vt 0.738322 0.202636
vt 0.667962 0.236643
vt 0.697299 0.204621
vt 0.702683 0.212965
vt 0.599058 0.381747
vt 0.572359 0.384561
vt 0.616196 0.420270
vt 0.575507 0.423185
vt 0.697509 0.451055
vt 0.666394 0.419418
vt 0.696795 0.436422
vt 0.659231 0.438870
vt 0.694693 0.463545
vt 0.661249 0.459875
vt 0.683252 0.407601
vt 0.674403 0.405227
vt 0.681338 0.403314
vt 0.697818 0.426891
vt 0.743341 0.465887
vt 0.715478 0.457715
vt 0.744780 0.453640
vt 0.714293 0.445070
vt 0.741594 0.478427
vt 0.712743 0.469755
vt 0.752026 0.441208
vt 0.756602 0.430775
vt 0.738067 0.438710
vt 0.627566 0.459510
vt 0.637205 0.395407
vt 0.651050 0.382357
vt 0.663072 0.372187
vt 0.683080 0.393749
vt 0.692358 0.383763
vt 0.674058 0.362831
vt 0.695264 0.363581
vt 0.686974 0.354737
vt 0.701991 0.375705
vt 0.766207 0.359316
vt 0.767151 0.353888
vt 0.763074 0.282620
vt 0.763960 0.289325
vt 0.755677 0.270248
vt 0.760932 0.277114
vt 0.765244 0.295491
vt 0.467852 0.580957
vt 0.754163 0.258363
vt 0.750728 0.243983
vt 0.746717 0.229834
vt 0.741810 0.215072
vt 0.764621 0.368402
vt 0.768001 0.349476
vt 0.758200 0.415154
vt 0.760572 0.389257
vt 0.759588 0.402781
vt 0.760638 0.377069
vt 0.768302 0.343104
vt 0.769627 0.337692
vt 0.714585 0.421018
vt 0.699712 0.417198
vt 0.711972 0.414677
vt 0.727076 0.417082
vt 0.755350 0.300912
vt 0.755258 0.302036
vt 0.702308 0.305417
vt 0.722926 0.295139
vt 0.713840 0.309512
vt 0.714142 0.287286
vt 0.698075 0.350717
vt 0.718211 0.379652
vt 0.711552 0.371657
vt 0.719309 0.369704
vt 0.726690 0.377247
vt 0.726816 0.383330
vt 0.707973 0.361402
vt 0.708839 0.348530
vt 0.717289 0.360492
vt 0.720352 0.347605
vt 0.682011 0.341463
vt 0.697799 0.337467
vt 0.760507 0.354998
vt 0.761598 0.350856
vt 0.725370 0.360679
vt 0.727319 0.352521
vt 0.759928 0.363331
vt 0.756082 0.371415
vt 0.741215 0.374358
vt 0.748743 0.374067
vt 0.734435 0.347416
vt 0.745672 0.348375
vt 0.754452 0.350266
vt 0.732642 0.372864
vt 0.727259 0.368378
vt 0.754441 0.286597
vt 0.757370 0.293448
vt 0.753990 0.298905
vt 0.759241 0.298219
vt 0.744077 0.302704
vt 0.741944 0.300499
vt 0.748572 0.290394
vt 0.751707 0.296184
vt 0.739457 0.296724
vt 0.734961 0.306012
vt 0.754840 0.304191
vt 0.765611 0.323489
vt 0.759980 0.318151
vt 0.766709 0.319678
vt 0.759929 0.323949
vt 0.765777 0.315273
vt 0.759935 0.311060
vt 0.745303 0.322517
vt 0.747212 0.316432
vt 0.753334 0.323566
vt 0.754096 0.316661
vt 0.747245 0.310003
vt 0.754179 0.309369
vt 0.743154 0.326948
vt 0.752758 0.329075
vt 0.760457 0.328422
vt 0.740609 0.321830
vt 0.741365 0.315849
vt 0.743260 0.310882
vt 0.738639 0.264347
vt 0.730926 0.250962
vt 0.680055 0.324415
vt 0.697863 0.322401
vt 0.683177 0.304032
vt 0.695326 0.281816
vt 0.711463 0.264367
vt 0.724526 0.274328
vt 0.731962 0.284827
vt 0.743802 0.275668
vt 0.728397 0.300339
vt 0.721520 0.313038
vt 0.753866 0.279803
vt 0.746368 0.284162
vt 0.709838 0.323603
vt 0.720006 0.327331
vt 0.736051 0.292643
vt 0.721566 0.238286
vt 0.667419 0.348347
vt 0.663032 0.329666
vt 0.664095 0.306786
vt 0.673435 0.281551
vt 0.694652 0.256542
vt 0.654732 0.356545
vt 0.648770 0.334933
vt 0.640552 0.364340
vt 0.633540 0.337090
vt 0.648768 0.308413
vt 0.657110 0.277917
vt 0.679956 0.248811
vt 0.710908 0.225020
vt 0.749238 0.379217
vt 0.754819 0.348069
vt 0.745714 0.345615
vt 0.730767 0.342242
vt 0.734960 0.337072
vt 0.747334 0.341632
vt 0.756203 0.343930
vt 0.762563 0.347225
vt 0.739289 0.378781
vt 0.717078 0.402400
vt 0.729929 0.407772
vt 0.695639 0.403762
vt 0.703335 0.393384
vt 0.748311 0.387070
vt 0.745811 0.399849
vt 0.743399 0.411817
vt 0.711333 0.384691
vt 0.722765 0.392411
vt 0.737366 0.385597
vt 0.733305 0.396587
vt 0.763583 0.340929
vt 0.758996 0.338655
vt 0.752222 0.333771
vt 0.763481 0.332410
vt 0.750497 0.337544
vt 0.766043 0.335841
vt 0.745051 0.305047
vt 0.738837 0.308700
vt 0.735504 0.315026
vt 0.735511 0.323502
vt 0.740579 0.330718
vt 0.732216 0.303509
vt 0.730101 0.314420
vt 0.726162 0.314339
vt 0.736851 0.333418
vt 0.726446 0.326529
vt 0.730477 0.324801
vt 0.709866 0.336543
vt 0.720425 0.338491
vt 0.622920 0.370518
vt 0.731630 0.423189
vt 0.744541 0.422315
vt 0.730974 0.430481
vt 0.688522 0.403731
vt 0.712645 0.439524
vt 0.746746 0.419566
vt 0.740162 0.417460
vt 0.464832 0.071024
vt 0.461102 0.076571
vt 0.461080 0.069779
vt 0.466791 0.078208
vt 0.447738 0.066906
vt 0.448841 0.062858
vt 0.473257 0.080886
vt 0.468144 0.083776
vt 0.474507 0.084440
vt 0.483299 0.095812
vt 0.478943 0.094957
vt 0.469577 0.068925
vt 0.471050 0.075041
vt 0.476664 0.077249
vt 0.482407 0.061363
vt 0.482952 0.065322
vt 0.486534 0.066321
vt 0.479993 0.012017
vt 0.491500 0.023530
vt 0.486530 0.035666
vt 0.475006 0.034210
vt 0.469418 0.033275
vt 0.473556 0.007151
vt 0.469572 0.008431
vt 0.466037 0.032794
vt 0.451102 0.032609
vt 0.448364 0.017232
vt 0.426281 0.030795
vt 0.429706 0.037880
vt 0.503854 0.115364
vt 0.512167 0.100785
vt 0.510057 0.120094
vt 0.522733 0.104184
vt 0.535099 0.083942
vt 0.511385 0.084432
vt 0.511410 0.080840
vt 0.537521 0.080438
vt 0.534328 0.074681
vt 0.510776 0.075434
vt 0.521071 0.059892
vt 0.510677 0.062457
vt 0.508491 0.042318
vt 0.503267 0.047176
vt 0.493772 0.055169
vt 0.497411 0.064632
vt 0.483058 0.049192
vt 0.471178 0.051108
vt 0.466362 0.051233
vt 0.463072 0.050653
vt 0.450619 0.047909
vt 0.436079 0.050205
vt 0.492772 0.107672
vt 0.497280 0.098193
vt 0.492218 0.085144
vt 0.491764 0.081722
vt 0.493258 0.077443
vt 0.382180 0.094408
vt 0.386304 0.099988
vt 0.380724 0.101536
vt 0.385930 0.093205
vt 0.399728 0.090541
vt 0.398183 0.086451
vt 0.379436 0.107053
vt 0.373812 0.104209
vt 0.372582 0.107761
vt 0.368693 0.118278
vt 0.363847 0.119142
vt 0.375986 0.098373
vt 0.377451 0.092278
vt 0.370402 0.100580
vt 0.364108 0.088640
vt 0.364657 0.084688
vt 0.360526 0.089641
vt 0.360606 0.059011
vt 0.367797 0.035942
vt 0.372157 0.057632
vt 0.356187 0.047372
vt 0.377770 0.056728
vt 0.374785 0.030607
vt 0.377754 0.031886
vt 0.381160 0.056266
vt 0.396120 0.056220
vt 0.398974 0.040851
vt 0.420991 0.054193
vt 0.417987 0.061708
vt 0.337223 0.143531
vt 0.334985 0.124184
vt 0.343922 0.138760
vt 0.323954 0.127636
vt 0.311531 0.107359
vt 0.335739 0.107800
vt 0.335719 0.104198
vt 0.309594 0.104345
vt 0.313293 0.098566
vt 0.336332 0.098775
vt 0.326516 0.083691
vt 0.336424 0.085749
vt 0.343837 0.070476
vt 0.339122 0.066103
vt 0.353297 0.078477
vt 0.349655 0.087934
vt 0.364043 0.072532
vt 0.375917 0.074500
vt 0.380731 0.074660
vt 0.384020 0.074117
vt 0.396495 0.071495
vt 0.411514 0.073983
vt 0.354941 0.131025
vt 0.349869 0.121555
vt 0.354884 0.108496
vt 0.355332 0.105068
vt 0.353834 0.100783
vt 0.012719 0.654191
vt 0.012730 0.525944
vt 0.505214 0.461911
vt 0.377042 0.461946
vt 0.832793 0.715973
vt 0.851603 0.718750
vt 0.870355 0.715884
vt 0.930107 0.535308
vt 0.948940 0.532422
vt 0.967783 0.535257
vt 0.634280 0.766848
vt 0.645249 0.719789
vt 0.564619 0.597560
vt 0.627200 0.636140
vt 0.661877 0.680283
vt 0.661554 0.745305
vt 0.688318 0.719111
vt 0.613199 0.649764
vt 0.564214 0.617995
vt 0.604494 0.587629
vt 0.642021 0.612663
vt 0.682245 0.653812
vt 0.625895 0.706589
vt 0.745906 0.672061
vt 0.711546 0.626657
vt 0.753416 0.611183
vt 0.780275 0.647996
vt 0.714887 0.696437
vt 0.551614 0.570162
vt 0.539253 0.543015
vt 0.598654 0.561817
vt 0.584045 0.532966
vt 0.706243 0.938850
vt 0.714891 0.880804
vt 0.730081 0.940324
vt 0.698433 0.885289
vt 0.665883 0.849059
vt 0.695433 0.831228
vt 0.693348 0.937340
vt 0.683653 0.889258
vt 0.661523 0.857543
vt 0.835286 0.924148
vt 0.819264 0.857723
vt 0.857203 0.848009
vt 0.871076 0.917058
vt 0.798342 0.789409
vt 0.838524 0.775767
vt 0.798818 0.930448
vt 0.783734 0.867007
vt 0.763649 0.801621
vt 0.766543 0.935418
vt 0.751154 0.874351
vt 0.731282 0.814971
vt 0.710232 0.761668
vt 0.678557 0.783898
vt 0.739001 0.740682
vt 0.771102 0.720433
vt 0.809953 0.699183
vt 0.649305 0.803071
vt 0.810023 0.981734
vt 0.845782 0.975783
vt 0.880553 0.969170
vt 0.778902 0.985592
vt 0.741310 0.987147
vt 0.659322 0.596423
vt 0.713120 0.605252
vt 0.670443 0.584162
vt 0.625448 0.558649
vt 0.603941 0.527383
vt 0.747659 0.599441
vt 0.252240 0.767310
vt 0.240918 0.720230
vt 0.320721 0.597710
vt 0.223919 0.680663
vt 0.258401 0.636524
vt 0.198065 0.719536
vt 0.224866 0.745722
vt 0.321447 0.616923
vt 0.272684 0.649446
vt 0.280961 0.587919
vt 0.243528 0.613055
vt 0.203164 0.654241
vt 0.260009 0.707305
vt 0.132529 0.611671
vt 0.173964 0.627136
vt 0.140131 0.672462
vt 0.104899 0.648767
vt 0.171250 0.696866
vt 0.334087 0.570538
vt 0.346393 0.543298
vt 0.286699 0.562111
vt 0.300719 0.533169
vt 0.180145 0.938668
vt 0.156245 0.940191
vt 0.171857 0.880523
vt 0.188108 0.885080
vt 0.191254 0.831205
vt 0.220549 0.849078
vt 0.192545 0.937380
vt 0.202506 0.888804
vt 0.224506 0.857096
vt 0.029532 0.847816
vt 0.067198 0.857614
vt 0.051240 0.923603
vt 0.015398 0.916436
vt 0.048184 0.775779
vt 0.088333 0.789360
vt 0.102982 0.866664
vt 0.087368 0.930248
vt 0.122788 0.801603
vt 0.135440 0.874145
vt 0.119578 0.935363
vt 0.155178 0.814963
vt 0.176060 0.761923
vt 0.208074 0.784154
vt 0.147272 0.740878
vt 0.114766 0.720766
vt 0.075781 0.699697
vt 0.237293 0.803344
vt 0.075814 0.981468
vt 0.040512 0.975006
vt 0.005906 0.968337
vt 0.107232 0.985237
vt 0.145010 0.986707
vt 0.173736 0.606232
vt 0.226594 0.597034
vt 0.215905 0.585286
vt 0.261072 0.559691
vt 0.280621 0.527528
vt 0.140552 0.600354
vt 0.885166 0.489071
vt 0.958583 0.464837
vt 0.927626 0.512900
vt 0.809602 0.497298
vt 0.818803 0.529612
vt 0.773701 0.502106
vt 0.773607 0.535865
vt 0.839606 0.487946
vt 0.857247 0.512635
vt 0.853937 0.482107
vt 0.890619 0.548027
vt 0.837126 0.575673
vt 0.773520 0.587795
vt 0.662300 0.488480
vt 0.620222 0.511498
vt 0.589260 0.463912
vt 0.728452 0.529113
vt 0.737686 0.497055
vt 0.690024 0.512238
vt 0.707810 0.487347
vt 0.693573 0.481435
vt 0.709994 0.575368
vt 0.656721 0.547108
vt 0.717594 0.142512
vt 0.740280 0.129803
vt 0.721166 0.146063
vt 0.737156 0.126432
vt 0.701876 0.114745
vt 0.721928 0.104005
vt 0.692134 0.169299
vt 0.692560 0.176180
vt 0.678475 0.123634
vt 0.654802 0.198225
vt 0.653886 0.208456
vt 0.650962 0.131518
vt 0.698805 0.104182
vt 0.715090 0.085826
vt 0.718468 0.095259
vt 0.695893 0.093794
vt 0.648884 0.100921
vt 0.649955 0.115995
vt 0.673624 0.097962
vt 0.675781 0.110022
vt 0.675879 0.030142
vt 0.690074 0.024751
vt 0.661702 0.032803
vt 0.645135 0.034310
vt 0.804965 0.126926
vt 0.783307 0.114064
vt 0.785381 0.110780
vt 0.802263 0.130557
vt 0.800632 0.088369
vt 0.820679 0.099130
vt 0.830429 0.153696
vt 0.830586 0.160959
vt 0.844078 0.108027
vt 0.867771 0.182580
vt 0.868873 0.193512
vt 0.871601 0.115913
vt 0.804083 0.079648
vt 0.807481 0.070191
vt 0.823754 0.088567
vt 0.826688 0.078166
vt 0.872619 0.100395
vt 0.873693 0.085313
vt 0.846771 0.094413
vt 0.848949 0.082354
vt 0.832541 0.009157
vt 0.846724 0.014552
vt 0.860889 0.017211
vt 0.877444 0.018723
vt 0.094543 0.464880
vt 0.053050 0.468348
vt 0.117870 0.498946
vt 0.089940 0.505590
vt 0.148030 0.529730
vt 0.135394 0.535815
vt 0.178755 0.561949
vt 0.173963 0.566766
vt 0.160063 0.524942
vt 0.181397 0.559540
vt 0.145132 0.494811
vt 0.137847 0.463958
vt 0.169462 0.572219
vt 0.125113 0.543770
vt 0.071951 0.516476
vt 0.025782 0.473585
vt 0.255698 0.492903
vt 0.268224 0.488707
vt 0.275295 0.511606
vt 0.263764 0.516407
vt 0.250103 0.472312
vt 0.263416 0.469474
vt 0.247340 0.450862
vt 0.260578 0.449713
vt 0.185642 0.514359
vt 0.242678 0.496644
vt 0.203829 0.547281
vt 0.252819 0.521417
vt 0.171876 0.489346
vt 0.236261 0.475168
vt 0.164315 0.462468
vt 0.233793 0.452613
vt 0.156665 0.492687
vt 0.149249 0.463155
vt 0.171035 0.520696
vt 0.190710 0.554320
vt 0.320935 0.440003
vt 0.326634 0.457412
vt 0.327530 0.475694
vt 0.318528 0.496691
vt 0.486750 0.161745
vt 0.483306 0.203252
vt 0.523937 0.198569
vt 0.517386 0.226547
vt 0.554322 0.244054
vt 0.548241 0.256706
vt 0.585251 0.282773
vt 0.580423 0.287565
vt 0.578006 0.290208
vt 0.543451 0.268767
vt 0.513270 0.253829
vt 0.482415 0.246577
vt 0.591714 0.278271
vt 0.562237 0.233763
vt 0.534810 0.180584
vt 0.491983 0.134507
vt 0.530042 0.384155
vt 0.507162 0.377038
vt 0.511386 0.364495
vt 0.534865 0.372611
vt 0.487928 0.372228
vt 0.490806 0.358921
vt 0.468177 0.369375
vt 0.469322 0.356120
vt 0.565679 0.312655
vt 0.539783 0.361597
vt 0.515030 0.351426
vt 0.532872 0.294333
vt 0.493633 0.345029
vt 0.507882 0.280534
vt 0.471100 0.342565
vt 0.480920 0.273053
vt 0.511146 0.265365
vt 0.481603 0.257980
vt 0.539236 0.279703
vt 0.572780 0.299520
vt 0.458382 0.429806
vt 0.475789 0.435561
vt 0.494085 0.436500
vt 0.516042 0.427389
vt 0.891090 0.700814
vt 0.900876 0.700311
vt 0.910215 0.700002
vt 0.902319 0.715259
vt 0.904048 0.728390
vt 0.892615 0.716596
vt 0.894470 0.730469
vt 0.911522 0.714271
vt 0.913015 0.726790
vt 0.934366 0.708179
vt 0.933844 0.713315
vt 0.930396 0.713845
vt 0.930282 0.704734
vt 0.936601 0.701277
vt 0.938697 0.704695
vt 0.924300 0.714748
vt 0.924481 0.700240
vt 0.948207 0.699681
vt 0.946800 0.703959
vt 0.951195 0.701824
vt 0.953327 0.708287
vt 0.955241 0.707718
vt 0.958714 0.714440
vt 0.959685 0.713433
vt 0.931137 0.721440
vt 0.924100 0.725151
vt 0.942427 0.706707
vt 0.952775 0.710480
vt 0.957155 0.716474
vt 0.948931 0.708494
vt 0.933978 0.720991
vt 0.954709 0.719282
vt 0.951646 0.714068
vt 0.952278 0.720979
vt 0.949824 0.715875
vt 0.948651 0.722081
vt 0.946769 0.716468
vt 0.943536 0.722382
vt 0.942601 0.715665
vt 0.938550 0.721762
vt 0.938427 0.714273
vt 0.949722 0.711606
vt 0.947905 0.712452
vt 0.945909 0.713461
vt 0.939564 0.709840
vt 0.945518 0.709185
vt 0.943105 0.711747
vt 0.956408 0.706415
vt 0.961798 0.712144
vt 0.954264 0.701737
vt 0.952821 0.696940
vt 0.954769 0.697448
vt 0.955623 0.692794
vt 0.957413 0.693894
vt 0.961933 0.691327
vt 0.970405 0.691223
vt 0.962449 0.691802
vt 0.970747 0.691556
vt 0.972089 0.696143
vt 0.965122 0.695637
vt 0.972560 0.700593
vt 0.966847 0.699071
vt 0.966724 0.701584
vt 0.971953 0.703666
vt 0.969969 0.706598
vt 0.964792 0.703635
vt 0.966132 0.709742
vt 0.960898 0.705205
vt 0.963715 0.698456
vt 0.962956 0.700133
vt 0.962094 0.701887
vt 0.958904 0.698685
vt 0.958663 0.701881
vt 0.961122 0.696384
vt 0.951296 0.696709
vt 0.972120 0.782857
vt 0.962332 0.782359
vt 0.952998 0.782052
vt 0.970622 0.798619
vt 0.959191 0.810426
vt 0.960914 0.797296
vt 0.968758 0.812500
vt 0.950226 0.808832
vt 0.951713 0.796313
vt 0.932921 0.786789
vt 0.932826 0.795905
vt 0.928835 0.790218
vt 0.929373 0.795370
vt 0.926596 0.783323
vt 0.924504 0.786739
vt 0.938925 0.796804
vt 0.938718 0.782293
vt 0.916398 0.785995
vt 0.914992 0.781712
vt 0.912006 0.783872
vt 0.909884 0.790343
vt 0.907969 0.789764
vt 0.904499 0.796475
vt 0.903529 0.795467
vt 0.932086 0.803498
vt 0.939146 0.807206
vt 0.920771 0.788746
vt 0.910436 0.792527
vt 0.906058 0.798506
vt 0.914275 0.790535
vt 0.929229 0.803040
vt 0.911565 0.796114
vt 0.908501 0.801320
vt 0.913388 0.797918
vt 0.910924 0.803011
vt 0.916440 0.798509
vt 0.914551 0.804115
vt 0.920605 0.797703
vt 0.919662 0.804418
vt 0.924775 0.796310
vt 0.924656 0.803814
vt 0.915304 0.794499
vt 0.913485 0.793652
vt 0.917301 0.795505
vt 0.923640 0.791883
vt 0.917682 0.791216
vt 0.920096 0.793779
vt 0.901418 0.794176
vt 0.906802 0.788461
vt 0.908945 0.783766
vt 0.910381 0.778983
vt 0.908433 0.779494
vt 0.905792 0.775936
vt 0.907579 0.774837
vt 0.900749 0.773846
vt 0.892798 0.773261
vt 0.901269 0.773371
vt 0.892463 0.773591
vt 0.898086 0.777678
vt 0.891111 0.778198
vt 0.896353 0.781124
vt 0.890635 0.782674
vt 0.896486 0.783629
vt 0.891258 0.785742
vt 0.898418 0.785682
vt 0.893249 0.788660
vt 0.902311 0.787251
vt 0.897084 0.791801
vt 0.900247 0.782177
vt 0.899489 0.780501
vt 0.901109 0.783938
vt 0.904293 0.780735
vt 0.904546 0.783921
vt 0.902086 0.778424
vt 0.911905 0.778748
vt 0.904474 0.875250
vt 0.894654 0.874873
vt 0.913673 0.875698
vt 0.953122 0.883520
vt 0.951221 0.880494
vt 0.953654 0.879347
vt 0.956391 0.886767
vt 0.959665 0.888570
vt 0.932903 0.872483
vt 0.935264 0.874838
vt 0.925285 0.876099
vt 0.941216 0.878934
vt 0.937433 0.873872
vt 0.941500 0.876053
vt 0.951532 0.876433
vt 0.948093 0.876837
vt 0.948069 0.879900
vt 0.950939 0.872904
vt 0.953362 0.874098
vt 0.941454 0.871187
vt 0.944631 0.874029
vt 0.935664 0.871459
vt 0.952702 0.867058
vt 0.950860 0.868798
vt 0.948758 0.865731
vt 0.948580 0.867790
vt 0.952351 0.870322
vt 0.954348 0.870024
vt 0.948128 0.871150
vt 0.945407 0.869001
vt 0.939475 0.868924
vt 0.943802 0.866824
vt 0.955278 0.876120
vt 0.956000 0.878849
vt 0.952875 0.876605
vt 0.957182 0.882447
vt 0.958772 0.885834
vt 0.960017 0.888345
vt 0.967757 0.879438
vt 0.965399 0.880124
vt 0.965099 0.876616
vt 0.964062 0.878366
vt 0.965750 0.882157
vt 0.967538 0.882882
vt 0.961872 0.881101
vt 0.963143 0.883900
vt 0.960701 0.878208
vt 0.964390 0.886216
vt 0.960179 0.875658
vt 0.963765 0.824076
vt 0.953945 0.824457
vt 0.944743 0.824906
vt 0.905304 0.832725
vt 0.907201 0.829697
vt 0.904761 0.828545
vt 0.902047 0.835970
vt 0.898772 0.837773
vt 0.933127 0.825302
vt 0.923153 0.824034
vt 0.925516 0.821681
vt 0.917201 0.828136
vt 0.920973 0.823076
vt 0.916911 0.825256
vt 0.910353 0.829107
vt 0.910320 0.826038
vt 0.906876 0.825636
vt 0.907465 0.822112
vt 0.905046 0.823301
vt 0.913780 0.823221
vt 0.916943 0.820388
vt 0.922740 0.820662
vt 0.909633 0.814928
vt 0.907546 0.817994
vt 0.905697 0.816265
vt 0.909818 0.816988
vt 0.906046 0.819540
vt 0.904055 0.819225
vt 0.910273 0.820350
vt 0.912997 0.818195
vt 0.918922 0.818122
vt 0.914599 0.816017
vt 0.902402 0.828040
vt 0.903118 0.825307
vt 0.905533 0.825804
vt 0.901235 0.831647
vt 0.899662 0.835040
vt 0.898424 0.837551
vt 0.893283 0.825841
vt 0.893003 0.829355
vt 0.890640 0.828681
vt 0.894339 0.827590
vt 0.892668 0.831390
vt 0.890878 0.832122
vt 0.896535 0.830312
vt 0.895276 0.833118
vt 0.897703 0.827418
vt 0.894040 0.835440
vt 0.898210 0.824861
vt 0.280722 0.140252
vt 0.294467 0.163231
vt 0.275531 0.151348
vt 0.274032 0.163261
vt 0.255953 0.145756
vt 0.254295 0.163439
vt 0.262670 0.129120
vt 0.227849 0.119015
vt 0.223487 0.141201
vt 0.192550 0.115000
vt 0.188984 0.138974
vt 0.156850 0.112242
vt 0.153917 0.137516
vt 0.120610 0.109682
vt 0.117996 0.136310
vt 0.083845 0.106741
vt 0.081075 0.134731
vt 0.047067 0.102203
vt 0.043644 0.132364
vt 0.221604 0.163127
vt 0.187782 0.163304
vt 0.152890 0.163230
vt 0.117033 0.163199
vt 0.080195 0.163184
vt 0.042300 0.163097
vt 0.020821 0.129984
vt 0.021509 0.097688
vt 0.010111 0.095950
vt 0.011746 0.129142
vt 0.022004 0.163091
vt 0.014726 0.163090
vt 0.275908 0.175194
vt 0.281095 0.186379
vt 0.256541 0.180883
vt 0.263012 0.197544
vt 0.227953 0.207505
vt 0.223328 0.185333
vt 0.192748 0.211460
vt 0.189204 0.187486
vt 0.156979 0.214284
vt 0.154037 0.188922
vt 0.120610 0.216714
vt 0.117971 0.190046
vt 0.083895 0.219709
vt 0.081071 0.191700
vt 0.047003 0.224173
vt 0.043568 0.193987
vt 0.020730 0.196355
vt 0.021322 0.228626
vt 0.009908 0.230316
vt 0.011635 0.197223
vt 0.289412 0.130269
vt 0.300278 0.123561
vt 0.271794 0.112288
vt 0.281928 0.095808
vt 0.234986 0.098345
vt 0.197565 0.091280
vt 0.160823 0.087091
vt 0.124295 0.083439
vt 0.088041 0.079158
vt 0.051976 0.073083
vt 0.241885 0.078562
vt 0.202468 0.068858
vt 0.164641 0.063248
vt 0.128642 0.058585
vt 0.093630 0.053120
vt 0.059206 0.046302
vt 0.020117 0.065594
vt 0.005480 0.062550
vt 0.028753 0.037377
vt 0.013994 0.030823
vt 0.289783 0.196434
vt 0.300630 0.203183
vt 0.271985 0.214353
vt 0.282091 0.231005
vt 0.235149 0.228245
vt 0.197757 0.235219
vt 0.160841 0.239383
vt 0.124331 0.242931
vt 0.088146 0.247261
vt 0.051821 0.253104
vt 0.241977 0.248047
vt 0.202335 0.257818
vt 0.164698 0.263064
vt 0.128791 0.267824
vt 0.093690 0.273309
vt 0.059061 0.279871
vt 0.020072 0.260733
vt 0.005407 0.263817
vt 0.028730 0.288928
vt 0.014001 0.295546
vt 0.425576 0.738263
vt 0.419007 0.756245
vt 0.418480 0.743790
vt 0.427890 0.744328
vt 0.407796 0.760216
vt 0.407796 0.746305
vt 0.397105 0.743777
vt 0.396567 0.756176
vt 0.389971 0.738176
vt 0.387562 0.743777
vt 0.396683 0.650557
vt 0.389702 0.655685
vt 0.395122 0.637584
vt 0.386853 0.650565
vt 0.407537 0.648770
vt 0.407406 0.636228
vt 0.418471 0.640354
vt 0.418174 0.651408
vt 0.424935 0.656990
vt 0.426940 0.651514
vt 0.419419 0.760436
vt 0.428790 0.748067
vt 0.407796 0.764843
vt 0.396132 0.760216
vt 0.386474 0.746305
vt 0.390827 0.635857
vt 0.385021 0.648645
vt 0.407796 0.723852
vt 0.396567 0.722840
vt 0.387562 0.721590
vt 0.382228 0.722840
vt 0.380490 0.723852
vt 0.419004 0.722860
vt 0.427864 0.721747
vt 0.433589 0.723021
vt 0.434432 0.731107
vt 0.407796 0.696735
vt 0.396132 0.696735
vt 0.419395 0.696765
vt 0.428596 0.696979
vt 0.433856 0.696240
vt 0.386474 0.696735
vt 0.380490 0.696735
vt 0.378500 0.696735
vt 0.396513 0.670739
vt 0.407764 0.669819
vt 0.418917 0.670902
vt 0.427384 0.672579
vt 0.431854 0.671214
vt 0.387519 0.671941
vt 0.382138 0.670740
vt 0.380309 0.669803
vt 0.398715 0.621338
vt 0.394428 0.621393
vt 0.408918 0.621944
vt 0.420129 0.626618
vt 0.429323 0.639664
vt 0.434694 0.663146
vt 0.437001 0.689903
vt 0.437664 0.710681
vt 0.437861 0.718253
vt 0.443300 0.634731
vt 0.438433 0.646614
vt 0.433531 0.615656
vt 0.443300 0.617650
vt 0.443300 0.674828
vt 0.440064 0.680100
vt 0.443300 0.698106
vt 0.440577 0.701876
vt 0.440670 0.709264
vt 0.443300 0.705662
vt 0.401387 0.608973
vt 0.397142 0.608090
vt 0.411469 0.611069
vt 0.423416 0.613553
vt 0.461024 0.738263
vt 0.467593 0.756245
vt 0.458710 0.744328
vt 0.468120 0.743790
vt 0.478804 0.760216
vt 0.478804 0.746305
vt 0.489495 0.743777
vt 0.490033 0.756176
vt 0.496629 0.738176
vt 0.499038 0.743777
vt 0.499747 0.650565
vt 0.496898 0.655685
vt 0.491478 0.637584
vt 0.489917 0.650557
vt 0.479194 0.636228
vt 0.479063 0.648770
vt 0.468129 0.640354
vt 0.468426 0.651408
vt 0.461665 0.656990
vt 0.459660 0.651514
vt 0.467181 0.760436
vt 0.457810 0.748067
vt 0.478804 0.764843
vt 0.490468 0.760216
vt 0.500126 0.746305
vt 0.501579 0.648645
vt 0.495773 0.635857
vt 0.478804 0.723852
vt 0.490033 0.722840
vt 0.499038 0.721590
vt 0.504372 0.722840
vt 0.506110 0.723852
vt 0.467596 0.722860
vt 0.458736 0.721747
vt 0.453011 0.723021
vt 0.452168 0.731107
vt 0.490468 0.696735
vt 0.478804 0.696735
vt 0.467205 0.696765
vt 0.458004 0.696979
vt 0.452744 0.696240
vt 0.500126 0.696735
vt 0.506110 0.696735
vt 0.508100 0.696735
vt 0.490087 0.670739
vt 0.478836 0.669819
vt 0.467683 0.670902
vt 0.459216 0.672579
vt 0.454746 0.671214
vt 0.499081 0.671941
vt 0.504462 0.670740
vt 0.506291 0.669803
vt 0.492172 0.621393
vt 0.487885 0.621338
vt 0.477682 0.621944
vt 0.466471 0.626618
vt 0.457277 0.639664
vt 0.451906 0.663146
vt 0.449599 0.689903
vt 0.448936 0.710681
vt 0.448739 0.718253
vt 0.453069 0.615656
vt 0.448167 0.646614
vt 0.446536 0.680100
vt 0.446023 0.701876
vt 0.445930 0.709264
vt 0.489458 0.608090
vt 0.485213 0.608973
vt 0.475131 0.611069
vt 0.463184 0.613553
vt 0.485213 0.608620
vt 0.475131 0.609955
vt 0.485065 0.597900
vt 0.464252 0.600534
vt 0.463184 0.611537
vt 0.443300 0.603187
vt 0.497656 0.602347
vt 0.489458 0.608057
vt 0.482483 0.602756
vt 0.490274 0.602546
vt 0.462386 0.605869
vt 0.423409 0.605245
vt 0.433531 0.612876
vt 0.423416 0.611537
vt 0.404181 0.601783
vt 0.411469 0.609955
vt 0.395395 0.601788
vt 0.401387 0.608620
vt 0.387854 0.601793
vt 0.397142 0.608057
vt 0.395247 0.599707
vt 0.423483 0.600693
vt 0.401540 0.597931
s 1
usemtl 0.kounai
f 2749/1/1 2748/2/2 2750/3/3
f 2748/2/2 2747/4/4 2750/3/3
f 2760/5/5 2740/6/6 2748/2/2
f 2760/5/5 2748/2/2 2749/1/1
f 2740/6/6 2739/7/7 2741/8/8
f 2741/8/8 2746/9/9 2747/4/4
f 2748/2/2 2741/8/8 2747/4/4
f 2740/6/6 2741/8/8 2748/2/2
usemtl 1.medama
f 2649/10/10 2647/11/11 2653/12/12
f 2654/13/13 2649/10/10 2653/12/12
f 2643/14/14 2644/15/15 2655/16/16
f 2644/15/15 2656/17/17 2655/16/16
f 2643/14/14 2657/18/18 2645/19/19
f 2643/14/14 2655/16/16 2657/18/18
f 2652/20/20 2648/21/21 2658/22/22
f 2658/22/22 2648/21/21 2659/23/23
f 2660/24/24 2642/25/25 2651/26/26
f 2660/24/24 2661/27/27 2642/25/25
f 2648/21/21 2649/10/10 2659/23/23
f 2659/23/23 2649/10/10 2654/13/13
f 2645/19/19 2657/18/18 2646/28/28
f 2657/18/18 2662/29/29 2646/28/28
f 2661/27/27 2641/30/30 2642/25/25
f 2663/31/31 2641/30/30 2661/27/27
f 2653/12/12 2647/11/11 2641/30/30
f 2663/31/31 2653/12/12 2641/30/30
f 2644/15/15 2652/20/20 2656/17/17
f 2656/17/17 2652/20/20 2658/22/22
f 2664/32/32 2651/26/26 2650/33/33
f 2664/32/32 2660/24/24 2651/26/26
f 2646/28/28 2662/29/29 2650/33/33
f 2662/29/29 2664/32/32 2650/33/33
f 2655/16/16 2665/34/34 2657/18/18
f 2657/18/18 2665/34/34 2666/35/35
f 2657/18/18 2666/35/35 2662/29/29
f 2666/35/35 2667/36/36 2662/29/29
f 2664/32/32 2668/37/37 2660/24/24
f 2669/38/38 2668/37/37 2664/32/32
f 2662/29/29 2669/38/38 2664/32/32
f 2667/36/36 2669/38/38 2662/29/29
f 2656/17/17 2658/22/22 2670/39/39
f 2656/17/17 2670/39/39 2671/40/40
f 2656/17/17 2671/40/40 2655/16/16
f 2655/16/16 2671/40/40 2665/34/34
f 2672/41/41 2653/12/12 2663/31/31
f 2673/42/42 2672/41/41 2663/31/31
f 2654/13/13 2653/12/12 2674/43/43
f 2674/43/43 2653/12/12 2672/41/41
f 2675/44/44 2663/31/31 2661/27/27
f 2673/42/42 2663/31/31 2675/44/44
f 2668/37/37 2661/27/27 2660/24/24
f 2675/44/44 2661/27/27 2668/37/37
f 2659/23/23 2654/13/13 2676/45/45
f 2676/45/45 2654/13/13 2674/43/43
f 2658/22/22 2659/23/23 2670/39/39
f 2670/39/39 2659/23/23 2676/45/45
f 2677/46/46 2675/44/44 2668/37/37
f 2678/47/47 2675/44/44 2677/46/46
f 2678/47/47 2673/42/42 2675/44/44
f 2679/48/48 2673/42/42 2678/47/47
f 2666/35/35 2680/49/49 2667/36/36
f 2680/49/49 2681/50/50 2667/36/36
f 2671/40/40 2682/51/51 2665/34/34
f 2665/34/34 2682/51/51 2683/52/52
f 2684/53/53 2672/41/41 2673/42/42
f 2684/53/53 2673/42/42 2679/48/48
f 2670/39/39 2676/45/45 2685/54/54
f 2685/54/54 2676/45/45 2686/55/55
f 2676/45/45 2674/43/43 2686/55/55
f 2686/55/55 2674/43/43 2687/56/56
f 2671/40/40 2670/39/39 2685/54/54
f 2671/40/40 2685/54/54 2682/51/51
f 2674/43/43 2672/41/41 2684/53/53
f 2687/56/56 2674/43/43 2684/53/53
f 2665/34/34 2683/52/52 2666/35/35
f 2666/35/35 2683/52/52 2680/49/49
f 2667/36/36 2688/57/57 2669/38/38
f 2681/50/50 2688/57/57 2667/36/36
f 2669/38/38 2677/46/46 2668/37/37
f 2688/57/57 2677/46/46 2669/38/38
f 2689/58/58 2684/53/53 2679/48/48
f 2687/56/56 2684/53/53 2689/58/58
f 2686/55/55 2687/56/56 2689/58/58
f 2689/58/58 2678/47/47 2677/46/46
f 2688/57/57 2689/58/58 2677/46/46
f 2682/51/51 2689/58/58 2683/52/52
f 2685/54/54 2686/55/55 2689/58/58
f 2683/52/52 2689/58/58 2680/49/49
f 2682/51/51 2685/54/54 2689/58/58
f 2680/49/49 2689/58/58 2681/50/50
f 2681/50/50 2689/58/58 2688/57/57
f 2689/58/58 2679/48/48 2678/47/47
f 2702/59/59 2696/60/60 2697/61/61
f 2702/59/59 2697/61/61 2703/62/62
f 2705/63/63 2704/64/64 2692/65/65
f 2705/63/63 2692/65/65 2693/66/66
f 2706/67/67 2705/63/63 2693/66/66
f 2694/68/68 2706/67/67 2693/66/66
f 2707/69/69 2698/70/70 2708/71/71
f 2708/71/71 2698/70/70 2701/72/72
f 2700/73/73 2691/74/74 2709/75/75
f 2691/74/74 2710/76/76 2709/75/75
f 2703/62/62 2697/61/61 2707/69/69
f 2707/69/69 2697/61/61 2698/70/70
f 2695/77/77 2706/67/67 2694/68/68
f 2695/77/77 2711/78/78 2706/67/67
f 2691/74/74 2690/79/79 2710/76/76
f 2710/76/76 2690/79/79 2712/80/80
f 2690/79/79 2702/59/59 2712/80/80
f 2690/79/79 2696/60/60 2702/59/59
f 2708/71/71 2701/72/72 2704/64/64
f 2704/64/64 2701/72/72 2692/65/65
f 2699/81/81 2700/73/73 2713/82/82
f 2700/73/73 2709/75/75 2713/82/82
f 2699/81/81 2711/78/78 2695/77/77
f 2699/81/81 2713/82/82 2711/78/78
f 2706/67/67 2714/83/83 2705/63/63
f 2715/84/84 2714/83/83 2706/67/67
f 2711/78/78 2715/84/84 2706/67/67
f 2711/78/78 2716/85/85 2715/84/84
f 2713/82/82 2717/86/86 2718/87/87
f 2709/75/75 2717/86/86 2713/82/82
f 2711/78/78 2718/87/87 2716/85/85
f 2713/82/82 2718/87/87 2711/78/78
f 2719/88/88 2708/71/71 2704/64/64
f 2720/89/89 2719/88/88 2704/64/64
f 2705/63/63 2720/89/89 2704/64/64
f 2714/83/83 2720/89/89 2705/63/63
f 2712/80/80 2721/90/90 2722/91/91
f 2712/80/80 2702/59/59 2721/90/90
f 2721/90/90 2702/59/59 2723/92/92
f 2723/92/92 2702/59/59 2703/62/62
f 2710/76/76 2712/80/80 2724/93/93
f 2724/93/93 2712/80/80 2722/91/91
f 2709/75/75 2710/76/76 2717/86/86
f 2717/86/86 2710/76/76 2724/93/93
f 2723/92/92 2703/62/62 2725/94/94
f 2725/94/94 2703/62/62 2707/69/69
f 2725/94/94 2707/69/69 2719/88/88
f 2719/88/88 2707/69/69 2708/71/71
f 2717/86/86 2724/93/93 2726/95/95
f 2726/95/95 2724/93/93 2727/96/96
f 2724/93/93 2722/91/91 2727/96/96
f 2727/96/96 2722/91/91 2728/97/97
f 2716/85/85 2729/98/98 2715/84/84
f 2716/85/85 2730/99/99 2729/98/98
f 2714/83/83 2731/100/100 2720/89/89
f 2732/101/101 2731/100/100 2714/83/83
f 2728/97/97 2722/91/91 2733/102/102
f 2722/91/91 2721/90/90 2733/102/102
f 2734/103/103 2725/94/94 2735/104/104
f 2735/104/104 2725/94/94 2719/88/88
f 2736/105/105 2723/92/92 2734/103/103
f 2734/103/103 2723/92/92 2725/94/94
f 2735/104/104 2719/88/88 2720/89/89
f 2731/100/100 2735/104/104 2720/89/89
f 2733/102/102 2721/90/90 2723/92/92
f 2733/102/102 2723/92/92 2736/105/105
f 2715/84/84 2732/101/101 2714/83/83
f 2729/98/98 2732/101/101 2715/84/84
f 2716/85/85 2737/106/106 2730/99/99
f 2718/87/87 2737/106/106 2716/85/85
f 2718/87/87 2726/95/95 2737/106/106
f 2717/86/86 2726/95/95 2718/87/87
f 2728/97/97 2733/102/102 2738/107/107
f 2738/107/107 2733/102/102 2736/105/105
f 2738/107/107 2736/105/105 2734/103/103
f 2726/95/95 2727/96/96 2738/107/107
f 2726/95/95 2738/107/107 2737/106/106
f 2732/101/101 2738/107/107 2731/100/100
f 2738/107/107 2734/103/103 2735/104/104
f 2729/98/98 2738/107/107 2732/101/101
f 2738/107/107 2735/104/104 2731/100/100
f 2730/99/99 2738/107/107 2729/98/98
f 2737/106/106 2738/107/107 2730/99/99
f 2727/96/96 2728/97/97 2738/107/107
usemtl 2.hana
f 1044/108/108 1001/109/109 1002/110/110
f 1044/108/108 1045/111/111 1001/109/109
f 1043/112/112 999/113/113 1042/114/114
f 1042/114/114 999/113/113 1000/115/115
f 1045/111/111 1047/116/116 1004/117/117
f 1045/111/111 1004/117/117 1001/109/109
f 1043/112/112 1044/108/108 1002/110/110
f 1043/112/112 1002/110/110 999/113/113
f 1001/109/109 1004/117/117 998/118/118
f 999/113/113 974/119/119 975/120/120
f 999/113/113 1002/110/110 974/119/119
f 1002/110/110 1001/109/109 974/119/119
f 999/113/113 975/120/120 1000/115/115
f 1001/109/109 998/118/118 974/119/119
f 1036/121/121 1035/122/122 1044/108/108
f 1035/122/122 1045/111/111 1044/108/108
f 1042/114/114 1034/123/123 1043/112/112
f 1033/124/124 1034/123/123 1042/114/114
f 1035/122/122 1038/125/125 1045/111/111
f 1038/125/125 1047/116/116 1045/111/111
f 1036/121/121 1044/108/108 1043/112/112
f 1034/123/123 1036/121/121 1043/112/112
f 1031/126/126 1038/125/125 1035/122/122
f 1009/127/127 1036/121/121 1034/123/123
f 1008/128/128 1009/127/127 1034/123/123
f 1009/127/127 1035/122/122 1036/121/121
f 1033/124/124 1008/128/128 1034/123/123
f 1009/127/127 1031/126/126 1035/122/122
usemtl 3.zenshin
f 2745/129/129 2744/130/130 2746/9/9
f 2741/8/8 2745/129/129 2746/9/9
f 2751/116/116 2750/3/3 2752/117/117
f 2751/116/116 2749/1/1 2750/3/3
f 2745/129/129 2743/131/131 2744/130/130
f 2744/130/130 2743/131/131 2742/132/132
f 2752/117/117 2750/3/3 2753/133/133
f 2744/130/130 2755/134/134 2756/135/135
f 2744/130/130 2756/135/135 2746/9/9
f 2750/3/3 2747/4/4 2757/136/136
f 2750/3/3 2757/136/136 2753/133/133
f 2747/4/4 2746/9/9 2757/136/136
f 2746/9/9 2756/135/135 2757/136/136
f 2744/130/130 2754/137/137 2755/134/134
f 2744/130/130 2742/132/132 2754/137/137
f 2739/7/7 2745/129/129 2741/8/8
f 2739/7/7 2759/138/138 2745/129/129
f 2761/125/139 2760/5/5 2751/116/116
f 2760/5/5 2749/1/1 2751/116/116
f 2759/138/138 2743/131/131 2745/129/129
f 2758/139/140 2743/131/131 2759/138/138
f 2762/140/141 2760/5/5 2761/125/139
f 2765/141/142 2764/142/143 2759/138/138
f 2739/7/7 2765/141/142 2759/138/138
f 2766/143/144 2740/6/6 2760/5/5
f 2762/140/141 2766/143/144 2760/5/5
f 2766/143/144 2739/7/7 2740/6/6
f 2766/143/144 2765/141/142 2739/7/7
f 2763/144/145 2758/139/140 2759/138/138
f 2764/142/143 2763/144/145 2759/138/138
f 1931/145/146 2542/146/147 1938/147/148
f 2079/148/149 2547/149/150 2535/150/151
f 1933/151/152 2547/149/150 2079/148/149
f 1933/151/152 2545/152/153 2546/153/154
f 1931/145/146 2538/154/155 2543/155/156
f 2075/156/157 2538/154/155 1931/145/146
f 2533/157/158 2537/158/159 2075/156/157
f 2083/159/160 2541/160/161 2082/161/162
f 2536/162/163 2541/160/161 2083/159/160
f 2082/161/162 2540/163/164 2539/164/165
f 1933/151/152 2546/153/154 2547/149/150
f 2523/165/166 2545/152/153 1933/151/152
f 2523/165/166 2544/166/167 2545/152/153
f 2543/155/156 2542/146/147 1931/145/146
f 2541/160/161 2540/163/164 2082/161/162
f 2078/167/168 2539/164/165 2534/168/169
f 2082/161/162 2539/164/165 2078/167/168
f 2075/156/157 2537/158/159 2538/154/155
f 2079/148/149 2536/162/163 2083/159/160
f 2079/148/149 2535/150/151 2536/162/163
f 2078/167/168 2533/157/158 2075/156/157
f 2534/168/169 2533/157/158 2078/167/168
f 1885/169/170 1632/170/171 1631/171/172
f 346/172/173 1988/173/174 1989/174/175
f 1991/175/176 1988/173/174 346/172/173
f 1989/174/175 1987/176/177 12/177/178
f 346/172/173 1989/174/175 12/177/178
f 1952/178/179 324/179/180 1567/180/181
f 1952/178/179 1567/180/181 1949/181/182
f 324/179/180 5/182/183 1567/180/181
f 1567/180/181 5/182/183 1564/183/184
f 2166/184/185 336/185/186 324/179/180
f 1952/178/179 2166/184/185 324/179/180
f 336/185/186 335/186/187 5/182/183
f 336/185/186 5/182/183 324/179/180
f 336/185/186 1991/175/176 346/172/173
f 2166/184/185 1991/175/176 336/185/186
f 346/172/173 12/177/178 335/186/187
f 336/185/186 346/172/173 335/186/187
f 11/187/188 1985/188/189 10/189/190
f 1986/190/191 1985/188/189 11/187/188
f 334/191/192 10/189/190 344/192/193
f 11/187/188 10/189/190 334/191/192
f 4/193/194 334/191/192 3/194/195
f 334/191/192 344/192/193 3/194/195
f 1565/195/196 3/194/195 1566/196/197
f 4/193/194 3/194/195 1565/195/196
f 12/177/178 1986/190/191 11/187/188
f 1987/176/177 1986/190/191 12/177/178
f 335/186/187 12/177/178 334/191/192
f 12/177/178 11/187/188 334/191/192
f 5/182/183 335/186/187 4/193/194
f 335/186/187 334/191/192 4/193/194
f 1564/183/184 4/193/194 1565/195/196
f 5/182/183 4/193/194 1564/183/184
f 344/192/193 1972/197/198 1984/198/199
f 344/192/193 1984/198/199 3/194/195
f 344/192/193 1973/199/200 1972/197/198
f 10/189/190 1973/199/200 344/192/193
f 10/189/190 1958/200/201 1973/199/200
f 1985/188/189 1958/200/201 10/189/190
f 3/194/195 1984/198/199 1957/201/202
f 3/194/195 1957/201/202 1566/196/197
f 1993/202/203 1992/203/204 352/204/205
f 352/204/205 1992/203/204 1995/205/206
f 14/206/207 1997/207/208 1993/202/203
f 14/206/207 1993/202/203 352/204/205
f 1568/208/209 333/209/210 1956/210/211
f 1953/211/212 1568/208/209 1956/210/211
f 1569/212/213 8/213/214 1568/208/209
f 1568/208/209 8/213/214 333/209/210
f 333/209/210 341/214/215 2171/215/216
f 333/209/210 2171/215/216 1956/210/211
f 8/213/214 342/216/217 341/214/215
f 333/209/210 8/213/214 341/214/215
f 352/204/205 1995/205/206 341/214/215
f 341/214/215 1995/205/206 2171/215/216
f 342/216/217 14/206/207 352/204/205
f 342/216/217 352/204/205 341/214/215
f 13/217/218 1998/218/219 1996/219/220
f 15/220/221 1998/218/219 13/217/218
f 343/221/222 15/220/221 13/217/218
f 353/222/223 15/220/221 343/221/222
f 6/223/224 343/221/222 7/224/225
f 6/223/224 353/222/223 343/221/222
f 1570/225/226 6/223/224 7/224/225
f 1571/226/227 6/223/224 1570/225/226
f 14/206/207 1996/219/220 1997/207/208
f 13/217/218 1996/219/220 14/206/207
f 343/221/222 14/206/207 342/216/217
f 343/221/222 13/217/218 14/206/207
f 7/224/225 342/216/217 8/213/214
f 7/224/225 343/221/222 342/216/217
f 1569/212/213 7/224/225 8/213/214
f 1570/225/226 7/224/225 1569/212/213
f 6/223/224 2026/227/228 353/222/223
f 2026/227/228 2022/228/229 353/222/223
f 2022/228/229 2023/229/230 353/222/223
f 353/222/223 2023/229/230 15/220/221
f 2023/229/230 2000/230/231 15/220/221
f 15/220/221 2000/230/231 1998/218/219
f 1571/226/227 1999/231/232 6/223/224
f 1999/231/232 2026/227/228 6/223/224
f 2263/232/233 9/233/234 1582/234/235
f 2263/232/233 1582/234/235 2264/235/202
f 9/233/234 68/236/236 1574/237/237
f 9/233/234 1574/237/237 1582/234/235
f 2265/238/198 69/239/238 9/233/234
f 2263/232/233 2265/238/198 9/233/234
f 69/239/238 67/240/239 68/236/236
f 9/233/234 69/239/238 68/236/236
f 2266/241/240 1974/242/241 2265/238/198
f 2265/238/198 1974/242/241 69/239/238
f 1974/242/241 1975/243/242 67/240/239
f 69/239/238 1974/242/241 67/240/239
f 65/244/243 66/245/244 64/246/245
f 66/245/244 63/247/246 64/246/245
f 65/244/243 64/246/245 62/248/247
f 64/246/245 61/249/248 62/248/247
f 60/250/249 66/245/244 65/244/243
f 59/251/250 60/250/249 65/244/243
f 65/244/243 62/248/247 59/251/250
f 61/249/248 57/252/251 58/253/252
f 61/249/248 58/253/252 62/248/247
f 57/252/251 56/254/253 58/253/252
f 54/255/254 55/256/255 56/254/253
f 57/252/251 54/255/254 56/254/253
f 1977/257/256 1976/258/257 55/256/255
f 54/255/254 1977/257/256 55/256/255
f 60/250/249 1978/259/258 66/245/244
f 1979/260/259 1978/259/258 60/250/249
f 53/261/260 57/252/251 61/249/248
f 52/262/261 1977/257/256 54/255/254
f 52/262/261 2039/263/262 1977/257/256
f 51/264/263 54/255/254 57/252/251
f 51/264/263 52/262/261 54/255/254
f 1978/259/258 1980/265/264 66/245/244
f 66/245/244 1980/265/264 63/247/246
f 50/266/265 2040/267/266 2039/263/262
f 50/266/265 2039/263/262 52/262/261
f 49/268/267 2041/269/268 50/266/265
f 2041/269/268 2040/267/266 50/266/265
f 48/270/269 1981/271/270 49/268/267
f 1981/271/270 2041/269/268 49/268/267
f 47/272/271 1982/273/272 48/270/269
f 1982/273/272 1981/271/270 48/270/269
f 46/274/273 1983/275/274 47/272/271
f 1983/275/274 1982/273/272 47/272/271
f 63/247/246 1980/265/264 46/274/273
f 1980/265/264 1983/275/274 46/274/273
f 45/276/275 49/268/267 44/277/276
f 49/268/267 50/266/265 44/277/276
f 48/270/269 49/268/267 45/276/275
f 43/278/277 48/270/269 45/276/275
f 64/246/245 42/279/278 61/249/248
f 42/279/278 53/261/260 61/249/248
f 43/278/277 45/276/275 41/280/279
f 40/281/280 43/278/277 41/280/279
f 42/279/278 41/280/279 53/261/260
f 40/281/280 41/280/279 42/279/278
f 53/261/260 41/280/279 57/252/251
f 41/280/279 51/264/263 57/252/251
f 41/280/279 45/276/275 51/264/263
f 45/276/275 44/277/276 51/264/263
f 44/277/276 50/266/265 52/262/261
f 44/277/276 52/262/261 51/264/263
f 46/274/273 40/281/280 42/279/278
f 46/274/273 47/272/271 40/281/280
f 47/272/271 43/278/277 40/281/280
f 47/272/271 48/270/269 43/278/277
f 63/247/246 46/274/273 64/246/245
f 64/246/245 46/274/273 42/279/278
f 55/256/255 2042/282/281 39/283/282
f 1976/258/257 2042/282/281 55/256/255
f 56/254/253 39/283/282 38/284/283
f 55/256/255 39/283/282 56/254/253
f 37/285/284 38/284/283 36/286/285
f 56/254/253 38/284/283 37/285/284
f 36/286/285 34/287/286 35/288/287
f 36/286/285 35/288/287 37/285/284
f 32/289/288 2043/290/289 33/291/290
f 32/289/288 2044/292/291 2043/290/289
f 34/287/286 33/291/290 35/288/287
f 34/287/286 32/289/288 33/291/290
f 146/293/292 2045/294/293 2044/292/291
f 146/293/292 2044/292/291 32/289/288
f 145/295/294 2046/296/295 2045/294/293
f 145/295/294 2045/294/293 146/293/292
f 144/297/296 2047/298/297 2046/296/295
f 144/297/296 2046/296/295 145/295/294
f 143/299/298 2048/300/299 144/297/296
f 2048/300/299 2047/298/297 144/297/296
f 31/301/300 2049/302/301 143/299/298
f 2049/302/301 2048/300/299 143/299/298
f 39/283/282 2042/282/281 31/301/300
f 2042/282/281 2049/302/301 31/301/300
f 142/303/302 144/297/296 141/304/303
f 141/304/303 144/297/296 145/295/294
f 143/299/298 144/297/296 142/303/302
f 30/305/304 143/299/298 142/303/302
f 30/305/304 142/303/302 29/306/305
f 28/307/306 30/305/304 29/306/305
f 38/284/283 29/306/305 36/286/285
f 38/284/283 28/307/306 29/306/305
f 29/306/305 27/308/307 34/287/286
f 36/286/285 29/306/305 34/287/286
f 29/306/305 142/303/302 27/308/307
f 142/303/302 141/304/303 27/308/307
f 141/304/303 145/295/294 146/293/292
f 141/304/303 146/293/292 27/308/307
f 27/308/307 146/293/292 32/289/288
f 27/308/307 32/289/288 34/287/286
f 39/283/282 28/307/306 38/284/283
f 39/283/282 31/301/300 28/307/306
f 31/301/300 30/305/304 28/307/306
f 31/301/300 143/299/298 30/305/304
f 56/254/253 37/285/284 26/309/308
f 58/253/252 56/254/253 26/309/308
f 35/288/287 33/291/290 1575/310/309
f 33/291/290 1576/311/310 1575/310/309
f 37/285/284 35/288/287 26/309/308
f 26/309/308 35/288/287 1575/310/309
f 2043/290/289 2027/312/311 1576/311/310
f 33/291/290 2043/290/289 1576/311/310
f 68/236/236 1577/313/312 1574/237/237
f 68/236/236 59/251/250 1577/313/312
f 59/251/250 62/248/247 1578/314/313
f 59/251/250 1578/314/313 1577/313/312
f 62/248/247 1579/315/314 1578/314/313
f 62/248/247 58/253/252 1579/315/314
f 58/253/252 26/309/308 1579/315/314
f 26/309/308 1575/310/309 1579/315/314
f 67/240/239 59/251/250 68/236/236
f 67/240/239 60/250/249 59/251/250
f 1975/243/242 1979/260/259 67/240/239
f 67/240/239 1979/260/259 60/250/249
f 1597/316/315 16/317/316 2270/318/228
f 2271/319/317 1597/316/315 2270/318/228
f 1587/320/318 122/321/319 16/317/316
f 1597/316/315 1587/320/318 16/317/316
f 16/317/316 70/322/320 2272/323/321
f 16/317/316 2272/323/321 2270/318/228
f 122/321/319 121/324/322 70/322/320
f 122/321/319 70/322/320 16/317/316
f 70/322/320 2024/325/323 2272/323/321
f 2272/323/321 2024/325/323 2273/326/324
f 121/324/322 2025/327/325 2024/325/323
f 121/324/322 2024/325/323 70/322/320
f 118/328/326 119/329/327 120/330/328
f 118/328/326 120/330/328 117/331/329
f 115/332/330 118/328/326 117/331/329
f 115/332/330 116/333/331 118/328/326
f 117/331/329 113/334/332 114/335/333
f 117/331/329 120/330/328 113/334/332
f 114/335/333 115/332/330 117/331/329
f 115/332/330 112/336/334 116/333/331
f 112/336/334 111/337/335 116/333/331
f 112/336/334 110/338/336 111/337/335
f 110/338/336 109/339/337 111/337/335
f 110/338/336 108/340/338 109/339/337
f 108/340/338 2014/341/339 109/339/337
f 108/340/338 2015/342/340 2014/341/339
f 120/330/328 2017/343/341 113/334/332
f 113/334/332 2017/343/341 2016/344/342
f 116/333/331 111/337/335 107/345/343
f 109/339/337 2014/341/339 106/346/344
f 2014/341/339 2064/347/345 106/346/344
f 111/337/335 109/339/337 105/348/346
f 109/339/337 106/346/344 105/348/346
f 119/329/327 2018/349/347 120/330/328
f 120/330/328 2018/349/347 2017/343/341
f 2064/347/345 2065/350/348 104/351/349
f 106/346/344 2064/347/345 104/351/349
f 104/351/349 2065/350/348 2066/352/350
f 104/351/349 2066/352/350 103/353/351
f 103/353/351 2066/352/350 2019/354/352
f 103/353/351 2019/354/352 102/355/353
f 102/355/353 2019/354/352 2020/356/354
f 102/355/353 2020/356/354 101/357/355
f 101/357/355 2020/356/354 2021/358/356
f 101/357/355 2021/358/356 100/359/357
f 100/359/357 2021/358/356 2018/349/347
f 100/359/357 2018/349/347 119/329/327
f 99/360/358 104/351/349 103/353/351
f 99/360/358 103/353/351 98/361/359
f 98/361/359 103/353/351 102/355/353
f 98/361/359 102/355/353 97/362/360
f 116/333/331 96/363/361 118/328/326
f 116/333/331 107/345/343 96/363/361
f 95/364/362 97/362/360 94/365/363
f 95/364/362 98/361/359 97/362/360
f 96/363/361 95/364/362 94/365/363
f 107/345/343 95/364/362 96/363/361
f 111/337/335 95/364/362 107/345/343
f 111/337/335 105/348/346 95/364/362
f 105/348/346 98/361/359 95/364/362
f 105/348/346 99/360/358 98/361/359
f 105/348/346 106/346/344 99/360/358
f 106/346/344 104/351/349 99/360/358
f 94/365/363 101/357/355 100/359/357
f 96/363/361 94/365/363 100/359/357
f 97/362/360 102/355/353 101/357/355
f 94/365/363 97/362/360 101/357/355
f 96/363/361 100/359/357 118/328/326
f 118/328/326 100/359/357 119/329/327
f 93/366/364 2067/367/365 108/340/338
f 108/340/338 2067/367/365 2015/342/340
f 92/368/366 93/366/364 110/338/336
f 110/338/336 93/366/364 108/340/338
f 91/369/367 92/368/366 110/338/336
f 90/370/368 92/368/366 91/369/367
f 91/369/367 89/371/369 90/370/368
f 89/371/369 88/372/370 90/370/368
f 87/373/371 2069/374/372 86/375/373
f 2069/374/372 2068/376/374 86/375/373
f 89/371/369 87/373/371 88/372/370
f 87/373/371 86/375/373 88/372/370
f 2068/376/374 2070/377/375 170/378/376
f 86/375/373 2068/376/374 170/378/376
f 2070/377/375 2071/379/377 169/380/378
f 170/378/376 2070/377/375 169/380/378
f 2071/379/377 2072/381/379 168/382/380
f 169/380/378 2071/379/377 168/382/380
f 168/382/380 2072/381/379 2073/383/381
f 168/382/380 2073/383/381 167/384/382
f 167/384/382 2073/383/381 2074/385/383
f 167/384/382 2074/385/383 85/386/384
f 85/386/384 2074/385/383 2067/367/365
f 85/386/384 2067/367/365 93/366/364
f 169/380/378 168/382/380 166/387/385
f 166/387/385 168/382/380 165/388/386
f 165/388/386 168/382/380 167/384/382
f 165/388/386 167/384/382 84/389/387
f 83/390/388 84/389/387 82/391/389
f 83/390/388 165/388/386 84/389/387
f 83/390/388 82/391/389 92/368/366
f 90/370/368 83/390/388 92/368/366
f 88/372/370 83/390/388 90/370/368
f 88/372/370 81/392/390 83/390/388
f 81/392/390 165/388/386 83/390/388
f 81/392/390 166/387/385 165/388/386
f 81/392/390 170/378/376 166/387/385
f 170/378/376 169/380/378 166/387/385
f 88/372/370 86/375/373 81/392/390
f 86/375/373 170/378/376 81/392/390
f 82/391/389 85/386/384 93/366/364
f 92/368/366 82/391/389 93/366/364
f 84/389/387 167/384/382 85/386/384
f 82/391/389 84/389/387 85/386/384
f 80/393/391 91/369/367 110/338/336
f 80/393/391 110/338/336 112/336/334
f 1589/394/392 1588/395/393 87/373/371
f 1589/394/392 87/373/371 89/371/369
f 1589/394/392 89/371/369 80/393/391
f 80/393/391 89/371/369 91/369/367
f 1588/395/393 2052/396/394 2069/374/372
f 1588/395/393 2069/374/372 87/373/371
f 1590/397/395 114/335/333 122/321/319
f 1587/320/318 1590/397/395 122/321/319
f 1591/398/396 115/332/330 114/335/333
f 1590/397/395 1591/398/396 114/335/333
f 1592/399/397 112/336/334 115/332/330
f 1591/398/396 1592/399/397 115/332/330
f 1592/399/397 80/393/391 112/336/334
f 1592/399/397 1589/394/392 80/393/391
f 114/335/333 113/334/332 121/324/322
f 122/321/319 114/335/333 121/324/322
f 121/324/322 2016/344/342 2025/327/325
f 113/334/332 2016/344/342 121/324/322
f 2277/400/398 1572/401/399 2278/402/400
f 2278/402/400 1572/401/399 2279/403/241
f 1572/401/399 1573/404/401 2279/403/241
f 2279/403/241 1573/404/401 2280/405/242
f 1598/406/402 139/407/403 140/408/404
f 1598/406/402 1599/409/405 139/407/403
f 140/408/404 139/407/403 138/410/406
f 1599/409/405 137/411/407 139/407/403
f 1599/409/405 1600/412/408 137/411/407
f 137/411/407 1600/412/408 2281/413/409
f 2281/413/409 1600/412/408 2282/414/410
f 2283/415/411 25/416/412 2284/417/413
f 2283/415/411 24/418/414 25/416/412
f 25/416/412 24/418/414 23/419/415
f 23/419/415 24/418/414 22/420/416
f 21/421/417 140/408/404 20/422/418
f 20/422/418 140/408/404 2285/423/419
f 1601/424/420 1598/406/402 21/421/417
f 21/421/417 1598/406/402 140/408/404
f 2285/423/419 136/425/421 20/422/418
f 2286/426/422 136/425/421 2285/423/419
f 22/420/416 19/427/423 18/428/424
f 23/419/415 22/420/416 18/428/424
f 22/420/416 20/422/418 19/427/423
f 2284/417/413 25/416/412 2287/429/425
f 25/416/412 23/419/415 2287/429/425
f 2288/430/426 135/431/427 2289/432/428
f 134/433/429 135/431/427 2288/430/426
f 2289/432/428 133/434/430 2290/435/431
f 135/431/427 133/434/430 2289/432/428
f 132/436/432 133/434/430 135/431/427
f 136/425/421 133/434/430 132/436/432
f 20/422/418 136/425/421 132/436/432
f 20/422/418 132/436/432 19/427/423
f 19/427/423 17/437/433 18/428/424
f 19/427/423 132/436/432 17/437/433
f 17/437/433 132/436/432 134/433/429
f 132/436/432 135/431/427 134/433/429
f 2286/426/422 133/434/430 136/425/421
f 2290/435/431 133/434/430 2286/426/422
f 23/419/415 18/428/424 2291/438/434
f 23/419/415 2291/438/434 2287/429/425
f 17/437/433 2288/430/426 2292/439/435
f 17/437/433 134/433/429 2288/430/426
f 18/428/424 2292/439/435 2291/438/434
f 18/428/424 17/437/433 2292/439/435
f 22/420/416 21/421/417 20/422/418
f 24/418/414 21/421/417 22/420/416
f 138/410/406 131/440/436 2293/441/437
f 2294/442/438 138/410/406 2293/441/437
f 139/407/403 130/443/439 138/410/406
f 138/410/406 130/443/439 131/440/436
f 137/411/407 130/443/439 139/407/403
f 137/411/407 129/444/440 130/443/439
f 2281/413/409 129/444/440 137/411/407
f 2295/445/441 129/444/440 2281/413/409
f 2296/446/442 128/447/443 2297/448/444
f 127/449/445 128/447/443 2296/446/442
f 2297/448/444 126/450/446 2298/451/447
f 2297/448/444 128/447/443 126/450/446
f 126/450/446 128/447/443 125/452/448
f 124/453/449 126/450/446 125/452/448
f 129/444/440 125/452/448 130/443/439
f 124/453/449 125/452/448 129/444/440
f 130/443/439 123/454/450 131/440/436
f 130/443/439 125/452/448 123/454/450
f 125/452/448 127/449/445 123/454/450
f 125/452/448 128/447/443 127/449/445
f 2295/445/441 124/453/449 129/444/440
f 2299/455/451 124/453/449 2295/445/441
f 2299/455/451 126/450/446 124/453/449
f 2298/451/447 126/450/446 2299/455/451
f 2300/456/452 127/449/445 2296/446/442
f 123/454/450 127/449/445 2300/456/452
f 131/440/436 2300/456/452 2293/441/437
f 131/440/436 123/454/450 2300/456/452
f 2285/423/419 140/408/404 2294/442/438
f 140/408/404 138/410/406 2294/442/438
f 24/418/414 1601/424/420 21/421/417
f 1580/457/453 1601/424/420 24/418/414
f 1581/458/454 1580/457/453 24/418/414
f 1581/458/454 24/418/414 2283/415/411
f 2280/405/242 1581/458/454 2283/415/411
f 1573/404/401 1581/458/454 2280/405/242
f 2323/459/323 1595/460/455 2324/461/456
f 2324/461/456 1595/460/455 2325/462/457
f 2326/463/325 1596/464/458 2323/459/323
f 2323/459/323 1596/464/458 1595/460/455
f 164/465/459 1609/466/460 1608/467/461
f 163/468/462 164/465/459 1608/467/461
f 162/469/463 164/465/459 163/468/462
f 161/470/464 1610/471/465 1609/466/460
f 164/465/459 161/470/464 1609/466/460
f 2327/472/466 1610/471/465 2328/473/467
f 2328/473/467 1610/471/465 161/470/464
f 2329/474/468 79/475/469 2330/476/470
f 79/475/469 78/477/471 2330/476/470
f 76/478/472 78/477/471 79/475/469
f 77/479/473 78/477/471 76/478/472
f 2331/480/474 163/468/462 75/481/475
f 75/481/475 163/468/462 74/482/476
f 74/482/476 1608/467/461 1611/483/477
f 163/468/462 1608/467/461 74/482/476
f 2331/480/474 160/484/478 2332/485/479
f 75/481/475 160/484/478 2331/480/474
f 72/486/480 73/487/481 77/479/473
f 72/486/480 77/479/473 76/478/472
f 73/487/481 75/481/475 77/479/473
f 2333/488/482 76/478/472 79/475/469
f 2333/488/482 79/475/469 2329/474/468
f 2334/489/483 158/490/484 2335/491/485
f 2335/491/485 158/490/484 159/492/486
f 2334/489/483 157/493/487 158/490/484
f 2336/494/488 157/493/487 2334/489/483
f 156/495/489 157/493/487 160/484/478
f 158/490/484 157/493/487 156/495/489
f 156/495/489 160/484/478 75/481/475
f 73/487/481 156/495/489 75/481/475
f 71/496/490 156/495/489 73/487/481
f 72/486/480 71/496/490 73/487/481
f 159/492/486 158/490/484 156/495/489
f 159/492/486 156/495/489 71/496/490
f 2332/485/479 157/493/487 2336/494/488
f 160/484/478 157/493/487 2332/485/479
f 2337/497/491 72/486/480 76/478/472
f 2333/488/482 2337/497/491 76/478/472
f 2338/498/492 2335/491/485 71/496/490
f 2335/491/485 159/492/486 71/496/490
f 2337/497/491 2338/498/492 72/486/480
f 2338/498/492 71/496/490 72/486/480
f 75/481/475 74/482/476 77/479/473
f 77/479/473 74/482/476 78/477/471
f 2339/499/493 155/500/494 162/469/463
f 2339/499/493 162/469/463 2340/501/495
f 155/500/494 154/502/496 162/469/463
f 162/469/463 154/502/496 164/465/459
f 154/502/496 153/503/497 161/470/464
f 164/465/459 154/502/496 161/470/464
f 2328/473/467 153/503/497 2341/504/498
f 161/470/464 153/503/497 2328/473/467
f 2342/505/499 151/506/500 2343/507/501
f 2343/507/501 151/506/500 152/508/502
f 150/509/503 151/506/500 2342/505/499
f 2344/510/504 150/509/503 2342/505/499
f 149/511/505 150/509/503 148/512/506
f 149/511/505 151/506/500 150/509/503
f 154/502/496 149/511/505 153/503/497
f 153/503/497 149/511/505 148/512/506
f 147/513/507 149/511/505 154/502/496
f 155/500/494 147/513/507 154/502/496
f 152/508/502 151/506/500 149/511/505
f 147/513/507 152/508/502 149/511/505
f 2341/504/498 148/512/506 2345/514/508
f 153/503/497 148/512/506 2341/504/498
f 2345/514/508 150/509/503 2344/510/504
f 148/512/506 150/509/503 2345/514/508
f 2346/515/509 152/508/502 147/513/507
f 2343/507/501 152/508/502 2346/515/509
f 2339/499/493 2346/515/509 155/500/494
f 2346/515/509 147/513/507 155/500/494
f 2340/501/495 162/469/463 163/468/462
f 2340/501/495 163/468/462 2331/480/474
f 74/482/476 1611/483/477 78/477/471
f 78/477/471 1611/483/477 1593/516/510
f 2330/476/470 78/477/471 1594/517/511
f 78/477/471 1593/516/510 1594/517/511
f 2330/476/470 1594/517/511 2326/463/325
f 2326/463/325 1594/517/511 1596/464/458
f 366/518/512 372/519/513 365/520/514
f 366/518/512 365/520/514 364/521/515
f 364/521/515 365/520/514 1614/522/516
f 364/521/515 1614/522/516 1602/523/517
f 2077/524/518 2088/525/519 374/526/520
f 373/527/521 2077/524/518 374/526/520
f 373/527/521 374/526/520 372/519/513
f 366/518/512 373/527/521 372/519/513
f 2088/525/519 2086/528/522 391/529/523
f 374/526/520 2088/525/519 391/529/523
f 365/520/514 371/530/524 1612/531/525
f 365/520/514 1612/531/525 1614/522/516
f 372/519/513 370/532/526 371/530/524
f 372/519/513 371/530/524 365/520/514
f 374/526/520 391/529/523 370/532/526
f 374/526/520 370/532/526 372/519/513
f 2076/533/527 2077/524/518 2175/534/528
f 2175/534/528 2077/524/518 373/527/521
f 2173/535/529 364/521/515 1602/523/517
f 2173/535/529 1602/523/517 2050/536/530
f 2176/537/531 366/518/512 364/521/515
f 2176/537/531 364/521/515 2173/535/529
f 2175/534/528 373/527/521 366/518/512
f 2176/537/531 2175/534/528 366/518/512
f 181/538/532 178/539/533 180/540/534
f 180/540/534 178/539/533 179/541/535
f 182/542/536 183/543/537 180/540/534
f 180/540/534 183/543/537 181/538/532
f 2094/544/538 2095/545/539 183/543/537
f 2094/544/538 183/543/537 182/542/536
f 179/541/535 178/539/533 1622/546/540
f 178/539/533 1623/547/541 1622/546/540
f 388/548/542 172/549/543 171/550/544
f 388/548/542 171/550/544 387/551/545
f 180/540/534 179/541/535 172/549/543
f 172/549/543 179/541/535 171/550/544
f 173/552/546 172/549/543 390/553/547
f 390/553/547 172/549/543 388/548/542
f 173/552/546 182/542/536 180/540/534
f 173/552/546 180/540/534 172/549/543
f 2087/554/548 173/552/546 2085/555/549
f 2085/555/549 173/552/546 390/553/547
f 2087/554/548 2094/544/538 182/542/536
f 2087/554/548 182/542/536 173/552/546
f 387/551/545 171/550/544 1618/556/550
f 1618/556/550 171/550/544 1619/557/551
f 171/550/544 179/541/535 1619/557/551
f 179/541/535 1622/546/540 1619/557/551
f 2084/558/552 390/553/547 389/559/553
f 2084/558/552 2085/555/549 390/553/547
f 389/559/553 388/548/542 386/560/554
f 389/559/553 390/553/547 388/548/542
f 386/560/554 387/551/545 385/561/555
f 386/560/554 388/548/542 387/551/545
f 385/561/555 1618/556/550 1613/562/556
f 385/561/555 387/551/545 1618/556/550
f 2086/528/522 389/559/553 391/529/523
f 2086/528/522 2084/558/552 389/559/553
f 391/529/523 386/560/554 370/532/526
f 391/529/523 389/559/553 386/560/554
f 370/532/526 385/561/555 371/530/524
f 370/532/526 386/560/554 385/561/555
f 371/530/524 1613/562/556 1612/531/525
f 371/530/524 385/561/555 1613/562/556
f 178/539/533 2112/563/557 1623/547/541
f 2112/563/557 2098/564/558 1623/547/541
f 2095/545/539 2111/565/559 183/543/537
f 2095/545/539 2100/566/560 2111/565/559
f 181/538/532 2113/567/561 178/539/533
f 2113/567/561 2112/563/557 178/539/533
f 183/543/537 2113/567/561 181/538/532
f 183/543/537 2111/565/559 2113/567/561
f 368/568/562 369/569/563 367/570/564
f 369/569/563 384/571/565 367/570/564
f 1607/572/566 1617/573/567 368/568/562
f 1617/573/567 369/569/563 368/568/562
f 381/574/568 2081/575/569 380/576/570
f 381/574/568 2089/577/571 2081/575/569
f 384/571/565 380/576/570 367/570/564
f 384/571/565 381/574/568 380/576/570
f 394/578/572 2092/579/573 2089/577/571
f 394/578/572 2089/577/571 381/574/568
f 1615/580/574 383/581/575 369/569/563
f 1617/573/567 1615/580/574 369/569/563
f 383/581/575 382/582/576 384/571/565
f 369/569/563 383/581/575 384/571/565
f 382/582/576 394/578/572 381/574/568
f 384/571/565 382/582/576 381/574/568
f 380/576/570 2081/575/569 2177/583/577
f 2177/583/577 2081/575/569 2080/584/578
f 1607/572/566 368/568/562 2174/585/579
f 2051/586/580 1607/572/566 2174/585/579
f 368/568/562 367/570/564 2178/587/581
f 2174/585/579 368/568/562 2178/587/581
f 367/570/564 380/576/570 2177/583/577
f 367/570/564 2177/583/577 2178/587/581
f 187/588/582 189/589/537 190/590/532
f 188/591/583 189/589/537 187/588/582
f 190/590/532 185/592/533 187/588/582
f 187/588/582 185/592/533 184/593/584
f 185/592/533 2115/594/585 2114/595/586
f 184/593/584 185/592/533 2114/595/586
f 1625/596/587 1624/597/588 189/589/537
f 1625/596/587 189/589/537 188/591/583
f 175/598/589 176/599/590 397/600/591
f 398/601/592 175/598/589 397/600/591
f 176/599/590 188/591/583 187/588/582
f 175/598/589 188/591/583 176/599/590
f 393/602/593 176/599/590 174/603/594
f 397/600/591 176/599/590 393/602/593
f 187/588/582 184/593/584 174/603/594
f 176/599/590 187/588/582 174/603/594
f 2091/604/595 174/603/594 2093/605/596
f 393/602/593 174/603/594 2091/604/595
f 184/593/584 2114/595/586 2093/605/596
f 174/603/594 184/593/584 2093/605/596
f 1620/606/597 175/598/589 1621/607/598
f 1621/607/598 175/598/589 398/601/592
f 1620/606/597 1625/596/587 188/591/583
f 1620/606/597 188/591/583 175/598/589
f 392/608/599 393/602/593 2090/609/600
f 393/602/593 2091/604/595 2090/609/600
f 396/610/601 397/600/591 392/608/599
f 397/600/591 393/602/593 392/608/599
f 395/611/602 398/601/592 396/610/601
f 398/601/592 397/600/591 396/610/601
f 1616/612/603 1621/607/598 395/611/602
f 1621/607/598 398/601/592 395/611/602
f 394/578/572 392/608/599 2092/579/573
f 392/608/599 2090/609/600 2092/579/573
f 382/582/576 396/610/601 394/578/572
f 396/610/601 392/608/599 394/578/572
f 383/581/575 395/611/602 382/582/576
f 395/611/602 396/610/601 382/582/576
f 1615/580/574 1616/612/603 383/581/575
f 1616/612/603 395/611/602 383/581/575
f 1624/597/588 2131/613/559 189/589/537
f 1624/597/588 2120/614/604 2131/613/559
f 185/592/533 2133/615/557 2115/594/585
f 2133/615/557 2117/616/605 2115/594/585
f 189/589/537 2132/617/561 190/590/532
f 189/589/537 2131/613/559 2132/617/561
f 190/590/532 2132/617/561 185/592/533
f 2132/617/561 2133/615/557 185/592/533
f 555/618/606 556/619/607 554/620/608
f 554/620/608 556/619/607 553/621/609
f 555/618/606 554/620/608 552/622/610
f 552/622/610 554/620/608 551/623/611
f 555/618/606 550/624/612 556/619/607
f 549/625/613 550/624/612 555/618/606
f 549/625/613 555/618/606 552/622/610
f 551/623/611 547/626/614 548/627/615
f 552/622/610 551/623/611 548/627/615
f 548/627/615 547/626/614 546/628/616
f 544/629/617 545/630/618 546/628/616
f 547/626/614 544/629/617 546/628/616
f 545/630/618 2180/631/619 2179/632/620
f 544/629/617 2180/631/619 545/630/618
f 550/624/612 2101/633/621 556/619/607
f 550/624/612 2105/634/622 2101/633/621
f 543/635/623 547/626/614 551/623/611
f 542/636/624 2180/631/619 544/629/617
f 542/636/624 2181/637/625 2180/631/619
f 541/638/626 544/629/617 547/626/614
f 541/638/626 542/636/624 544/629/617
f 556/619/607 2101/633/621 2102/639/627
f 556/619/607 2102/639/627 553/621/609
f 540/640/628 2182/641/629 2181/637/625
f 540/640/628 2181/637/625 542/636/624
f 539/642/630 2183/643/631 2182/641/629
f 539/642/630 2182/641/629 540/640/628
f 538/644/632 2184/645/633 539/642/630
f 2184/645/633 2183/643/631 539/642/630
f 537/646/634 2185/647/635 538/644/632
f 2185/647/635 2184/645/633 538/644/632
f 536/648/636 2186/649/637 537/646/634
f 2186/649/637 2185/647/635 537/646/634
f 553/621/609 2102/639/627 536/648/636
f 536/648/636 2102/639/627 2186/649/637
f 535/650/638 539/642/630 540/640/628
f 535/650/638 540/640/628 534/651/639
f 538/644/632 539/642/630 535/650/638
f 533/652/640 538/644/632 535/650/638
f 551/623/611 554/620/608 532/653/641
f 551/623/611 532/653/641 543/635/623
f 531/654/642 533/652/640 535/650/638
f 530/655/643 533/652/640 531/654/642
f 532/653/641 530/655/643 543/635/623
f 543/635/623 530/655/643 531/654/642
f 531/654/642 547/626/614 543/635/623
f 531/654/642 541/638/626 547/626/614
f 531/654/642 534/651/639 541/638/626
f 535/650/638 534/651/639 531/654/642
f 534/651/639 540/640/628 542/636/624
f 534/651/639 542/636/624 541/638/626
f 532/653/641 536/648/636 530/655/643
f 536/648/636 537/646/634 530/655/643
f 530/655/643 537/646/634 533/652/640
f 537/646/634 538/644/632 533/652/640
f 554/620/608 553/621/609 536/648/636
f 554/620/608 536/648/636 532/653/641
f 545/630/618 2187/656/644 529/657/645
f 2179/632/620 2187/656/644 545/630/618
f 546/628/616 529/657/645 528/658/646
f 546/628/616 545/630/618 529/657/645
f 527/659/647 528/658/646 526/660/648
f 546/628/616 528/658/646 527/659/647
f 526/660/648 525/661/649 485/662/650
f 526/660/648 485/662/650 527/659/647
f 483/663/651 2193/664/652 484/665/653
f 483/663/651 2194/666/652 2193/664/652
f 525/661/649 484/665/653 485/662/650
f 525/661/649 483/663/651 484/665/653
f 524/667/654 2188/668/655 2194/666/652
f 524/667/654 2194/666/652 483/663/651
f 523/669/656 2189/670/657 2188/668/655
f 523/669/656 2188/668/655 524/667/654
f 522/671/658 2190/672/659 2189/670/657
f 522/671/658 2189/670/657 523/669/656
f 521/673/660 2191/674/661 522/671/658
f 2191/674/661 2190/672/659 522/671/658
f 520/675/662 2192/676/663 521/673/660
f 2192/676/663 2191/674/661 521/673/660
f 529/657/645 2187/656/644 520/675/662
f 2187/656/644 2192/676/663 520/675/662
f 519/677/664 522/671/658 518/678/665
f 518/678/665 522/671/658 523/669/656
f 521/673/660 522/671/658 517/679/666
f 517/679/666 522/671/658 519/677/664
f 516/680/667 517/679/666 519/677/664
f 515/681/668 517/679/666 516/680/667
f 528/658/646 515/681/668 526/660/648
f 526/660/648 515/681/668 516/680/667
f 516/680/667 514/682/669 525/661/649
f 526/660/648 516/680/667 525/661/649
f 516/680/667 518/678/665 514/682/669
f 519/677/664 518/678/665 516/680/667
f 518/678/665 523/669/656 524/667/654
f 518/678/665 524/667/654 514/682/669
f 514/682/669 524/667/654 483/663/651
f 514/682/669 483/663/651 525/661/649
f 528/658/646 529/657/645 515/681/668
f 529/657/645 520/675/662 515/681/668
f 515/681/668 520/675/662 517/679/666
f 520/675/662 521/673/660 517/679/666
f 513/683/670 546/628/616 527/659/647
f 548/627/615 546/628/616 513/683/670
f 485/662/650 484/665/653 481/684/671
f 485/662/650 481/684/671 482/685/672
f 527/659/647 485/662/650 513/683/670
f 513/683/670 485/662/650 482/685/672
f 2193/664/652 2195/686/673 481/684/671
f 484/665/653 2193/664/652 481/684/671
f 549/625/613 552/622/610 479/687/674
f 480/688/675 549/625/613 479/687/674
f 552/622/610 548/627/615 479/687/674
f 479/687/674 548/627/615 478/689/676
f 548/627/615 513/683/670 478/689/676
f 513/683/670 482/685/672 478/689/676
f 476/690/677 477/691/678 475/692/679
f 475/692/679 477/691/678 474/693/680
f 472/694/681 475/692/679 474/693/680
f 473/695/682 475/692/679 472/694/681
f 474/693/680 470/696/683 471/697/684
f 477/691/678 470/696/683 474/693/680
f 472/694/681 474/693/680 471/697/684
f 469/698/685 473/695/682 472/694/681
f 469/698/685 468/699/686 473/695/682
f 467/700/687 468/699/686 469/698/685
f 467/700/687 466/701/688 468/699/686
f 467/700/687 465/702/689 466/701/688
f 465/702/689 2196/703/690 466/701/688
f 2197/704/691 2196/703/690 465/702/689
f 477/691/678 2103/705/692 470/696/683
f 2103/705/692 2108/706/693 470/696/683
f 473/695/682 468/699/686 464/707/694
f 466/701/688 2196/703/690 463/708/695
f 2196/703/690 2198/709/696 463/708/695
f 468/699/686 466/701/688 462/710/697
f 466/701/688 463/708/695 462/710/697
f 476/690/677 2104/711/698 477/691/678
f 2104/711/698 2103/705/692 477/691/678
f 2198/709/696 2199/712/699 461/713/700
f 463/708/695 2198/709/696 461/713/700
f 2199/712/699 2200/714/701 460/715/702
f 461/713/700 2199/712/699 460/715/702
f 460/715/702 2200/714/701 2201/716/703
f 460/715/702 2201/716/703 459/717/704
f 459/717/704 2201/716/703 2202/718/705
f 459/717/704 2202/718/705 458/719/706
f 458/719/706 2202/718/705 2203/720/707
f 458/719/706 2203/720/707 457/721/708
f 2203/720/707 2104/711/698 457/721/708
f 457/721/708 2104/711/698 476/690/677
f 461/713/700 460/715/702 455/722/709
f 456/723/710 461/713/700 455/722/709
f 455/722/709 460/715/702 459/717/704
f 455/722/709 459/717/704 454/724/711
f 453/725/712 475/692/679 473/695/682
f 464/707/694 453/725/712 473/695/682
f 452/726/713 454/724/711 451/727/714
f 455/722/709 454/724/711 452/726/713
f 464/707/694 451/727/714 453/725/712
f 452/726/713 451/727/714 464/707/694
f 464/707/694 468/699/686 452/726/713
f 468/699/686 462/710/697 452/726/713
f 452/726/713 456/723/710 455/722/709
f 462/710/697 456/723/710 452/726/713
f 462/710/697 463/708/695 456/723/710
f 463/708/695 461/713/700 456/723/710
f 451/727/714 458/719/706 457/721/708
f 451/727/714 457/721/708 453/725/712
f 454/724/711 459/717/704 458/719/706
f 454/724/711 458/719/706 451/727/714
f 453/725/712 457/721/708 475/692/679
f 457/721/708 476/690/677 475/692/679
f 450/728/715 2204/729/716 465/702/689
f 465/702/689 2204/729/716 2197/704/691
f 449/730/717 450/728/715 467/700/687
f 450/728/715 465/702/689 467/700/687
f 448/731/718 449/730/717 467/700/687
f 447/732/719 449/730/717 448/731/718
f 448/731/718 446/733/720 447/732/719
f 446/733/720 445/734/721 447/732/719
f 444/735/722 2206/736/723 443/737/724
f 2206/736/723 2205/738/725 443/737/724
f 446/733/720 444/735/722 445/734/721
f 444/735/722 443/737/724 445/734/721
f 2205/738/725 2207/739/726 442/740/727
f 443/737/724 2205/738/725 442/740/727
f 2207/739/726 2208/741/728 441/742/729
f 442/740/727 2207/739/726 441/742/729
f 2208/741/728 2209/743/730 440/744/731
f 441/742/729 2208/741/728 440/744/731
f 440/744/731 2209/743/730 2210/745/732
f 440/744/731 2210/745/732 439/746/733
f 439/746/733 2210/745/732 2211/747/734
f 439/746/733 2211/747/734 438/748/735
f 438/748/735 2211/747/734 2204/729/716
f 438/748/735 2204/729/716 450/728/715
f 441/742/729 440/744/731 437/749/736
f 437/749/736 440/744/731 436/750/737
f 436/750/737 440/744/731 435/751/738
f 435/751/738 440/744/731 439/746/733
f 434/752/739 435/751/738 433/753/740
f 436/750/737 435/751/738 434/752/739
f 447/732/719 433/753/740 449/730/717
f 434/752/739 433/753/740 447/732/719
f 445/734/721 434/752/739 447/732/719
f 445/734/721 432/754/741 434/752/739
f 434/752/739 437/749/736 436/750/737
f 432/754/741 437/749/736 434/752/739
f 432/754/741 442/740/727 437/749/736
f 442/740/727 441/742/729 437/749/736
f 445/734/721 443/737/724 432/754/741
f 443/737/724 442/740/727 432/754/741
f 433/753/740 438/748/735 450/728/715
f 433/753/740 450/728/715 449/730/717
f 435/751/738 439/746/733 438/748/735
f 435/751/738 438/748/735 433/753/740
f 448/731/718 467/700/687 431/755/742
f 431/755/742 467/700/687 469/698/685
f 481/684/671 444/735/722 446/733/720
f 482/685/672 481/684/671 446/733/720
f 482/685/672 446/733/720 431/755/742
f 431/755/742 446/733/720 448/731/718
f 481/684/671 2195/686/673 2206/736/723
f 481/684/671 2206/736/723 444/735/722
f 479/687/674 472/694/681 471/697/684
f 479/687/674 471/697/684 480/688/675
f 479/687/674 469/698/685 472/694/681
f 478/689/676 469/698/685 479/687/674
f 478/689/676 431/755/742 469/698/685
f 478/689/676 482/685/672 431/755/742
f 198/756/743 2108/706/693 2109/757/744
f 470/696/683 2108/706/693 198/756/743
f 197/758/745 2109/757/744 2110/759/746
f 198/756/743 2109/757/744 197/758/745
f 202/760/747 2105/634/622 550/624/612
f 2106/761/748 2105/634/622 202/760/747
f 201/762/749 2106/761/748 202/760/747
f 2107/763/750 2106/761/748 201/762/749
f 470/696/683 198/756/743 196/764/751
f 471/697/684 470/696/683 196/764/751
f 196/764/751 198/756/743 197/758/745
f 196/764/751 197/758/745 195/765/752
f 200/766/753 550/624/612 549/625/613
f 200/766/753 202/760/747 550/624/612
f 199/767/754 201/762/749 200/766/753
f 201/762/749 202/760/747 200/766/753
f 194/768/755 471/697/684 196/764/751
f 480/688/675 471/697/684 194/768/755
f 194/768/755 196/764/751 195/765/752
f 177/769/756 194/768/755 195/765/752
f 194/768/755 549/625/613 480/688/675
f 200/766/753 549/625/613 194/768/755
f 199/767/754 194/768/755 177/769/756
f 199/767/754 200/766/753 194/768/755
f 195/765/752 2401/770/757 2402/771/758
f 195/765/752 197/758/745 2401/770/757
f 2404/772/559 2403/773/759 199/767/754
f 2403/773/759 201/762/749 199/767/754
f 2405/774/760 177/769/756 2402/771/758
f 177/769/756 195/765/752 2402/771/758
f 2404/772/559 177/769/756 2405/774/760
f 2404/772/559 199/767/754 177/769/756
f 626/775/677 627/776/678 625/777/761
f 625/777/761 627/776/678 624/778/762
f 622/779/681 625/777/761 624/778/762
f 623/780/682 625/777/761 622/779/681
f 624/778/762 620/781/683 621/782/684
f 627/776/678 620/781/683 624/778/762
f 622/779/681 624/778/762 621/782/684
f 619/783/685 623/780/682 622/779/681
f 619/783/685 618/784/686 623/780/682
f 617/785/763 618/784/686 619/783/685
f 617/785/763 616/786/764 618/784/686
f 617/785/763 615/787/689 616/786/764
f 615/787/689 2231/788/765 616/786/764
f 2232/789/766 2231/788/765 615/787/689
f 627/776/678 2123/790/692 620/781/683
f 2123/790/692 2128/791/693 620/781/683
f 623/780/682 618/784/686 614/792/767
f 616/786/764 2231/788/765 613/793/695
f 2231/788/765 2233/794/768 613/793/695
f 618/784/686 616/786/764 612/795/697
f 616/786/764 613/793/695 612/795/697
f 626/775/677 2124/796/769 627/776/678
f 2124/796/769 2123/790/692 627/776/678
f 2233/794/768 2234/797/699 611/798/700
f 613/793/695 2233/794/768 611/798/700
f 2234/797/699 2235/799/701 610/800/702
f 611/798/700 2234/797/699 610/800/702
f 610/800/702 2235/799/701 2236/801/703
f 610/800/702 2236/801/703 609/802/704
f 609/802/704 2236/801/703 2237/803/705
f 609/802/704 2237/803/705 608/804/706
f 608/804/706 2237/803/705 2238/805/707
f 608/804/706 2238/805/707 607/806/708
f 2238/805/707 2124/796/769 607/806/708
f 607/806/708 2124/796/769 626/775/677
f 611/798/700 610/800/702 605/807/709
f 606/808/710 611/798/700 605/807/709
f 605/807/709 610/800/702 609/802/704
f 605/807/709 609/802/704 604/809/711
f 603/810/712 625/777/761 623/780/682
f 614/792/767 603/810/712 623/780/682
f 602/811/713 604/809/711 601/812/714
f 605/807/709 604/809/711 602/811/713
f 614/792/767 601/812/714 603/810/712
f 602/811/713 601/812/714 614/792/767
f 614/792/767 618/784/686 602/811/713
f 618/784/686 612/795/697 602/811/713
f 602/811/713 606/808/710 605/807/709
f 612/795/697 606/808/710 602/811/713
f 612/795/697 613/793/695 606/808/710
f 613/793/695 611/798/700 606/808/710
f 601/812/714 608/804/706 607/806/708
f 601/812/714 607/806/708 603/810/712
f 604/809/711 609/802/704 608/804/706
f 604/809/711 608/804/706 601/812/714
f 603/810/712 607/806/708 625/777/761
f 607/806/708 626/775/677 625/777/761
f 600/813/715 2239/814/770 615/787/689
f 615/787/689 2239/814/770 2232/789/766
f 599/815/717 600/813/715 617/785/763
f 600/813/715 615/787/689 617/785/763
f 598/816/771 599/815/717 617/785/763
f 597/817/719 599/815/717 598/816/771
f 598/816/771 714/818/720 597/817/719
f 714/818/720 596/819/721 597/817/719
f 713/820/772 2213/821/773 712/822/724
f 2213/821/773 2212/823/774 712/822/724
f 714/818/720 713/820/772 596/819/721
f 713/820/772 712/822/724 596/819/721
f 2212/823/774 2240/824/726 595/825/775
f 712/822/724 2212/823/774 595/825/775
f 2240/824/726 2241/826/728 594/827/729
f 595/825/775 2240/824/726 594/827/729
f 2241/826/728 2242/828/730 593/829/731
f 594/827/729 2241/826/728 593/829/731
f 593/829/731 2242/828/730 2243/830/732
f 593/829/731 2243/830/732 592/831/733
f 592/831/733 2243/830/732 2244/832/734
f 592/831/733 2244/832/734 591/833/735
f 591/833/735 2244/832/734 2239/814/770
f 591/833/735 2239/814/770 600/813/715
f 594/827/729 593/829/731 590/834/736
f 590/834/736 593/829/731 589/835/776
f 589/835/776 593/829/731 588/836/738
f 588/836/738 593/829/731 592/831/733
f 587/837/739 588/836/738 586/838/777
f 589/835/776 588/836/738 587/837/739
f 597/817/719 586/838/777 599/815/717
f 587/837/739 586/838/777 597/817/719
f 596/819/721 587/837/739 597/817/719
f 596/819/721 585/839/741 587/837/739
f 587/837/739 590/834/736 589/835/776
f 585/839/741 590/834/736 587/837/739
f 585/839/741 595/825/775 590/834/736
f 595/825/775 594/827/729 590/834/736
f 596/819/721 712/822/724 585/839/741
f 712/822/724 595/825/775 585/839/741
f 586/838/777 591/833/735 600/813/715
f 586/838/777 600/813/715 599/815/717
f 588/836/738 592/831/733 591/833/735
f 588/836/738 591/833/735 586/838/777
f 598/816/771 617/785/763 584/840/742
f 584/840/742 617/785/763 619/783/685
f 711/841/671 713/820/772 714/818/720
f 710/842/672 711/841/671 714/818/720
f 710/842/672 714/818/720 584/840/742
f 584/840/742 714/818/720 598/816/771
f 711/841/671 2214/843/673 2213/821/773
f 711/841/671 2213/821/773 713/820/772
f 709/844/674 622/779/681 621/782/684
f 709/844/674 621/782/684 708/845/675
f 709/844/674 619/783/685 622/779/681
f 707/846/778 619/783/685 709/844/674
f 707/846/778 584/840/742 619/783/685
f 707/846/778 710/842/672 584/840/742
f 705/847/606 706/848/607 704/849/608
f 704/849/608 706/848/607 703/850/779
f 705/847/606 704/849/608 702/851/610
f 702/851/610 704/849/608 701/852/611
f 705/847/606 700/853/612 706/848/607
f 699/854/613 700/853/612 705/847/606
f 699/854/613 705/847/606 702/851/610
f 701/852/611 697/855/780 698/856/615
f 702/851/610 701/852/611 698/856/615
f 698/856/615 697/855/780 696/857/781
f 694/858/617 695/859/618 696/857/781
f 697/855/780 694/858/617 696/857/781
f 695/859/618 2216/860/619 2215/861/620
f 694/858/617 2216/860/619 695/859/618
f 700/853/612 2121/862/782 706/848/607
f 700/853/612 2125/863/622 2121/862/782
f 693/864/783 697/855/780 701/852/611
f 692/865/624 2216/860/619 694/858/617
f 692/865/624 2217/866/625 2216/860/619
f 691/867/626 694/858/617 697/855/780
f 691/867/626 692/865/624 694/858/617
f 706/848/607 2121/862/782 2122/868/784
f 706/848/607 2122/868/784 703/850/779
f 690/869/628 2218/870/629 2217/866/625
f 690/869/628 2217/866/625 692/865/624
f 689/871/630 2219/872/785 2218/870/629
f 689/871/630 2218/870/629 690/869/628
f 688/873/632 2220/874/633 689/871/630
f 2220/874/633 2219/872/785 689/871/630
f 687/875/634 2221/876/786 688/873/632
f 2221/876/786 2220/874/633 688/873/632
f 686/877/636 2222/878/787 687/875/634
f 2222/878/787 2221/876/786 687/875/634
f 703/850/779 2122/868/784 686/877/636
f 686/877/636 2122/868/784 2222/878/787
f 685/879/638 689/871/630 690/869/628
f 685/879/638 690/869/628 684/880/639
f 688/873/632 689/871/630 685/879/638
f 683/881/640 688/873/632 685/879/638
f 701/852/611 704/849/608 682/882/641
f 701/852/611 682/882/641 693/864/783
f 681/883/642 683/881/640 685/879/638
f 680/884/643 683/881/640 681/883/642
f 682/882/641 680/884/643 693/864/783
f 693/864/783 680/884/643 681/883/642
f 681/883/642 697/855/780 693/864/783
f 681/883/642 691/867/626 697/855/780
f 681/883/642 684/880/639 691/867/626
f 685/879/638 684/880/639 681/883/642
f 684/880/639 690/869/628 692/865/624
f 684/880/639 692/865/624 691/867/626
f 682/882/641 686/877/636 680/884/643
f 686/877/636 687/875/634 680/884/643
f 680/884/643 687/875/634 683/881/640
f 687/875/634 688/873/632 683/881/640
f 704/849/608 703/850/779 686/877/636
f 704/849/608 686/877/636 682/882/641
f 695/859/618 2223/885/644 679/886/645
f 2215/861/620 2223/885/644 695/859/618
f 696/857/781 679/886/645 678/887/646
f 696/857/781 695/859/618 679/886/645
f 677/888/647 678/887/646 676/889/788
f 696/857/781 678/887/646 677/888/647
f 676/889/788 674/890/649 675/891/650
f 676/889/788 675/891/650 677/888/647
f 672/892/651 2224/893/789 673/894/790
f 672/892/651 2225/895/791 2224/893/789
f 674/890/649 673/894/790 675/891/650
f 674/890/649 672/892/651 673/894/790
f 671/896/792 2226/897/793 2225/895/791
f 671/896/792 2225/895/791 672/892/651
f 670/898/656 2227/899/657 2226/897/793
f 670/898/656 2226/897/793 671/896/792
f 669/900/658 2228/901/659 2227/899/657
f 669/900/658 2227/899/657 670/898/656
f 668/902/660 2229/903/661 669/900/658
f 2229/903/661 2228/901/659 669/900/658
f 667/904/662 2230/905/663 668/902/660
f 2230/905/663 2229/903/661 668/902/660
f 679/886/645 2223/885/644 667/904/662
f 2223/885/644 2230/905/663 667/904/662
f 666/906/794 669/900/658 665/907/665
f 665/907/665 669/900/658 670/898/656
f 668/902/660 669/900/658 664/908/666
f 664/908/666 669/900/658 666/906/794
f 663/909/667 664/908/666 666/906/794
f 662/910/668 664/908/666 663/909/667
f 678/887/646 662/910/668 676/889/788
f 676/889/788 662/910/668 663/909/667
f 663/909/667 661/911/669 674/890/649
f 676/889/788 663/909/667 674/890/649
f 663/909/667 665/907/665 661/911/669
f 666/906/794 665/907/665 663/909/667
f 665/907/665 670/898/656 671/896/792
f 665/907/665 671/896/792 661/911/669
f 661/911/669 671/896/792 672/892/651
f 661/911/669 672/892/651 674/890/649
f 678/887/646 679/886/645 662/910/668
f 679/886/645 667/904/662 662/910/668
f 662/910/668 667/904/662 664/908/666
f 667/904/662 668/902/660 664/908/666
f 660/912/670 696/857/781 677/888/647
f 698/856/615 696/857/781 660/912/670
f 675/891/650 673/894/790 711/841/671
f 675/891/650 711/841/671 710/842/672
f 677/888/647 675/891/650 660/912/670
f 660/912/670 675/891/650 710/842/672
f 2224/893/789 2214/843/673 711/841/671
f 673/894/790 2224/893/789 711/841/671
f 699/854/613 702/851/610 709/844/674
f 708/845/675 699/854/613 709/844/674
f 702/851/610 698/856/615 709/844/674
f 709/844/674 698/856/615 707/846/778
f 698/856/615 660/912/670 707/846/778
f 660/912/670 710/842/672 707/846/778
f 214/913/747 2125/863/622 700/853/612
f 2126/914/748 2125/863/622 214/913/747
f 2127/915/750 2126/914/748 213/916/795
f 213/916/795 2126/914/748 214/913/747
f 206/917/743 2128/791/693 2129/918/744
f 620/781/683 2128/791/693 206/917/743
f 205/919/745 2129/918/744 2130/920/746
f 206/917/743 2129/918/744 205/919/745
f 212/921/753 700/853/612 699/854/613
f 212/921/753 214/913/747 700/853/612
f 211/922/754 213/916/795 212/921/753
f 213/916/795 214/913/747 212/921/753
f 620/781/683 206/917/743 204/923/751
f 621/782/684 620/781/683 204/923/751
f 204/923/751 205/919/745 203/924/752
f 204/923/751 206/917/743 205/919/745
f 210/925/796 699/854/613 708/845/675
f 212/921/753 699/854/613 210/925/796
f 211/922/754 210/925/796 186/926/756
f 211/922/754 212/921/753 210/925/796
f 210/925/796 621/782/684 204/923/751
f 708/845/675 621/782/684 210/925/796
f 186/926/756 210/925/796 203/924/752
f 210/925/796 204/923/751 203/924/752
f 2407/927/559 2406/928/797 211/922/754
f 2406/928/797 213/916/795 211/922/754
f 203/924/752 205/919/745 2408/929/798
f 203/924/752 2408/929/798 2409/930/758
f 2407/927/559 186/926/756 2410/931/760
f 2407/927/559 211/922/754 186/926/756
f 186/926/756 203/924/752 2409/930/758
f 2410/931/760 186/926/756 2409/930/758
f 512/932/799 430/933/800 511/934/801
f 511/934/801 430/933/800 429/935/802
f 510/936/803 512/932/799 511/934/801
f 511/934/801 429/935/802 509/937/804
f 509/937/804 429/935/802 428/938/805
f 509/937/804 428/938/805 2411/939/673
f 2412/940/806 509/937/804 2411/939/673
f 2414/941/807 2413/942/808 508/943/809
f 508/943/809 2413/942/808 507/944/810
f 508/943/809 507/944/810 506/945/811
f 506/945/811 507/944/810 505/946/812
f 503/947/813 504/948/814 512/932/799
f 503/947/813 512/932/799 2415/949/815
f 504/948/814 427/950/816 430/933/800
f 504/948/814 430/933/800 512/932/799
f 2415/949/815 502/951/817 503/947/813
f 2416/952/818 502/951/817 2415/949/815
f 500/953/819 505/946/812 501/954/820
f 506/945/811 505/946/812 500/953/819
f 501/954/820 505/946/812 503/947/813
f 2414/941/807 508/943/809 2417/955/821
f 2417/955/821 508/943/809 506/945/811
f 2418/956/822 499/957/823 2419/958/785
f 498/959/824 499/957/823 2418/956/822
f 2419/958/785 497/960/825 2420/961/629
f 2419/958/785 499/957/823 497/960/825
f 499/957/823 496/962/826 497/960/825
f 497/960/825 496/962/826 502/951/817
f 502/951/817 496/962/826 503/947/813
f 503/947/813 496/962/826 501/954/820
f 500/953/819 501/954/820 495/963/827
f 501/954/820 496/962/826 495/963/827
f 495/963/827 496/962/826 498/959/824
f 498/959/824 496/962/826 499/957/823
f 2420/961/629 502/951/817 2416/952/818
f 497/960/825 502/951/817 2420/961/629
f 2421/964/828 506/945/811 500/953/819
f 2417/955/821 506/945/811 2421/964/828
f 2422/965/829 495/963/827 2418/956/822
f 2418/956/822 495/963/827 498/959/824
f 2421/964/828 500/953/819 2422/965/829
f 500/953/819 495/963/827 2422/965/829
f 503/947/813 507/944/810 504/948/814
f 505/946/812 507/944/810 503/947/813
f 510/936/803 494/966/830 2423/967/831
f 2424/968/832 510/936/803 2423/967/831
f 510/936/803 511/934/801 493/969/833
f 510/936/803 493/969/833 494/966/830
f 493/969/833 511/934/801 509/937/804
f 492/970/834 493/969/833 509/937/804
f 2412/940/806 492/970/834 509/937/804
f 2425/971/652 492/970/834 2412/940/806
f 490/972/835 491/973/836 2426/974/659
f 2427/975/837 490/972/835 2426/974/659
f 2426/974/659 489/976/838 2428/977/839
f 2426/974/659 491/973/836 489/976/838
f 491/973/836 488/978/840 489/976/838
f 489/976/838 488/978/840 487/979/841
f 492/970/834 488/978/840 493/969/833
f 487/979/841 488/978/840 492/970/834
f 494/966/830 493/969/833 486/980/842
f 493/969/833 488/978/840 486/980/842
f 486/980/842 488/978/840 490/972/835
f 490/972/835 488/978/840 491/973/836
f 2425/971/652 487/979/841 492/970/834
f 2429/981/843 487/979/841 2425/971/652
f 489/976/838 487/979/841 2429/981/843
f 2428/977/839 489/976/838 2429/981/843
f 2430/982/663 490/972/835 2427/975/837
f 2430/982/663 486/980/842 490/972/835
f 2423/967/831 494/966/830 2430/982/663
f 494/966/830 486/980/842 2430/982/663
f 2415/949/815 512/932/799 2424/968/832
f 2424/968/832 512/932/799 510/936/803
f 507/944/810 427/950/816 504/948/814
f 507/944/810 426/983/844 427/950/816
f 2413/942/808 426/983/844 507/944/810
f 2413/942/808 193/984/845 426/983/844
f 429/935/802 430/933/800 425/985/846
f 425/985/846 430/933/800 424/986/847
f 425/985/846 424/986/847 423/987/848
f 428/938/805 429/935/802 422/988/849
f 422/988/849 429/935/802 425/985/846
f 2411/939/673 428/938/805 422/988/849
f 2411/939/673 422/988/849 2431/989/850
f 421/990/851 2432/991/852 2433/992/692
f 420/993/853 2432/991/852 421/990/851
f 418/994/854 420/993/853 421/990/851
f 419/995/855 420/993/853 418/994/854
f 2434/996/690 424/986/847 417/997/856
f 424/986/847 416/998/857 417/997/856
f 430/933/800 427/950/816 416/998/857
f 424/986/847 430/933/800 416/998/857
f 2434/996/690 415/999/858 2435/1000/859
f 417/997/856 415/999/858 2434/996/690
f 414/1001/860 419/995/855 413/1002/861
f 413/1002/861 419/995/855 418/994/854
f 417/997/856 419/995/855 414/1001/860
f 418/994/854 421/990/851 2436/1003/862
f 2436/1003/862 421/990/851 2433/992/692
f 2437/1004/863 411/1005/864 2438/1006/865
f 2438/1006/865 411/1005/864 412/1007/866
f 410/1008/867 411/1005/864 2437/1004/863
f 2439/1009/868 410/1008/867 2437/1004/863
f 415/999/858 409/1010/869 410/1008/867
f 410/1008/867 409/1010/869 411/1005/864
f 417/997/856 409/1010/869 415/999/858
f 414/1001/860 409/1010/869 417/997/856
f 408/1011/870 409/1010/869 414/1001/860
f 408/1011/870 414/1001/860 413/1002/861
f 411/1005/864 409/1010/869 412/1007/866
f 412/1007/866 409/1010/869 408/1011/870
f 2435/1000/859 415/999/858 2439/1009/868
f 2439/1009/868 415/999/858 410/1008/867
f 413/1002/861 418/994/854 2440/1012/707
f 2440/1012/707 418/994/854 2436/1003/862
f 2438/1006/865 408/1011/870 2441/1013/871
f 412/1007/866 408/1011/870 2438/1006/865
f 2441/1013/871 413/1002/861 2440/1012/707
f 2441/1013/871 408/1011/870 413/1002/861
f 417/997/856 420/993/853 419/995/855
f 416/998/857 420/993/853 417/997/856
f 2442/1014/872 407/1015/873 423/987/848
f 2442/1014/872 423/987/848 2443/1016/874
f 407/1015/873 406/1017/875 423/987/848
f 406/1017/875 425/985/846 423/987/848
f 422/988/849 406/1017/875 405/1018/876
f 422/988/849 425/985/846 406/1017/875
f 2431/989/850 405/1018/876 2444/1019/725
f 422/988/849 405/1018/876 2431/989/850
f 2445/1020/877 404/1021/878 2446/1022/879
f 2445/1020/877 403/1023/880 404/1021/878
f 402/1024/881 403/1023/880 2445/1020/877
f 2447/1025/728 402/1024/881 2445/1020/877
f 400/1026/882 401/1027/883 402/1024/881
f 402/1024/881 401/1027/883 403/1023/880
f 406/1017/875 401/1027/883 405/1018/876
f 405/1018/876 401/1027/883 400/1026/882
f 399/1028/884 401/1027/883 406/1017/875
f 399/1028/884 406/1017/875 407/1015/873
f 403/1023/880 401/1027/883 404/1021/878
f 404/1021/878 401/1027/883 399/1028/884
f 2444/1019/725 400/1026/882 2448/1029/885
f 405/1018/876 400/1026/882 2444/1019/725
f 2448/1029/885 402/1024/881 2447/1025/728
f 2448/1029/885 400/1026/882 402/1024/881
f 404/1021/878 399/1028/884 2449/1030/886
f 2446/1022/879 404/1021/878 2449/1030/886
f 2449/1030/886 407/1015/873 2442/1014/872
f 2449/1030/886 399/1028/884 407/1015/873
f 423/987/848 424/986/847 2443/1016/874
f 2443/1016/874 424/986/847 2434/996/690
f 416/998/857 427/950/816 420/993/853
f 427/950/816 426/983/844 420/993/853
f 420/993/853 426/983/844 2432/991/852
f 426/983/844 193/984/845 2432/991/852
f 2450/1031/887 193/984/845 192/1032/888
f 2432/991/852 193/984/845 2450/1031/887
f 2451/1033/889 192/1032/888 191/1034/890
f 2450/1031/887 192/1032/888 2451/1033/889
f 2452/1035/891 193/984/845 2413/942/808
f 192/1032/888 193/984/845 2452/1035/891
f 2453/1036/892 192/1032/888 2452/1035/891
f 191/1034/890 192/1032/888 2453/1036/892
f 658/1037/802 659/1038/893 583/1039/894
f 583/1039/894 659/1038/893 582/1040/847
f 583/1039/894 582/1040/847 581/1041/848
f 657/1042/895 658/1037/802 580/1043/896
f 580/1043/896 658/1037/802 583/1039/894
f 2456/1044/673 657/1042/895 580/1043/896
f 2456/1044/673 580/1043/896 2457/1045/897
f 579/1046/851 2458/1047/852 2459/1048/898
f 578/1049/853 2458/1047/852 579/1046/851
f 576/1050/854 578/1049/853 579/1046/851
f 577/1051/855 578/1049/853 576/1050/854
f 2460/1052/899 582/1040/847 575/1053/856
f 582/1040/847 574/1054/857 575/1053/856
f 659/1038/893 656/1055/816 574/1054/857
f 582/1040/847 659/1038/893 574/1054/857
f 2460/1052/899 573/1056/858 2461/1057/900
f 575/1053/856 573/1056/858 2460/1052/899
f 572/1058/860 577/1051/855 571/1059/861
f 571/1059/861 577/1051/855 576/1050/854
f 575/1053/856 577/1051/855 572/1058/860
f 576/1050/854 579/1046/851 2462/1060/901
f 2462/1060/901 579/1046/851 2459/1048/898
f 2463/1061/863 569/1062/864 2464/1063/865
f 2464/1063/865 569/1062/864 570/1064/866
f 568/1065/867 569/1062/864 2463/1061/863
f 2465/1066/699 568/1065/867 2463/1061/863
f 573/1056/858 567/1067/869 568/1065/867
f 568/1065/867 567/1067/869 569/1062/864
f 575/1053/856 567/1067/869 573/1056/858
f 572/1058/860 567/1067/869 575/1053/856
f 566/1068/902 567/1067/869 572/1058/860
f 566/1068/902 572/1058/860 571/1059/861
f 569/1062/864 567/1067/869 570/1064/866
f 570/1064/866 567/1067/869 566/1068/902
f 2461/1057/900 573/1056/858 2465/1066/699
f 2465/1066/699 573/1056/858 568/1065/867
f 571/1059/861 576/1050/854 2466/1069/903
f 2466/1069/903 576/1050/854 2462/1060/901
f 2464/1063/865 566/1068/902 2467/1070/871
f 570/1064/866 566/1068/902 2464/1063/865
f 2467/1070/871 571/1059/861 2466/1069/903
f 2467/1070/871 566/1068/902 571/1059/861
f 575/1053/856 578/1049/853 577/1051/855
f 574/1054/857 578/1049/853 575/1053/856
f 2468/1071/904 565/1072/905 581/1041/848
f 2468/1071/904 581/1041/848 2469/1073/906
f 565/1072/905 564/1074/875 581/1041/848
f 564/1074/875 583/1039/894 581/1041/848
f 580/1043/896 564/1074/875 563/1075/907
f 580/1043/896 583/1039/894 564/1074/875
f 2457/1045/897 563/1075/907 2470/1076/908
f 580/1043/896 563/1075/907 2457/1045/897
f 2471/1077/877 562/1078/878 2472/1079/879
f 2471/1077/877 561/1080/880 562/1078/878
f 560/1081/881 561/1080/880 2471/1077/877
f 2473/1082/728 560/1081/881 2471/1077/877
f 558/1083/909 559/1084/883 560/1081/881
f 560/1081/881 559/1084/883 561/1080/880
f 564/1074/875 559/1084/883 563/1075/907
f 563/1075/907 559/1084/883 558/1083/909
f 557/1085/884 559/1084/883 564/1074/875
f 557/1085/884 564/1074/875 565/1072/905
f 561/1080/880 559/1084/883 562/1078/878
f 562/1078/878 559/1084/883 557/1085/884
f 2470/1076/908 558/1083/909 2474/1086/885
f 563/1075/907 558/1083/909 2470/1076/908
f 2474/1086/885 560/1081/881 2473/1082/728
f 2474/1086/885 558/1083/909 560/1081/881
f 562/1078/878 557/1085/884 2475/1087/886
f 2472/1079/879 562/1078/878 2475/1087/886
f 2475/1087/886 565/1072/905 2468/1071/904
f 2475/1087/886 557/1085/884 565/1072/905
f 581/1041/848 582/1040/847 2469/1073/906
f 2469/1073/906 582/1040/847 2460/1052/899
f 574/1054/857 656/1055/816 578/1049/853
f 656/1055/816 655/1088/844 578/1049/853
f 578/1049/853 655/1088/844 2458/1047/852
f 655/1088/844 209/1089/845 2458/1047/852
f 654/1090/799 659/1038/893 653/1091/910
f 653/1091/910 659/1038/893 658/1037/802
f 652/1092/803 654/1090/799 653/1091/910
f 653/1091/910 658/1037/802 651/1093/804
f 651/1093/804 658/1037/802 657/1042/895
f 651/1093/804 657/1042/895 2456/1044/673
f 2476/1094/911 651/1093/804 2456/1044/673
f 2478/1095/912 2477/1096/808 650/1097/809
f 650/1097/809 2477/1096/808 649/1098/810
f 650/1097/809 649/1098/810 648/1099/913
f 648/1099/913 649/1098/810 647/1100/914
f 645/1101/813 646/1102/814 654/1090/799
f 645/1101/813 654/1090/799 2479/1103/815
f 646/1102/814 656/1055/816 659/1038/893
f 646/1102/814 659/1038/893 654/1090/799
f 2479/1103/815 644/1104/817 645/1101/813
f 2480/1105/915 644/1104/817 2479/1103/815
f 642/1106/819 647/1100/914 643/1107/820
f 648/1099/913 647/1100/914 642/1106/819
f 643/1107/820 647/1100/914 645/1101/813
f 2478/1095/912 650/1097/809 2481/1108/916
f 2481/1108/916 650/1097/809 648/1099/913
f 2482/1109/822 641/1110/823 2483/1111/785
f 640/1112/917 641/1110/823 2482/1109/822
f 2483/1111/785 639/1113/918 2484/1114/629
f 2483/1111/785 641/1110/823 639/1113/918
f 641/1110/823 638/1115/826 639/1113/918
f 639/1113/918 638/1115/826 644/1104/817
f 644/1104/817 638/1115/826 645/1101/813
f 645/1101/813 638/1115/826 643/1107/820
f 642/1106/819 643/1107/820 637/1116/919
f 643/1107/820 638/1115/826 637/1116/919
f 637/1116/919 638/1115/826 640/1112/917
f 640/1112/917 638/1115/826 641/1110/823
f 2484/1114/629 644/1104/817 2480/1105/915
f 639/1113/918 644/1104/817 2484/1114/629
f 2485/1117/920 648/1099/913 642/1106/819
f 2481/1108/916 648/1099/913 2485/1117/920
f 2486/1118/921 637/1116/919 2482/1109/822
f 2482/1109/822 637/1116/919 640/1112/917
f 2485/1117/920 642/1106/819 2486/1118/921
f 642/1106/819 637/1116/919 2486/1118/921
f 645/1101/813 649/1098/810 646/1102/814
f 647/1100/914 649/1098/810 645/1101/813
f 652/1092/803 636/1119/922 2487/1120/831
f 2488/1121/832 652/1092/803 2487/1120/831
f 652/1092/803 653/1091/910 635/1122/833
f 652/1092/803 635/1122/833 636/1119/922
f 635/1122/833 653/1091/910 651/1093/804
f 634/1123/834 635/1122/833 651/1093/804
f 2476/1094/911 634/1123/834 651/1093/804
f 2489/1124/791 634/1123/834 2476/1094/911
f 632/1125/835 633/1126/836 2490/1127/659
f 2491/1128/837 632/1125/835 2490/1127/659
f 2490/1127/659 631/1129/838 2492/1130/923
f 2490/1127/659 633/1126/836 631/1129/838
f 633/1126/836 630/1131/840 631/1129/838
f 631/1129/838 630/1131/840 629/1132/841
f 634/1123/834 630/1131/840 635/1122/833
f 629/1132/841 630/1131/840 634/1123/834
f 636/1119/922 635/1122/833 628/1133/924
f 635/1122/833 630/1131/840 628/1133/924
f 628/1133/924 630/1131/840 632/1125/835
f 632/1125/835 630/1131/840 633/1126/836
f 2489/1124/791 629/1132/841 634/1123/834
f 2493/1134/843 629/1132/841 2489/1124/791
f 631/1129/838 629/1132/841 2493/1134/843
f 2492/1130/923 631/1129/838 2493/1134/843
f 2494/1135/663 632/1125/835 2491/1128/837
f 2494/1135/663 628/1133/924 632/1125/835
f 2487/1120/831 636/1119/922 2494/1135/663
f 636/1119/922 628/1133/924 2494/1135/663
f 2479/1103/815 654/1090/799 2488/1121/832
f 2488/1121/832 654/1090/799 652/1092/803
f 649/1098/810 656/1055/816 646/1102/814
f 649/1098/810 655/1088/844 656/1055/816
f 2477/1096/808 655/1088/844 649/1098/810
f 2477/1096/808 209/1089/845 655/1088/844
f 2495/1136/891 209/1089/845 2477/1096/808
f 208/1137/888 209/1089/845 2495/1136/891
f 207/1138/890 208/1137/888 2496/1139/892
f 2496/1139/892 208/1137/888 2495/1136/891
f 2497/1140/887 209/1089/845 208/1137/888
f 2458/1047/852 209/1089/845 2497/1140/887
f 2498/1141/889 208/1137/888 207/1138/890
f 2497/1140/887 208/1137/888 2498/1141/889
f 359/1142/925 362/1143/926 1603/1144/927
f 359/1142/925 1603/1144/927 1604/1145/928
f 348/1146/929 345/1147/176 338/1148/930
f 348/1146/929 355/1149/931 345/1147/176
f 355/1149/931 354/1150/932 345/1147/176
f 358/1151/933 362/1143/926 359/1142/925
f 355/1149/931 358/1151/933 359/1142/925
f 355/1149/931 359/1142/925 354/1150/932
f 376/1152/934 2078/167/168 375/1153/935
f 2078/167/168 2075/156/157 375/1153/935
f 858/1154/936 863/1155/937 362/1143/926
f 858/1154/936 362/1143/926 358/1151/933
f 859/1156/938 864/1157/939 863/1155/937
f 859/1156/938 863/1155/937 858/1154/936
f 860/1158/940 865/1159/941 859/1156/938
f 859/1156/938 865/1159/941 864/1157/939
f 863/1155/937 868/1160/942 362/1143/926
f 362/1143/926 868/1160/942 2501/1161/943
f 868/1160/942 2502/1162/944 2501/1161/943
f 375/1153/935 2075/156/157 2503/1163/945
f 2503/1163/945 2075/156/157 2504/1164/946
f 864/1157/939 868/1160/942 863/1155/937
f 864/1157/939 869/1165/947 868/1160/942
f 869/1165/947 375/1153/935 868/1160/942
f 869/1165/947 376/1152/934 375/1153/935
f 868/1160/942 2503/1163/945 2502/1162/944
f 868/1160/942 375/1153/935 2503/1163/945
f 865/1159/941 869/1165/947 864/1157/939
f 865/1159/941 870/1166/948 869/1165/947
f 870/1166/948 376/1152/934 869/1165/947
f 870/1166/948 377/1167/949 376/1152/934
f 377/1167/949 2082/161/162 2078/167/168
f 377/1167/949 2078/167/168 376/1152/934
f 362/1143/926 2505/1168/950 1603/1144/927
f 362/1143/926 2501/1161/943 2505/1168/950
f 2167/1169/951 326/1170/952 325/1171/953
f 2167/1169/951 325/1171/953 1942/1172/954
f 1942/1172/954 325/1171/953 2506/1173/179
f 1943/1174/955 1560/1175/956 1939/1176/957
f 1943/1174/955 1942/1172/954 1560/1175/956
f 325/1171/953 2507/1177/958 2506/1173/179
f 325/1171/953 338/1148/930 2507/1177/958
f 338/1148/930 2508/1178/959 2507/1177/958
f 338/1148/930 345/1147/176 2508/1178/959
f 326/1170/952 338/1148/930 325/1171/953
f 326/1170/952 337/1179/960 338/1148/930
f 347/1180/961 348/1146/929 337/1179/960
f 337/1179/960 348/1146/929 338/1148/930
f 345/1147/176 2509/1181/962 2508/1178/959
f 345/1147/176 1584/1182/963 2509/1181/962
f 1560/1175/956 2506/1173/179 2510/1183/964
f 1942/1172/954 2506/1173/179 1560/1175/956
f 328/1184/965 847/1185/966 337/1179/960
f 328/1184/965 337/1179/960 326/1170/952
f 850/1186/967 347/1180/961 847/1185/966
f 847/1185/966 347/1180/961 337/1179/960
f 841/1187/968 848/1188/969 847/1185/966
f 841/1187/968 847/1185/966 328/1184/965
f 848/1188/969 851/1189/970 850/1186/967
f 848/1188/969 850/1186/967 847/1185/966
f 855/1190/971 859/1156/938 854/1191/972
f 855/1190/971 860/1158/940 859/1156/938
f 853/1192/973 859/1156/938 858/1154/936
f 854/1191/972 859/1156/938 853/1192/973
f 355/1149/931 858/1154/936 358/1151/933
f 853/1192/973 858/1154/936 355/1149/931
f 354/1150/932 359/1142/925 1583/1193/974
f 1583/1193/974 359/1142/925 1604/1145/928
f 855/1190/971 854/1191/972 850/1186/967
f 851/1189/970 855/1190/971 850/1186/967
f 854/1191/972 853/1192/973 347/1180/961
f 850/1186/967 854/1191/972 347/1180/961
f 853/1192/973 355/1149/931 348/1146/929
f 347/1180/961 853/1192/973 348/1146/929
f 345/1147/176 354/1150/932 1584/1182/963
f 354/1150/932 1583/1193/974 1584/1182/963
f 2168/1194/975 328/1184/965 326/1170/952
f 2168/1194/975 326/1170/952 2167/1169/951
f 2169/1195/976 328/1184/965 2168/1194/975
f 2169/1195/976 841/1187/968 328/1184/965
f 1605/1196/977 363/1197/978 361/1198/979
f 1606/1199/980 1605/1196/977 361/1198/979
f 340/1200/981 351/1201/982 350/1202/983
f 351/1201/982 356/1203/984 357/1204/985
f 351/1201/982 357/1204/985 350/1202/983
f 361/1198/979 363/1197/978 360/1205/986
f 356/1203/984 361/1198/979 357/1204/985
f 361/1198/979 360/1205/986 357/1204/985
f 379/1206/987 2083/159/160 378/1207/988
f 379/1206/987 2079/148/149 2083/159/160
f 363/1197/978 867/1208/989 862/1209/990
f 360/1205/986 363/1197/978 862/1209/990
f 867/1208/989 866/1210/991 861/1211/992
f 862/1209/990 867/1208/989 861/1211/992
f 866/1210/991 865/1159/941 861/1211/992
f 861/1211/992 865/1159/941 860/1158/940
f 363/1197/978 872/1212/993 867/1208/989
f 2511/1213/994 872/1212/993 363/1197/978
f 2511/1213/994 2512/1214/995 872/1212/993
f 2513/1215/996 2079/148/149 2514/1216/577
f 2514/1216/577 2079/148/149 379/1206/987
f 867/1208/989 872/1212/993 866/1210/991
f 872/1212/993 871/1217/997 866/1210/991
f 379/1206/987 378/1207/988 871/1217/997
f 872/1212/993 379/1206/987 871/1217/997
f 2514/1216/577 379/1206/987 872/1212/993
f 2512/1214/995 2514/1216/577 872/1212/993
f 866/1210/991 871/1217/997 865/1159/941
f 871/1217/997 870/1166/948 865/1159/941
f 871/1217/997 378/1207/988 870/1166/948
f 378/1207/988 377/1167/949 870/1166/948
f 2083/159/160 2082/161/162 377/1167/949
f 378/1207/988 2083/159/160 377/1167/949
f 1605/1196/977 2515/1218/998 363/1197/978
f 2515/1218/998 2511/1213/994 363/1197/978
f 331/1219/999 332/1220/1000 2172/1221/1001
f 1947/1222/1002 331/1219/999 2172/1221/1001
f 2516/1223/211 331/1219/999 1947/1222/1002
f 1944/1224/1003 1562/1225/1004 1948/1226/1005
f 1562/1225/1004 1947/1222/1002 1948/1226/1005
f 2517/1227/1006 340/1200/981 331/1219/999
f 2516/1223/211 2517/1227/1006 331/1219/999
f 2518/1228/1007 351/1201/982 340/1200/981
f 2517/1227/1006 2518/1228/1007 340/1200/981
f 331/1219/999 340/1200/981 332/1220/1000
f 340/1200/981 339/1229/1008 332/1220/1000
f 340/1200/981 350/1202/983 339/1229/1008
f 339/1229/1008 350/1202/983 349/1230/1009
f 2519/1231/1010 1586/1232/1011 351/1201/982
f 2518/1228/1007 2519/1231/1010 351/1201/982
f 1562/1225/1004 2516/1223/211 1947/1222/1002
f 2520/1233/1012 2516/1223/211 1562/1225/1004
f 339/1229/1008 849/1234/1013 330/1235/1014
f 332/1220/1000 339/1229/1008 330/1235/1014
f 849/1234/1013 349/1230/1009 852/1236/1015
f 339/1229/1008 349/1230/1009 849/1234/1013
f 849/1234/1013 848/1188/969 841/1187/968
f 330/1235/1014 849/1234/1013 841/1187/968
f 852/1236/1015 851/1189/970 848/1188/969
f 849/1234/1013 852/1236/1015 848/1188/969
f 856/1237/1016 861/1211/992 855/1190/971
f 861/1211/992 860/1158/940 855/1190/971
f 857/1238/1017 861/1211/992 856/1237/1016
f 862/1209/990 861/1211/992 857/1238/1017
f 357/1204/985 862/1209/990 857/1238/1017
f 360/1205/986 862/1209/990 357/1204/985
f 1585/1239/1018 361/1198/979 356/1203/984
f 1606/1199/980 361/1198/979 1585/1239/1018
f 852/1236/1015 856/1237/1016 855/1190/971
f 852/1236/1015 855/1190/971 851/1189/970
f 349/1230/1009 857/1238/1017 856/1237/1016
f 349/1230/1009 856/1237/1016 852/1236/1015
f 350/1202/983 357/1204/985 857/1238/1017
f 350/1202/983 857/1238/1017 349/1230/1009
f 1586/1232/1011 356/1203/984 351/1201/982
f 1586/1232/1011 1585/1239/1018 356/1203/984
f 332/1220/1000 330/1235/1014 2170/1240/1019
f 2172/1221/1001 332/1220/1000 2170/1240/1019
f 2170/1240/1019 330/1235/1014 2169/1195/976
f 330/1235/1014 841/1187/968 2169/1195/976
f 316/1241/1020 2549/1242/1021 2550/1243/954
f 316/1241/1020 2550/1243/954 315/1244/1022
f 314/1245/1023 316/1241/1020 313/1246/1024
f 313/1246/1024 316/1241/1020 315/1244/1022
f 314/1245/1023 312/1247/1025 316/1241/1020
f 312/1247/1025 2549/1242/1021 316/1241/1020
f 840/1248/1026 2551/1249/1027 830/1250/1028
f 312/1247/1025 327/1251/1029 2549/1242/1021
f 327/1251/1029 2552/1252/1030 2549/1242/1021
f 824/1253/1031 2552/1252/1030 327/1251/1029
f 830/1250/1028 2551/1249/1027 2552/1252/1030
f 830/1250/1028 2552/1252/1030 824/1253/1031
f 315/1244/1022 2550/1243/954 2553/1254/1032
f 315/1244/1022 2553/1254/1032 310/1255/1033
f 310/1255/1033 2553/1254/1032 2554/1256/1034
f 310/1255/1033 2554/1256/1034 1/1257/1035
f 293/1258/1036 294/1259/1037 296/1260/1038
f 295/1261/1039 293/1258/1036 296/1260/1038
f 296/1260/1038 294/1259/1037 1552/1262/1040
f 1552/1262/1040 294/1259/1037 1551/1263/1041
f 2134/1264/1042 292/1265/1043 2135/1266/1044
f 2136/1267/1045 292/1265/1043 295/1261/1039
f 2135/1266/1044 292/1265/1043 2136/1267/1045
f 247/1268/1046 248/1269/1047 251/1270/1048
f 251/1270/1048 248/1269/1047 250/1271/1049
f 248/1269/1047 1554/1272/1050 250/1271/1049
f 250/1271/1049 1554/1272/1050 1553/1273/1051
f 249/1274/1052 251/1270/1048 257/1275/1053
f 256/1276/1054 249/1274/1052 257/1275/1053
f 257/1275/1053 250/1271/1049 255/1277/1055
f 251/1270/1048 250/1271/1049 257/1275/1053
f 255/1277/1055 1553/1273/1051 1557/1278/1056
f 250/1271/1049 1553/1273/1051 255/1277/1055
f 728/1279/1057 249/1274/1052 256/1276/1054
f 736/1280/1058 728/1279/1057 256/1276/1054
f 728/1279/1057 246/1281/1059 249/1274/1052
f 1551/1263/1041 1/1257/1035 1561/1282/1060
f 294/1259/1037 1/1257/1035 1551/1263/1041
f 305/1283/1061 1/1257/1035 294/1259/1037
f 293/1258/1036 305/1283/1061 294/1259/1037
f 304/1284/1062 305/1283/1061 293/1258/1036
f 292/1265/1043 304/1284/1062 293/1258/1036
f 792/1285/1063 304/1284/1062 292/1265/1043
f 754/1286/1064 792/1285/1063 292/1265/1043
f 791/1287/1065 792/1285/1063 753/1288/1066
f 753/1288/1066 792/1285/1063 754/1286/1064
f 752/1289/1067 791/1287/1065 753/1288/1066
f 752/1289/1067 790/1290/1068 791/1287/1065
f 751/1291/1069 752/1289/1067 753/1288/1066
f 928/1292/1070 929/1293/1071 908/1294/1072
f 929/1293/1071 907/1295/1073 908/1294/1072
f 1116/1296/1074 1146/1297/1075 1117/1298/1076
f 1145/1299/1077 1146/1297/1075 1116/1296/1074
f 1114/1300/1078 1172/1301/1079 1115/1302/1080
f 1144/1303/1081 1172/1301/1079 1114/1300/1078
f 1117/1298/1076 1144/1303/1081 1114/1300/1078
f 1146/1297/1075 1144/1303/1081 1117/1298/1076
f 1112/132/1082 1143/1304/1083 1113/1305/1084
f 1142/131/1085 1143/1304/1083 1112/132/1082
f 1143/1304/1083 1145/1299/1077 1116/1296/1074
f 1143/1304/1083 1116/1296/1074 1113/1305/1084
f 1171/1306/1086 839/1307/1087 1168/1308/1088
f 1168/1308/1088 839/1307/1087 829/1309/1089
f 1172/1301/1079 1168/1308/1088 1115/1302/1080
f 1172/1301/1079 1171/1306/1086 1168/1308/1088
f 839/1307/1087 838/1310/1090 829/1309/1089
f 829/1309/1089 838/1310/1090 828/1311/1091
f 838/1310/1090 837/1312/1092 828/1311/1091
f 828/1311/1091 837/1312/1092 827/1313/1093
f 837/1312/1092 840/1248/1026 827/1313/1093
f 827/1313/1093 840/1248/1026 830/1250/1028
f 927/1314/1094 928/1292/1070 906/1315/1095
f 928/1292/1070 908/1294/1072 906/1315/1095
f 926/1316/1096 1006/1317/1097 907/1295/1073
f 929/1293/1071 926/1316/1096 907/1295/1073
f 736/1280/1058 727/1318/1098 728/1279/1057
f 735/1319/1099 727/1318/1098 736/1280/1058
f 873/1320/1100 725/1321/1101 734/1322/1102
f 734/1322/1102 725/1321/1101 726/1323/1103
f 735/1319/1099 726/1323/1103 727/1318/1098
f 734/1322/1102 726/1323/1103 735/1319/1099
f 873/1320/1100 925/1324/1104 725/1321/1101
f 925/1324/1104 905/1325/1105 725/1321/1101
f 925/1324/1104 927/1314/1094 905/1325/1105
f 927/1314/1094 906/1315/1095 905/1325/1105
f 1048/1326/1106 1005/1327/1107 926/1316/1096
f 926/1316/1096 1005/1327/1107 1006/1317/1097
f 1047/116/116 1007/3/3 1004/117/117
f 1046/1328/1108 1003/1329/1109 1048/1326/1106
f 1048/1326/1106 1003/1329/1109 1005/1327/1107
f 1042/114/114 1000/115/115 1046/1328/1108
f 1046/1328/1108 1000/115/115 1003/1329/1109
f 763/1330/1110 2137/1331/1111 2146/1332/1112
f 723/1333/1113 763/1330/1110 2146/1332/1112
f 1004/117/117 997/133/133 998/118/118
f 1004/117/117 1007/3/3 997/133/133
f 1110/134/134 1111/137/137 1108/1334/1114
f 1110/134/134 1108/1334/1114 1109/1335/1115
f 1093/1336/1116 1090/1337/1117 1092/1338/1118
f 1090/1337/1117 1091/1339/1119 1092/1338/1118
f 789/1340/1120 790/1290/1068 752/1289/1067
f 761/1341/1121 762/1342/1122 760/1343/1123
f 762/1342/1122 750/1344/1124 760/1343/1123
f 761/1341/1121 760/1343/1123 759/1345/1125
f 973/1346/1126 788/1347/1127 758/1348/1128
f 758/1348/1128 788/1347/1127 749/1349/1129
f 758/1348/1128 749/1349/1129 750/1344/1124
f 762/1342/1122 758/1348/1128 750/1344/1124
f 788/1347/1127 789/1340/1120 749/1349/1129
f 749/1349/1129 789/1340/1120 752/1289/1067
f 789/1340/1120 787/1350/1130 790/1290/1068
f 786/1351/1131 787/1350/1130 789/1340/1120
f 908/1294/1072 907/1295/1073 904/1352/1132
f 907/1295/1073 903/1353/1133 904/1352/1132
f 891/30/1134 972/1354/1135 892/1355/1136
f 890/25/1137 891/30/1134 892/1355/1136
f 901/1356/1138 902/1357/1139 900/14/1140
f 902/1357/1139 899/15/1141 900/14/1140
f 889/1358/1142 886/19/19 888/1359/1143
f 886/19/19 887/28/1144 888/1359/1143
f 970/11/1145 971/1360/1146 972/1354/1135
f 891/30/1134 970/11/1145 972/1354/1135
f 901/1356/1138 900/14/1140 889/1358/1142
f 889/1358/1142 900/14/1140 886/19/19
f 996/1361/1147 969/1362/1148 898/21/1149
f 898/21/1149 969/1362/1148 968/10/10
f 969/1362/1148 971/1360/1146 970/11/1145
f 968/10/10 969/1362/1148 970/11/1145
f 888/1359/1143 884/33/33 885/1363/1150
f 887/28/1144 884/33/33 888/1359/1143
f 882/26/1151 892/1355/1136 883/1364/1152
f 890/25/1137 892/1355/1136 882/26/1151
f 885/1363/1150 882/26/1151 883/1364/1152
f 884/33/33 882/26/1151 885/1363/1150
f 904/1352/1132 996/1361/1147 897/20/20
f 897/20/20 996/1361/1147 898/21/1149
f 902/1357/1139 904/1352/1132 897/20/20
f 902/1357/1139 897/20/20 899/15/1141
f 1116/1296/1074 1106/1365/1153 1107/1366/1154
f 1116/1296/1074 1117/1298/1076 1106/1365/1153
f 1111/137/137 1105/1367/1155 1108/1334/1114
f 1108/1334/1114 1105/1367/1155 1104/1368/1156
f 1108/1334/1114 1104/1368/1156 1089/1369/1157
f 1089/1369/1157 1104/1368/1156 1088/1370/1158
f 1112/132/1082 1113/1305/1084 1111/137/137
f 1111/137/137 1113/1305/1084 1105/1367/1155
f 1107/1366/1154 1106/1365/1153 1102/1371/1159
f 1107/1366/1154 1102/1371/1159 1103/1372/1160
f 1088/1370/1158 1102/1371/1159 1087/1373/1161
f 1103/1372/1160 1102/1371/1159 1088/1370/1158
f 1105/1367/1155 1103/1372/1160 1104/1368/1156
f 1105/1367/1155 1107/1366/1154 1103/1372/1160
f 1089/1369/1157 1088/1370/1158 1086/1374/1162
f 1113/1305/1084 1107/1366/1154 1105/1367/1155
f 1113/1305/1084 1116/1296/1074 1107/1366/1154
f 1110/134/134 1109/1335/1115 1101/135/1163
f 1101/135/1163 1109/1335/1115 1100/1375/1164
f 995/1376/1165 993/1377/1166 994/1378/1167
f 992/1379/1168 993/1377/1166 995/1376/1165
f 991/1380/1169 1099/1381/1170 993/1377/1166
f 992/1379/1168 991/1380/1169 993/1377/1166
f 990/1382/1171 967/1383/1172 989/1384/1173
f 989/1384/1173 967/1383/1172 966/1385/1174
f 990/1382/1171 1098/1386/1175 1085/1387/1176
f 990/1382/1171 1085/1387/1176 967/1383/1172
f 989/1384/1173 966/1385/1174 965/1388/1177
f 988/1389/1178 989/1384/1173 965/1388/1177
f 994/1378/1167 993/1377/1166 989/1384/1173
f 993/1377/1166 990/1382/1171 989/1384/1173
f 993/1377/1166 1099/1381/1170 990/1382/1171
f 1099/1381/1170 1098/1386/1175 990/1382/1171
f 987/1390/1179 994/1378/1167 988/1389/1178
f 994/1378/1167 989/1384/1173 988/1389/1178
f 966/1385/1174 967/1383/1172 964/1391/1180
f 967/1383/1172 963/1392/1181 964/1391/1180
f 967/1383/1172 1084/1393/1182 963/1392/1181
f 967/1383/1172 1085/1387/1176 1084/1393/1182
f 987/1390/1179 995/1376/1165 994/1378/1167
f 1168/1308/1088 829/1309/1089 1167/1394/1183
f 1167/1394/1183 829/1309/1089 826/1395/1184
f 786/1351/1131 785/1396/1185 787/1350/1130
f 784/1397/1186 785/1396/1185 786/1351/1131
f 1092/1338/1118 810/1398/1187 785/1396/1185
f 784/1397/1186 1092/1338/1118 785/1396/1185
f 1092/1338/1118 811/1399/1188 810/1398/1187
f 1091/1339/1119 811/1399/1188 1092/1338/1118
f 1167/1394/1183 826/1395/1184 1083/1400/1189
f 1083/1400/1189 826/1395/1184 823/1401/1190
f 1083/1400/1189 823/1401/1190 1091/1339/1119
f 1091/1339/1119 823/1401/1190 811/1399/1188
f 1082/1402/1191 1083/1400/1189 1091/1339/1119
f 1090/1337/1117 1082/1402/1191 1091/1339/1119
f 1097/1403/1192 1083/1400/1189 1082/1402/1191
f 1097/1403/1192 1167/1394/1183 1083/1400/1189
f 1115/1302/1080 1168/1308/1088 1097/1403/1192
f 1097/1403/1192 1168/1308/1088 1167/1394/1183
f 1081/1404/1193 1080/1405/1194 1093/1336/1116
f 1080/1405/1194 1090/1337/1117 1093/1336/1116
f 1114/1300/1078 1115/1302/1080 1096/1406/1195
f 1096/1406/1195 1115/1302/1080 1097/1403/1192
f 1096/1406/1195 1097/1403/1192 1095/1407/1196
f 962/1408/1197 1081/1404/1193 961/1409/1198
f 1081/1404/1193 1093/1336/1116 961/1409/1198
f 1095/1407/1196 1097/1403/1192 1082/1402/1191
f 1079/1410/1199 1095/1407/1196 1082/1402/1191
f 829/1309/1089 828/1311/1091 826/1395/1184
f 826/1395/1184 828/1311/1091 825/1411/1200
f 787/1350/1130 809/1412/1201 783/1413/1202
f 785/1396/1185 809/1412/1201 787/1350/1130
f 810/1398/1187 807/1414/1203 808/1415/1204
f 811/1399/1188 807/1414/1203 810/1398/1187
f 785/1396/1185 808/1415/1204 809/1412/1201
f 810/1398/1187 808/1415/1204 785/1396/1185
f 826/1395/1184 825/1411/1200 823/1401/1190
f 823/1401/1190 825/1411/1200 822/1416/1205
f 823/1401/1190 822/1416/1205 811/1399/1188
f 811/1399/1188 822/1416/1205 807/1414/1203
f 783/1413/1202 806/1417/1206 782/1418/1207
f 809/1412/1201 806/1417/1206 783/1413/1202
f 806/1417/1206 311/1419/1208 303/1420/1209
f 782/1418/1207 806/1417/1206 303/1420/1209
f 805/1421/1210 314/1245/1023 311/1419/1208
f 806/1417/1206 805/1421/1210 311/1419/1208
f 808/1415/1204 805/1421/1210 806/1417/1206
f 809/1412/1201 808/1415/1204 806/1417/1206
f 808/1415/1204 804/1422/1211 805/1421/1210
f 807/1414/1203 804/1422/1211 808/1415/1204
f 804/1422/1211 312/1247/1025 314/1245/1023
f 805/1421/1210 804/1422/1211 314/1245/1023
f 804/1422/1211 327/1251/1029 312/1247/1025
f 821/1423/1212 327/1251/1029 804/1422/1211
f 822/1416/1205 821/1423/1212 807/1414/1203
f 807/1414/1203 821/1423/1212 804/1422/1211
f 825/1411/1200 820/1424/1213 822/1416/1205
f 822/1416/1205 820/1424/1213 821/1423/1212
f 820/1424/1213 824/1253/1031 821/1423/1212
f 821/1423/1212 824/1253/1031 327/1251/1029
f 827/1313/1093 830/1250/1028 820/1424/1213
f 820/1424/1213 830/1250/1028 824/1253/1031
f 828/1311/1091 827/1313/1093 825/1411/1200
f 825/1411/1200 827/1313/1093 820/1424/1213
f 905/1325/1105 901/1356/1138 881/1425/1214
f 881/1425/1214 901/1356/1138 889/1358/1142
f 903/1353/1133 996/1361/1147 904/1352/1132
f 903/1353/1133 986/1426/1215 996/1361/1147
f 986/1426/1215 985/1427/1216 996/1361/1147
f 996/1361/1147 985/1427/1216 969/1362/1148
f 985/1427/1216 960/1428/1217 971/1360/1146
f 969/1362/1148 985/1427/1216 971/1360/1146
f 906/1315/1095 902/1357/1139 901/1356/1138
f 905/1325/1105 906/1315/1095 901/1356/1138
f 883/1364/1152 892/1355/1136 762/1342/1122
f 892/1355/1136 758/1348/1128 762/1342/1122
f 971/1360/1146 960/1428/1217 973/1346/1126
f 971/1360/1146 973/1346/1126 972/1354/1135
f 972/1354/1135 973/1346/1126 758/1348/1128
f 892/1355/1136 972/1354/1135 758/1348/1128
f 985/1427/1216 959/1429/1218 960/1428/1217
f 984/1430/1219 959/1429/1218 985/1427/1216
f 986/1426/1215 984/1430/1219 985/1427/1216
f 983/1431/1220 984/1430/1219 986/1426/1215
f 982/1432/1221 983/1431/1220 986/1426/1215
f 982/1432/1221 986/1426/1215 903/1353/1133
f 1006/1317/1097 982/1432/1221 903/1353/1133
f 907/1295/1073 1006/1317/1097 903/1353/1133
f 908/1294/1072 904/1352/1132 902/1357/1139
f 906/1315/1095 908/1294/1072 902/1357/1139
f 881/1425/1214 889/1358/1142 880/1433/1222
f 889/1358/1142 888/1359/1143 880/1433/1222
f 880/1433/1222 885/1363/1150 761/1341/1121
f 888/1359/1143 885/1363/1150 880/1433/1222
f 883/1364/1152 762/1342/1122 761/1341/1121
f 885/1363/1150 883/1364/1152 761/1341/1121
f 782/1418/1207 303/1420/1209 304/1284/1062
f 792/1285/1063 782/1418/1207 304/1284/1062
f 791/1287/1065 782/1418/1207 792/1285/1063
f 783/1413/1202 782/1418/1207 791/1287/1065
f 723/1333/1113 757/1434/1223 763/1330/1110
f 722/1435/1224 757/1434/1223 723/1333/1113
f 747/1436/1225 748/1437/1226 757/1434/1223
f 757/1434/1223 748/1437/1226 763/1330/1110
f 753/1288/1066 754/1286/1064 747/1436/1225
f 747/1436/1225 754/1286/1064 748/1437/1226
f 725/1321/1101 724/1438/1227 726/1323/1103
f 726/1323/1103 724/1438/1227 721/1439/1228
f 727/1318/1098 721/1439/1228 720/1440/1229
f 726/1323/1103 721/1439/1228 727/1318/1098
f 725/1321/1101 905/1325/1105 724/1438/1227
f 724/1438/1227 905/1325/1105 881/1425/1214
f 760/1343/1123 751/1291/1069 746/1441/1230
f 750/1344/1124 751/1291/1069 760/1343/1123
f 751/1291/1069 753/1288/1066 746/1441/1230
f 746/1441/1230 753/1288/1066 747/1436/1225
f 746/1441/1230 747/1436/1225 756/1442/1231
f 756/1442/1231 747/1436/1225 757/1434/1223
f 759/1345/1125 760/1343/1123 756/1442/1231
f 756/1442/1231 760/1343/1123 746/1441/1230
f 750/1344/1124 752/1289/1067 751/1291/1069
f 749/1349/1129 752/1289/1067 750/1344/1124
f 881/1425/1214 880/1433/1222 724/1438/1227
f 724/1438/1227 880/1433/1222 755/1443/1232
f 880/1433/1222 761/1341/1121 755/1443/1232
f 755/1443/1232 761/1341/1121 759/1345/1125
f 790/1290/1068 783/1413/1202 791/1287/1065
f 787/1350/1130 783/1413/1202 790/1290/1068
f 722/1435/1224 756/1442/1231 757/1434/1223
f 719/1444/1233 756/1442/1231 722/1435/1224
f 720/1440/1229 719/1444/1233 722/1435/1224
f 721/1439/1228 719/1444/1233 720/1440/1229
f 721/1439/1228 755/1443/1232 719/1444/1233
f 724/1438/1227 755/1443/1232 721/1439/1228
f 755/1443/1232 759/1345/1125 719/1444/1233
f 719/1444/1233 759/1345/1125 756/1442/1231
f 1106/1365/1153 1095/1407/1196 1102/1371/1159
f 1106/1365/1153 1096/1406/1195 1095/1407/1196
f 1087/1373/1161 1102/1371/1159 1079/1410/1199
f 1102/1371/1159 1095/1407/1196 1079/1410/1199
f 1117/1298/1076 1114/1300/1078 1106/1365/1153
f 1106/1365/1153 1114/1300/1078 1096/1406/1195
f 980/1445/1234 983/1431/1220 982/1432/1221
f 980/1445/1234 981/1446/1235 983/1431/1220
f 1005/1327/1107 980/1445/1234 1006/1317/1097
f 1006/1317/1097 980/1445/1234 982/1432/1221
f 966/1385/1174 964/1391/1180 965/1388/1177
f 981/1446/1235 979/1447/1236 977/1448/1237
f 981/1446/1235 977/1448/1237 978/1449/1238
f 976/1450/1239 981/1446/1235 980/1445/1234
f 976/1450/1239 979/1447/1236 981/1446/1235
f 1007/3/3 1094/136/136 997/133/133
f 1101/135/1163 1100/1375/1164 1099/1381/1170
f 1099/1381/1170 1100/1375/1164 1098/1386/1175
f 998/118/118 997/133/133 995/1376/1165
f 997/133/133 992/1379/1168 995/1376/1165
f 992/1379/1168 1094/136/136 991/1380/1169
f 997/133/133 1094/136/136 992/1379/1168
f 1094/136/136 1101/135/1163 991/1380/1169
f 991/1380/1169 1101/135/1163 1099/1381/1170
f 1098/1386/1175 1100/1375/1164 1085/1387/1176
f 1085/1387/1176 1100/1375/1164 1078/1451/1240
f 977/1448/1237 987/1390/1179 988/1389/1178
f 979/1447/1236 987/1390/1179 977/1448/1237
f 998/118/118 995/1376/1165 979/1447/1236
f 979/1447/1236 995/1376/1165 987/1390/1179
f 1003/1329/1109 976/1450/1239 1005/1327/1107
f 1005/1327/1107 976/1450/1239 980/1445/1234
f 974/119/119 998/118/118 979/1447/1236
f 1085/1387/1176 1078/1451/1240 1084/1393/1182
f 1084/1393/1182 1078/1451/1240 1077/1452/1241
f 1084/1393/1182 1077/1452/1241 1076/1453/1242
f 963/1392/1181 1084/1393/1182 1076/1453/1242
f 963/1392/1181 1076/1453/1242 964/1391/1180
f 964/1391/1180 1076/1453/1242 958/1454/1243
f 965/1388/1177 964/1391/1180 958/1454/1243
f 965/1388/1177 958/1454/1243 957/1455/1244
f 977/1448/1237 965/1388/1177 957/1455/1244
f 988/1389/1178 965/1388/1177 977/1448/1237
f 1086/1374/1162 1087/1373/1161 1075/1456/1245
f 1088/1370/1158 1087/1373/1161 1086/1374/1162
f 1074/1457/1246 1075/1456/1245 956/1458/1247
f 1086/1374/1162 1075/1456/1245 1074/1457/1246
f 978/1449/1238 955/1459/1248 984/1430/1219
f 984/1430/1219 955/1459/1248 959/1429/1218
f 955/1459/1248 954/1460/1249 959/1429/1218
f 955/1459/1248 953/1461/1250 954/1460/1249
f 953/1461/1250 956/1458/1247 954/1460/1249
f 953/1461/1250 1074/1457/1246 956/1458/1247
f 981/1446/1235 978/1449/1238 983/1431/1220
f 983/1431/1220 978/1449/1238 984/1430/1219
f 1077/1452/1241 1089/1369/1157 1086/1374/1162
f 1078/1451/1240 1089/1369/1157 1077/1452/1241
f 1076/1453/1242 1074/1457/1246 958/1454/1243
f 958/1454/1243 1074/1457/1246 953/1461/1250
f 957/1455/1244 958/1454/1243 955/1459/1248
f 955/1459/1248 958/1454/1243 953/1461/1250
f 977/1448/1237 957/1455/1244 978/1449/1238
f 978/1449/1238 957/1455/1244 955/1459/1248
f 1077/1452/1241 1086/1374/1162 1076/1453/1242
f 1076/1453/1242 1086/1374/1162 1074/1457/1246
f 1078/1451/1240 1109/1335/1115 1089/1369/1157
f 1100/1375/1164 1109/1335/1115 1078/1451/1240
f 1104/1368/1156 1103/1372/1160 1088/1370/1158
f 1109/1335/1115 1108/1334/1114 1089/1369/1157
f 1075/1456/1245 1080/1405/1194 1081/1404/1193
f 956/1458/1247 1075/1456/1245 1081/1404/1193
f 956/1458/1247 1081/1404/1193 954/1460/1249
f 954/1460/1249 1081/1404/1193 962/1408/1197
f 959/1429/1218 954/1460/1249 962/1408/1197
f 959/1429/1218 962/1408/1197 960/1428/1217
f 1075/1456/1245 1087/1373/1161 1080/1405/1194
f 1087/1373/1161 1079/1410/1199 1080/1405/1194
f 1079/1410/1199 1082/1402/1191 1090/1337/1117
f 1080/1405/1194 1079/1410/1199 1090/1337/1117
f 1093/1336/1116 1092/1338/1118 784/1397/1186
f 961/1409/1198 1093/1336/1116 784/1397/1186
f 952/1462/1251 786/1351/1131 788/1347/1127
f 788/1347/1127 786/1351/1131 789/1340/1120
f 973/1346/1126 951/1463/1252 788/1347/1127
f 951/1463/1252 952/1462/1251 788/1347/1127
f 960/1428/1217 951/1463/1252 973/1346/1126
f 960/1428/1217 962/1408/1197 951/1463/1252
f 951/1463/1252 962/1408/1197 952/1462/1251
f 962/1408/1197 961/1409/1198 952/1462/1251
f 961/1409/1198 784/1397/1186 786/1351/1131
f 952/1462/1251 961/1409/1198 786/1351/1131
f 313/1246/1024 315/1244/1022 310/1255/1033
f 302/1464/1253 313/1246/1024 310/1255/1033
f 311/1419/1208 313/1246/1024 302/1464/1253
f 303/1420/1209 311/1419/1208 302/1464/1253
f 303/1420/1209 302/1464/1253 305/1283/1061
f 304/1284/1062 303/1420/1209 305/1283/1061
f 302/1464/1253 310/1255/1033 1/1257/1035
f 305/1283/1061 302/1464/1253 1/1257/1035
f 311/1419/1208 314/1245/1023 313/1246/1024
f 247/1268/1046 296/1260/1038 248/1269/1047
f 247/1268/1046 295/1261/1039 296/1260/1038
f 292/1265/1043 293/1258/1036 295/1261/1039
f 248/1269/1047 1552/1262/1040 1554/1272/1050
f 296/1260/1038 1552/1262/1040 248/1269/1047
f 723/1333/1113 2146/1332/1112 2144/1465/1254
f 2142/1466/1255 246/1281/1059 728/1279/1057
f 2142/1466/1255 2147/1467/1256 246/1281/1059
f 763/1330/1110 748/1437/1226 2137/1331/1111
f 748/1437/1226 2138/1468/1257 2137/1331/1111
f 2148/1469/1258 2136/1267/1045 295/1261/1039
f 2148/1469/1258 295/1261/1039 247/1268/1046
f 748/1437/1226 754/1286/1064 2138/1468/1257
f 2138/1468/1257 754/1286/1064 2134/1264/1042
f 754/1286/1064 292/1265/1043 2134/1264/1042
f 2143/1470/1259 2142/1466/1255 728/1279/1057
f 727/1318/1098 2143/1470/1259 728/1279/1057
f 727/1318/1098 720/1440/1229 2143/1470/1259
f 2143/1470/1259 720/1440/1229 2145/1471/1260
f 246/1281/1059 247/1268/1046 251/1270/1048
f 249/1274/1052 246/1281/1059 251/1270/1048
f 246/1281/1059 2148/1469/1258 247/1268/1046
f 2147/1467/1256 2148/1469/1258 246/1281/1059
f 720/1440/1229 723/1333/1113 2145/1471/1260
f 2145/1471/1260 723/1333/1113 2144/1465/1254
f 720/1440/1229 722/1435/1224 723/1333/1113
f 968/10/10 970/11/1145 949/12/12
f 950/13/1261 968/10/10 949/12/12
f 900/14/1140 899/15/1141 896/16/1262
f 899/15/1141 895/17/1263 896/16/1262
f 900/14/1140 879/18/18 886/19/19
f 900/14/1140 896/16/1262 879/18/18
f 897/20/20 898/21/1149 894/22/22
f 894/22/22 898/21/1149 893/23/23
f 877/24/24 890/25/1137 882/26/1151
f 877/24/24 878/27/1264 890/25/1137
f 898/21/1149 968/10/10 893/23/23
f 893/23/23 968/10/10 950/13/1261
f 886/19/19 879/18/18 887/28/1144
f 879/18/18 876/29/1265 887/28/1144
f 878/27/1264 891/30/1134 890/25/1137
f 875/31/1266 891/30/1134 878/27/1264
f 949/12/12 970/11/1145 891/30/1134
f 875/31/1266 949/12/12 891/30/1134
f 899/15/1141 897/20/20 895/17/1263
f 895/17/1263 897/20/20 894/22/22
f 874/32/1267 882/26/1151 884/33/33
f 874/32/1267 877/24/24 882/26/1151
f 887/28/1144 876/29/1265 884/33/33
f 876/29/1265 874/32/1267 884/33/33
f 2556/1472/1268 2555/1473/1001 321/1474/1269
f 322/1475/1270 2556/1472/1268 321/1474/1269
f 320/1476/1271 321/1474/1269 319/1477/1272
f 322/1475/1270 321/1474/1269 320/1476/1271
f 321/1474/1269 318/1478/1273 319/1477/1272
f 321/1474/1269 2555/1473/1001 318/1478/1273
f 836/1479/1274 2551/1249/1027 840/1248/1026
f 2555/1473/1001 329/1480/1275 318/1478/1273
f 2555/1473/1001 2557/1481/1019 329/1480/1275
f 329/1480/1275 2557/1481/1019 846/1482/1276
f 2557/1481/1019 2551/1249/1027 836/1479/1274
f 846/1482/1276 2557/1481/1019 836/1479/1274
f 323/1483/1277 2558/1484/1278 322/1475/1270
f 2558/1484/1278 2556/1472/1268 322/1475/1270
f 2/1485/1279 2559/1486/1280 323/1483/1277
f 2559/1486/1280 2558/1484/1278 323/1483/1277
f 298/1487/1281 301/1488/1282 297/1489/1283
f 298/1487/1281 300/1490/1284 301/1488/1282
f 1555/1491/1285 300/1490/1284 298/1487/1281
f 1559/1492/1286 300/1490/1284 1555/1491/1285
f 2158/1493/1287 299/1494/1288 2159/1495/1289
f 297/1489/1283 299/1494/1288 2160/1496/1290
f 2160/1496/1290 299/1494/1288 2158/1493/1287
f 254/1497/1291 267/1498/1292 253/1499/1293
f 253/1499/1293 267/1498/1292 266/1500/1294
f 1558/1501/1295 1556/1502/1296 254/1497/1291
f 254/1497/1291 1556/1502/1296 267/1498/1292
f 257/1275/1053 252/1503/1297 256/1276/1054
f 257/1275/1053 253/1499/1293 252/1503/1297
f 257/1275/1053 254/1497/1291 253/1499/1293
f 255/1277/1055 254/1497/1291 257/1275/1053
f 255/1277/1055 1558/1501/1295 254/1497/1291
f 1557/1278/1056 1558/1501/1295 255/1277/1055
f 256/1276/1054 733/1504/1298 736/1280/1058
f 256/1276/1054 252/1503/1297 733/1504/1298
f 252/1503/1297 265/1505/1299 733/1504/1298
f 1563/1506/1300 2/1485/1279 1559/1492/1286
f 1559/1492/1286 2/1485/1279 300/1490/1284
f 300/1490/1284 2/1485/1279 309/1507/1301
f 300/1490/1284 309/1507/1301 301/1488/1282
f 301/1488/1282 309/1507/1301 308/1508/1302
f 301/1488/1282 308/1508/1302 299/1494/1288
f 299/1494/1288 308/1508/1302 803/1509/1303
f 299/1494/1288 803/1509/1303 781/1510/1304
f 781/1510/1304 803/1509/1303 780/1511/1305
f 780/1511/1305 803/1509/1303 802/1512/1306
f 780/1511/1305 802/1512/1306 779/1513/1307
f 802/1512/1306 801/1514/1308 779/1513/1307
f 780/1511/1305 779/1513/1307 778/1515/1309
f 923/1516/1310 924/1517/1311 929/1293/1071
f 923/1516/1310 929/1293/1071 928/1292/1070
f 1141/1518/1312 1146/1297/1075 1140/1519/1313
f 1140/1519/1313 1146/1297/1075 1145/1299/1077
f 1139/1520/1314 1172/1301/1079 1138/1521/1315
f 1138/1521/1315 1172/1301/1079 1144/1303/1081
f 1138/1521/1315 1144/1303/1081 1141/1518/1312
f 1141/1518/1312 1144/1303/1081 1146/1297/1075
f 1137/1522/1316 1143/1304/1083 1136/139/140
f 1136/139/140 1143/1304/1083 1142/131/1085
f 1137/1522/1316 1140/1519/1313 1143/1304/1083
f 1140/1519/1313 1145/1299/1077 1143/1304/1083
f 2542/146/147 2548/1523/1317 1938/147/148
f 1170/1524/1318 839/1307/1087 1171/1306/1086
f 835/1525/1319 839/1307/1087 1170/1524/1318
f 1139/1520/1314 1170/1524/1318 1172/1301/1079
f 1170/1524/1318 1171/1306/1086 1172/1301/1079
f 835/1525/1319 838/1310/1090 839/1307/1087
f 834/1526/1320 838/1310/1090 835/1525/1319
f 834/1526/1320 837/1312/1092 838/1310/1090
f 833/1527/1321 837/1312/1092 834/1526/1320
f 833/1527/1321 840/1248/1026 837/1312/1092
f 836/1479/1274 840/1248/1026 833/1527/1321
f 922/1528/1322 928/1292/1070 927/1314/1094
f 922/1528/1322 923/1516/1310 928/1292/1070
f 924/1517/1311 926/1316/1096 929/1293/1071
f 924/1517/1311 1040/1529/1323 926/1316/1096
f 736/1280/1058 732/1530/1324 735/1319/1099
f 733/1504/1298 732/1530/1324 736/1280/1058
f 734/1322/1102 731/1531/1325 873/1320/1100
f 730/1532/1326 731/1531/1325 734/1322/1102
f 735/1319/1099 730/1532/1326 734/1322/1102
f 732/1530/1324 730/1532/1326 735/1319/1099
f 731/1531/1325 921/1533/1327 925/1324/1104
f 731/1531/1325 925/1324/1104 873/1320/1100
f 921/1533/1327 922/1528/1322 927/1314/1094
f 921/1533/1327 927/1314/1094 925/1324/1104
f 1040/1529/1323 1039/1534/1328 926/1316/1096
f 926/1316/1096 1039/1534/1328 1048/1326/1106
f 1038/125/125 1041/5/1329 1047/116/116
f 1039/1534/1328 1037/1535/1330 1048/1326/1106
f 1048/1326/1106 1037/1535/1330 1046/1328/1108
f 1037/1535/1330 1033/124/124 1046/1328/1108
f 1046/1328/1108 1033/124/124 1042/114/114
f 2154/1536/1331 2161/1537/1332 772/1538/1333
f 2154/1536/1331 772/1538/1333 745/1539/1334
f 1032/140/1335 1041/5/1329 1038/125/125
f 1031/126/126 1032/140/1335 1038/125/125
f 1134/1540/1336 1135/144/1337 1132/142/1338
f 1133/1541/1339 1134/1540/1336 1132/142/1338
f 1163/1542/1340 1165/1543/1341 1166/1544/1342
f 1163/1542/1340 1164/1545/1343 1165/1543/1341
f 779/1513/1307 801/1514/1308 800/1546/1344
f 770/1547/1345 777/1548/1346 771/1549/1347
f 770/1547/1345 771/1549/1347 769/1550/1348
f 768/1551/1349 770/1547/1345 769/1550/1348
f 776/1552/1350 799/1553/1351 767/1554/1352
f 767/1554/1352 799/1553/1351 1073/1555/1353
f 777/1548/1346 776/1552/1350 767/1554/1352
f 777/1548/1346 767/1554/1352 771/1549/1347
f 776/1552/1350 800/1546/1344 799/1553/1351
f 779/1513/1307 800/1546/1344 776/1552/1350
f 800/1546/1344 797/1556/1354 798/1557/1355
f 801/1514/1308 797/1556/1354 800/1546/1344
f 919/1558/1356 920/1559/1357 924/1517/1311
f 919/1558/1356 924/1517/1311 923/1516/1310
f 948/1560/1358 946/79/79 947/74/1359
f 948/1560/1358 1072/1561/1360 946/79/79
f 916/66/1361 917/65/1362 918/1562/1363
f 916/66/1361 918/1562/1363 915/1563/1364
f 942/1564/1365 944/68/68 945/1565/1366
f 942/1564/1365 943/77/77 944/68/68
f 1072/1561/1360 1071/60/60 946/79/79
f 1072/1561/1360 1070/1566/1367 1071/60/60
f 945/1565/1366 916/66/1361 915/1563/1364
f 944/68/68 916/66/1361 945/1565/1366
f 1068/61/1368 1069/1567/1369 914/70/1370
f 914/70/1370 1069/1567/1369 1030/1568/1371
f 1071/60/60 1070/1566/1367 1069/1567/1369
f 1071/60/60 1069/1567/1369 1068/61/1368
f 942/1564/1365 941/81/81 943/77/77
f 940/1569/1372 941/81/81 942/1564/1365
f 939/1570/1373 948/1560/1358 938/73/1374
f 938/73/1374 948/1560/1358 947/74/1359
f 940/1569/1372 938/73/1374 941/81/81
f 939/1570/1373 938/73/1374 940/1569/1372
f 914/70/1370 1030/1568/1371 913/72/72
f 913/72/72 1030/1568/1371 919/1558/1356
f 913/72/72 919/1558/1356 918/1562/1363
f 917/65/1362 913/72/72 918/1562/1363
f 1131/1571/1375 1141/1518/1312 1140/1519/1313
f 1130/1572/1376 1131/1571/1375 1140/1519/1313
f 1128/1573/1377 1129/1574/1378 1134/1540/1336
f 1134/1540/1336 1129/1574/1378 1135/144/1337
f 1161/1575/1379 1128/1573/1377 1134/1540/1336
f 1162/1576/1380 1128/1573/1377 1161/1575/1379
f 1135/144/1337 1137/1522/1316 1136/139/140
f 1129/1574/1378 1137/1522/1316 1135/144/1337
f 1127/1577/1381 1131/1571/1375 1130/1572/1376
f 1126/1578/1382 1127/1577/1381 1130/1572/1376
f 1160/1579/1383 1127/1577/1381 1162/1576/1380
f 1162/1576/1380 1127/1577/1381 1126/1578/1382
f 1128/1573/1377 1126/1578/1382 1129/1574/1378
f 1126/1578/1382 1130/1572/1376 1129/1574/1378
f 1159/1580/1384 1162/1576/1380 1161/1575/1379
f 1130/1572/1376 1140/1519/1313 1137/1522/1316
f 1129/1574/1378 1130/1572/1376 1137/1522/1316
f 1125/141/1385 1133/1541/1339 1132/142/1338
f 1124/1581/1386 1133/1541/1339 1125/141/1385
f 1029/1582/1387 1027/1583/1388 1028/1584/1389
f 1026/1585/1390 1027/1583/1388 1029/1582/1387
f 1027/1583/1388 1025/1586/1391 1028/1584/1389
f 1027/1583/1388 1123/1587/1392 1025/1586/1391
f 1066/1588/1393 1067/1589/1394 1024/1590/1395
f 1024/1590/1395 1067/1589/1394 1023/1591/1396
f 1067/1589/1394 1158/1592/1397 1023/1591/1396
f 1158/1592/1397 1122/1593/1398 1023/1591/1396
f 1065/1594/1399 1066/1588/1393 1024/1590/1395
f 1065/1594/1399 1024/1590/1395 1022/1595/1400
f 1024/1590/1395 1027/1583/1388 1026/1585/1390
f 1024/1590/1395 1023/1591/1396 1027/1583/1388
f 1023/1591/1396 1123/1587/1392 1027/1583/1388
f 1023/1591/1396 1122/1593/1398 1123/1587/1392
f 1022/1595/1400 1026/1585/1390 1021/1596/1401
f 1022/1595/1400 1024/1590/1395 1026/1585/1390
f 1063/1597/1402 1067/1589/1394 1066/1588/1393
f 1063/1597/1402 1064/1598/1403 1067/1589/1394
f 1064/1598/1403 1157/1599/1404 1067/1589/1394
f 1157/1599/1404 1158/1592/1397 1067/1589/1394
f 1026/1585/1390 1029/1582/1387 1021/1596/1401
f 1169/1600/1405 835/1525/1319 1170/1524/1318
f 832/1601/1406 835/1525/1319 1169/1600/1405
f 798/1557/1355 795/1602/1407 796/1603/1408
f 797/1556/1354 795/1602/1407 798/1557/1355
f 795/1602/1407 1163/1542/1340 796/1603/1408
f 795/1602/1407 819/1604/1409 1163/1542/1340
f 819/1604/1409 812/1605/1410 1163/1542/1340
f 1163/1542/1340 812/1605/1410 1164/1545/1343
f 845/1606/1411 832/1601/1406 1156/1607/1412
f 1156/1607/1412 832/1601/1406 1169/1600/1405
f 812/1605/1410 845/1606/1411 1164/1545/1343
f 1164/1545/1343 845/1606/1411 1156/1607/1412
f 1164/1545/1343 1155/1608/1413 1165/1543/1341
f 1164/1545/1343 1156/1607/1412 1155/1608/1413
f 1155/1608/1413 1156/1607/1412 1121/1609/1414
f 1156/1607/1412 1169/1600/1405 1121/1609/1414
f 1169/1600/1405 1170/1524/1318 1121/1609/1414
f 1121/1609/1414 1170/1524/1318 1139/1520/1314
f 1166/1544/1342 1153/1610/1415 1154/1611/1416
f 1166/1544/1342 1165/1543/1341 1153/1610/1415
f 1120/1612/1417 1139/1520/1314 1138/1521/1315
f 1121/1609/1414 1139/1520/1314 1120/1612/1417
f 1119/1613/1418 1121/1609/1414 1120/1612/1417
f 1061/1614/1419 1154/1611/1416 1062/1615/1420
f 1061/1614/1419 1166/1544/1342 1154/1611/1416
f 1155/1608/1413 1121/1609/1414 1119/1613/1418
f 1155/1608/1413 1119/1613/1418 1152/1616/1421
f 831/1617/1422 834/1526/1320 832/1601/1406
f 832/1601/1406 834/1526/1320 835/1525/1319
f 794/1618/1423 818/1619/1424 797/1556/1354
f 797/1556/1354 818/1619/1424 795/1602/1407
f 817/1620/1425 816/1621/1426 819/1604/1409
f 819/1604/1409 816/1621/1426 812/1605/1410
f 818/1619/1424 817/1620/1425 795/1602/1407
f 795/1602/1407 817/1620/1425 819/1604/1409
f 844/1622/1427 831/1617/1422 845/1606/1411
f 845/1606/1411 831/1617/1422 832/1601/1406
f 816/1621/1426 844/1622/1427 812/1605/1410
f 812/1605/1410 844/1622/1427 845/1606/1411
f 793/1623/1428 815/1624/1429 794/1618/1423
f 794/1618/1423 815/1624/1429 818/1619/1424
f 307/1625/1430 815/1624/1429 793/1623/1428
f 307/1625/1430 317/1626/1431 815/1624/1429
f 317/1626/1431 814/1627/1432 815/1624/1429
f 317/1626/1431 319/1477/1272 814/1627/1432
f 815/1624/1429 817/1620/1425 818/1619/1424
f 815/1624/1429 814/1627/1432 817/1620/1425
f 814/1627/1432 813/1628/1433 817/1620/1425
f 817/1620/1425 813/1628/1433 816/1621/1426
f 319/1477/1272 813/1628/1433 814/1627/1432
f 319/1477/1272 318/1478/1273 813/1628/1433
f 318/1478/1273 329/1480/1275 813/1628/1433
f 813/1628/1433 329/1480/1275 843/1629/1434
f 813/1628/1433 843/1629/1434 816/1621/1426
f 816/1621/1426 843/1629/1434 844/1622/1427
f 843/1629/1434 842/1630/1435 844/1622/1427
f 844/1622/1427 842/1630/1435 831/1617/1422
f 329/1480/1275 846/1482/1276 843/1629/1434
f 843/1629/1434 846/1482/1276 842/1630/1435
f 846/1482/1276 836/1479/1274 842/1630/1435
f 842/1630/1435 836/1479/1274 833/1527/1321
f 842/1630/1435 833/1527/1321 831/1617/1422
f 831/1617/1422 833/1527/1321 834/1526/1320
f 937/1631/1436 915/1563/1364 921/1533/1327
f 945/1565/1366 915/1563/1364 937/1631/1436
f 919/1558/1356 1030/1568/1371 920/1559/1357
f 1030/1568/1371 1020/1632/1437 920/1559/1357
f 1030/1568/1371 1019/1633/1438 1020/1632/1437
f 1069/1567/1369 1019/1633/1438 1030/1568/1371
f 1070/1566/1367 1060/1634/1439 1019/1633/1438
f 1070/1566/1367 1019/1633/1438 1069/1567/1369
f 915/1563/1364 922/1528/1322 921/1533/1327
f 915/1563/1364 918/1562/1363 922/1528/1322
f 771/1549/1347 948/1560/1358 939/1570/1373
f 771/1549/1347 767/1554/1352 948/1560/1358
f 1073/1555/1353 1060/1634/1439 1070/1566/1367
f 1072/1561/1360 1073/1555/1353 1070/1566/1367
f 767/1554/1352 1073/1555/1353 1072/1561/1360
f 767/1554/1352 1072/1561/1360 948/1560/1358
f 1019/1633/1438 1059/1635/1440 1018/1636/1441
f 1060/1634/1439 1059/1635/1440 1019/1633/1438
f 1020/1632/1437 1018/1636/1441 1017/1637/1442
f 1019/1633/1438 1018/1636/1441 1020/1632/1437
f 920/1559/1357 1020/1632/1437 1016/1638/1443
f 1020/1632/1437 1017/1637/1442 1016/1638/1443
f 920/1559/1357 1040/1529/1323 924/1517/1311
f 920/1559/1357 1016/1638/1443 1040/1529/1323
f 918/1562/1363 919/1558/1356 923/1516/1310
f 918/1562/1363 923/1516/1310 922/1528/1322
f 936/1639/1444 945/1565/1366 937/1631/1436
f 936/1639/1444 942/1564/1365 945/1565/1366
f 936/1639/1444 940/1569/1372 942/1564/1365
f 769/1550/1348 940/1569/1372 936/1639/1444
f 769/1550/1348 939/1570/1373 940/1569/1372
f 769/1550/1348 771/1549/1347 939/1570/1373
f 308/1508/1302 793/1623/1428 803/1509/1303
f 308/1508/1302 307/1625/1430 793/1623/1428
f 803/1509/1303 793/1623/1428 802/1512/1306
f 802/1512/1306 793/1623/1428 794/1618/1423
f 745/1539/1334 766/1640/1445 744/1641/1446
f 772/1538/1333 766/1640/1445 745/1539/1334
f 772/1538/1333 775/1642/1447 766/1640/1445
f 766/1640/1445 775/1642/1447 774/1643/1448
f 775/1642/1447 781/1510/1304 774/1643/1448
f 774/1643/1448 781/1510/1304 780/1511/1305
f 730/1532/1326 729/1644/1449 731/1531/1325
f 743/1645/1450 729/1644/1449 730/1532/1326
f 732/1530/1324 743/1645/1450 730/1532/1326
f 742/1646/1451 743/1645/1450 732/1530/1324
f 937/1631/1436 921/1533/1327 729/1644/1449
f 729/1644/1449 921/1533/1327 731/1531/1325
f 770/1547/1345 778/1515/1309 777/1548/1346
f 773/1647/1452 778/1515/1309 770/1547/1345
f 774/1643/1448 780/1511/1305 773/1647/1452
f 773/1647/1452 780/1511/1305 778/1515/1309
f 766/1640/1445 774/1643/1448 765/1648/1453
f 765/1648/1453 774/1643/1448 773/1647/1452
f 765/1648/1453 770/1547/1345 768/1551/1349
f 773/1647/1452 770/1547/1345 765/1648/1453
f 778/1515/1309 779/1513/1307 777/1548/1346
f 777/1548/1346 779/1513/1307 776/1552/1350
f 729/1644/1449 936/1639/1444 937/1631/1436
f 764/1649/1454 936/1639/1444 729/1644/1449
f 764/1649/1454 769/1550/1348 936/1639/1444
f 768/1551/1349 769/1550/1348 764/1649/1454
f 802/1512/1306 794/1618/1423 801/1514/1308
f 801/1514/1308 794/1618/1423 797/1556/1354
f 744/1641/1446 765/1648/1453 741/1650/1455
f 766/1640/1445 765/1648/1453 744/1641/1446
f 742/1646/1451 741/1650/1455 743/1645/1450
f 744/1641/1446 741/1650/1455 742/1646/1451
f 743/1645/1450 764/1649/1454 729/1644/1449
f 741/1650/1455 764/1649/1454 743/1645/1450
f 765/1648/1453 768/1551/1349 741/1650/1455
f 741/1650/1455 768/1551/1349 764/1649/1454
f 1127/1577/1381 1119/1613/1418 1131/1571/1375
f 1119/1613/1418 1120/1612/1417 1131/1571/1375
f 1152/1616/1421 1127/1577/1381 1160/1579/1383
f 1152/1616/1421 1119/1613/1418 1127/1577/1381
f 1131/1571/1375 1138/1521/1315 1141/1518/1312
f 1120/1612/1417 1138/1521/1315 1131/1571/1375
f 1016/1638/1443 1017/1637/1442 1015/1651/1456
f 1017/1637/1442 1014/1652/1457 1015/1651/1456
f 1016/1638/1443 1015/1651/1456 1040/1529/1323
f 1040/1529/1323 1015/1651/1456 1039/1534/1328
f 1065/1594/1399 1063/1597/1402 1066/1588/1393
f 1012/1653/1458 1013/1654/1459 1014/1652/1457
f 1011/1655/1460 1012/1653/1458 1014/1652/1457
f 1015/1651/1456 1014/1652/1457 1010/1656/1461
f 1014/1652/1457 1013/1654/1459 1010/1656/1461
f 1032/140/1335 1118/143/1462 1041/5/1329
f 1123/1587/1392 1124/1581/1386 1125/141/1385
f 1122/1593/1398 1124/1581/1386 1123/1587/1392
f 1029/1582/1387 1028/1584/1389 1032/140/1335
f 1029/1582/1387 1032/140/1335 1031/126/126
f 1025/1586/1391 1118/143/1462 1028/1584/1389
f 1028/1584/1389 1118/143/1462 1032/140/1335
f 1123/1587/1392 1125/141/1385 1025/1586/1391
f 1025/1586/1391 1125/141/1385 1118/143/1462
f 1151/1657/1463 1124/1581/1386 1158/1592/1397
f 1158/1592/1397 1124/1581/1386 1122/1593/1398
f 1012/1653/1458 1021/1596/1401 1013/1654/1459
f 1022/1595/1400 1021/1596/1401 1012/1653/1458
f 1021/1596/1401 1029/1582/1387 1013/1654/1459
f 1013/1654/1459 1029/1582/1387 1031/126/126
f 1015/1651/1456 1010/1656/1461 1039/1534/1328
f 1039/1534/1328 1010/1656/1461 1037/1535/1330
f 1013/1654/1459 1031/126/126 1009/127/127
f 1150/1658/1464 1151/1657/1463 1157/1599/1404
f 1157/1599/1404 1151/1657/1463 1158/1592/1397
f 1149/1659/1465 1150/1658/1464 1157/1599/1404
f 1149/1659/1465 1157/1599/1404 1064/1598/1403
f 1058/1660/1466 1149/1659/1465 1063/1597/1402
f 1063/1597/1402 1149/1659/1465 1064/1598/1403
f 1057/1661/1467 1058/1660/1466 1065/1594/1399
f 1058/1660/1466 1063/1597/1402 1065/1594/1399
f 1057/1661/1467 1065/1594/1399 1012/1653/1458
f 1012/1653/1458 1065/1594/1399 1022/1595/1400
f 1159/1580/1384 1160/1579/1383 1162/1576/1380
f 1148/1662/1468 1160/1579/1383 1159/1580/1384
f 1147/1663/1469 1148/1662/1468 1159/1580/1384
f 1056/1664/1470 1148/1662/1468 1147/1663/1469
f 1018/1636/1441 1055/1665/1471 1011/1655/1460
f 1059/1635/1440 1055/1665/1471 1018/1636/1441
f 1053/1666/1472 1054/1667/1473 1055/1665/1471
f 1059/1635/1440 1053/1666/1472 1055/1665/1471
f 1056/1664/1470 1147/1663/1469 1054/1667/1473
f 1053/1666/1472 1056/1664/1470 1054/1667/1473
f 1017/1637/1442 1011/1655/1460 1014/1652/1457
f 1018/1636/1441 1011/1655/1460 1017/1637/1442
f 1159/1580/1384 1161/1575/1379 1150/1658/1464
f 1150/1658/1464 1161/1575/1379 1151/1657/1463
f 1058/1660/1466 1147/1663/1469 1149/1659/1465
f 1054/1667/1473 1147/1663/1469 1058/1660/1466
f 1054/1667/1473 1058/1660/1466 1055/1665/1471
f 1055/1665/1471 1058/1660/1466 1057/1661/1467
f 1055/1665/1471 1057/1661/1467 1011/1655/1460
f 1011/1655/1460 1057/1661/1467 1012/1653/1458
f 1149/1659/1465 1159/1580/1384 1150/1658/1464
f 1147/1663/1469 1159/1580/1384 1149/1659/1465
f 1161/1575/1379 1133/1541/1339 1151/1657/1463
f 1151/1657/1463 1133/1541/1339 1124/1581/1386
f 1162/1576/1380 1126/1578/1382 1128/1573/1377
f 1161/1575/1379 1134/1540/1336 1133/1541/1339
f 1154/1611/1416 1153/1610/1415 1148/1662/1468
f 1154/1611/1416 1148/1662/1468 1056/1664/1470
f 1062/1615/1420 1154/1611/1416 1053/1666/1472
f 1053/1666/1472 1154/1611/1416 1056/1664/1470
f 1060/1634/1439 1062/1615/1420 1059/1635/1440
f 1062/1615/1420 1053/1666/1472 1059/1635/1440
f 1153/1610/1415 1160/1579/1383 1148/1662/1468
f 1153/1610/1415 1152/1616/1421 1160/1579/1383
f 1165/1543/1341 1152/1616/1421 1153/1610/1415
f 1165/1543/1341 1155/1608/1413 1152/1616/1421
f 796/1603/1408 1166/1544/1342 1061/1614/1419
f 796/1603/1408 1163/1542/1340 1166/1544/1342
f 799/1553/1351 798/1557/1355 1052/1668/1474
f 800/1546/1344 798/1557/1355 799/1553/1351
f 799/1553/1351 1052/1668/1474 1051/1669/1475
f 799/1553/1351 1051/1669/1475 1073/1555/1353
f 1073/1555/1353 1051/1669/1475 1060/1634/1439
f 1051/1669/1475 1062/1615/1420 1060/1634/1439
f 1052/1668/1474 1062/1615/1420 1051/1669/1475
f 1052/1668/1474 1061/1614/1419 1062/1615/1420
f 798/1557/1355 1061/1614/1419 1052/1668/1474
f 798/1557/1355 796/1603/1408 1061/1614/1419
f 323/1483/1277 320/1476/1271 306/1670/1476
f 323/1483/1277 322/1475/1270 320/1476/1271
f 306/1670/1476 317/1626/1431 307/1625/1430
f 306/1670/1476 320/1476/1271 317/1626/1431
f 309/1507/1301 307/1625/1430 308/1508/1302
f 309/1507/1301 306/1670/1476 307/1625/1430
f 2/1485/1279 306/1670/1476 309/1507/1301
f 2/1485/1279 323/1483/1277 306/1670/1476
f 320/1476/1271 319/1477/1272 317/1626/1431
f 298/1487/1281 297/1489/1283 266/1500/1294
f 267/1498/1292 298/1487/1281 266/1500/1294
f 297/1489/1283 301/1488/1282 299/1494/1288
f 267/1498/1292 1555/1491/1285 298/1487/1281
f 1556/1502/1296 1555/1491/1285 267/1498/1292
f 2150/1671/1477 2154/1536/1331 745/1539/1334
f 733/1504/1298 265/1505/1299 2152/1672/1478
f 265/1505/1299 2155/1673/1479 2152/1672/1478
f 2161/1537/1332 775/1642/1447 772/1538/1333
f 2161/1537/1332 2162/1674/1480 775/1642/1447
f 297/1489/1283 2160/1496/1290 2156/1675/1481
f 266/1500/1294 297/1489/1283 2156/1675/1481
f 2159/1495/1289 781/1510/1304 2162/1674/1480
f 2162/1674/1480 781/1510/1304 775/1642/1447
f 2159/1495/1289 299/1494/1288 781/1510/1304
f 733/1504/1298 2153/1676/1482 732/1530/1324
f 733/1504/1298 2152/1672/1478 2153/1676/1482
f 2153/1676/1482 742/1646/1451 732/1530/1324
f 2151/1677/1483 742/1646/1451 2153/1676/1482
f 253/1499/1293 265/1505/1299 252/1503/1297
f 253/1499/1293 266/1500/1294 265/1505/1299
f 266/1500/1294 2156/1675/1481 265/1505/1299
f 265/1505/1299 2156/1675/1481 2155/1673/1479
f 2150/1671/1477 745/1539/1334 2151/1677/1483
f 2151/1677/1483 745/1539/1334 742/1646/1451
f 745/1539/1334 744/1641/1446 742/1646/1451
f 1050/59/1484 1071/60/60 1068/61/1368
f 1050/59/1484 1068/61/1368 1049/62/62
f 911/63/1485 912/64/64 917/65/1362
f 911/63/1485 917/65/1362 916/66/1361
f 935/67/1486 911/63/1485 916/66/1361
f 944/68/68 935/67/1486 916/66/1361
f 910/69/1487 914/70/1370 909/71/71
f 909/71/71 914/70/1370 913/72/72
f 938/73/1374 947/74/1359 934/75/1488
f 947/74/1359 933/76/1489 934/75/1488
f 1049/62/62 1068/61/1368 910/69/1487
f 910/69/1487 1068/61/1368 914/70/1370
f 943/77/77 935/67/1486 944/68/68
f 943/77/77 932/78/1490 935/67/1486
f 947/74/1359 946/79/79 933/76/1489
f 933/76/1489 946/79/79 931/80/1491
f 946/79/79 1050/59/1484 931/80/1491
f 946/79/79 1071/60/60 1050/59/1484
f 909/71/71 913/72/72 912/64/64
f 912/64/64 913/72/72 917/65/1362
f 941/81/81 938/73/1374 930/82/82
f 938/73/1374 934/75/1488 930/82/82
f 941/81/81 932/78/1490 943/77/77
f 941/81/81 930/82/82 932/78/1490
f 238/1678/1492 2139/1679/1493 237/1680/1494
f 236/1681/1495 2139/1679/1493 238/1678/1492
f 237/1680/1494 2140/1682/1496 235/1683/1497
f 2139/1679/1493 2140/1682/1496 237/1680/1494
f 236/1681/1495 233/1684/1498 2569/1685/1499
f 233/1684/1498 234/1686/1500 2569/1685/1499
f 234/1686/1500 232/1687/1501 2570/1688/1502
f 234/1686/1500 2570/1688/1502 2569/1685/1499
f 230/1689/1503 231/1690/1504 238/1678/1492
f 238/1678/1492 231/1690/1504 236/1681/1495
f 231/1690/1504 229/1691/1505 233/1684/1498
f 231/1690/1504 233/1684/1498 236/1681/1495
f 227/1692/1506 228/1693/1507 230/1689/1503
f 230/1689/1503 228/1693/1507 231/1690/1504
f 228/1693/1507 226/1694/1508 229/1691/1505
f 231/1690/1504 228/1693/1507 229/1691/1505
f 2572/1695/1509 2571/1696/1510 245/1697/1511
f 718/1698/1512 2572/1695/1509 245/1697/1511
f 717/1699/1513 2572/1695/1509 718/1698/1512
f 2573/1700/1514 2572/1695/1509 717/1699/1513
f 717/1699/1513 2574/1701/1515 2573/1700/1514
f 716/1702/1516 2574/1701/1515 717/1699/1513
f 244/1703/1517 2574/1701/1515 716/1702/1516
f 244/1703/1517 2575/1704/1518 2574/1701/1515
f 244/1703/1517 2576/1705/1258 2575/1704/1518
f 2149/1706/1519 2576/1705/1258 244/1703/1517
f 2577/1707/1520 225/1708/1521 2578/1709/1522
f 225/1708/1521 2579/1710/1523 2578/1709/1522
f 225/1708/1521 2580/1711/1524 2579/1710/1523
f 224/1712/1525 2580/1711/1524 225/1708/1521
f 223/1713/1526 2580/1711/1524 224/1712/1525
f 223/1713/1526 2581/1714/1527 2580/1711/1524
f 2582/1715/1257 2581/1714/1527 223/1713/1526
f 222/1716/1528 2582/1715/1257 223/1713/1526
f 2583/1717/1529 2582/1715/1257 222/1716/1528
f 221/1718/1530 2583/1717/1529 222/1716/1528
f 2584/1719/1531 2583/1717/1529 221/1718/1530
f 2584/1719/1531 221/1718/1530 243/1720/1532
f 2571/1696/1510 2584/1719/1531 243/1720/1532
f 2571/1696/1510 243/1720/1532 245/1697/1511
f 219/1721/1533 220/1722/1534 226/1694/1508
f 228/1693/1507 219/1721/1533 226/1694/1508
f 227/1692/1506 219/1721/1533 228/1693/1507
f 242/1723/1535 219/1721/1533 227/1692/1506
f 715/1724/1536 242/1723/1535 227/1692/1506
f 715/1724/1536 227/1692/1506 230/1689/1503
f 241/1725/1537 715/1724/1536 230/1689/1503
f 241/1725/1537 230/1689/1503 238/1678/1492
f 237/1680/1494 241/1725/1537 238/1678/1492
f 237/1680/1494 240/1726/1538 241/1725/1537
f 237/1680/1494 235/1683/1497 240/1726/1538
f 235/1683/1497 239/1727/1539 240/1726/1538
f 235/1683/1497 2141/1728/1540 239/1727/1539
f 2140/1682/1496 2141/1728/1540 235/1683/1497
f 232/1687/1501 2585/1729/1541 2570/1688/1502
f 232/1687/1501 218/1730/1542 2585/1729/1541
f 217/1731/1543 218/1730/1542 232/1687/1501
f 234/1686/1500 217/1731/1543 232/1687/1501
f 216/1732/1544 217/1731/1543 234/1686/1500
f 233/1684/1498 216/1732/1544 234/1686/1500
f 229/1691/1505 216/1732/1544 233/1684/1498
f 229/1691/1505 215/1733/1545 216/1732/1544
f 226/1694/1508 215/1733/1545 229/1691/1505
f 226/1694/1508 220/1722/1534 215/1733/1545
f 715/1724/1536 245/1697/1511 242/1723/1535
f 718/1698/1512 245/1697/1511 715/1724/1536
f 245/1697/1511 219/1721/1533 242/1723/1535
f 245/1697/1511 243/1720/1532 219/1721/1533
f 219/1721/1533 243/1720/1532 220/1722/1534
f 243/1720/1532 221/1718/1530 220/1722/1534
f 220/1722/1534 222/1716/1528 215/1733/1545
f 221/1718/1530 222/1716/1528 220/1722/1534
f 215/1733/1545 223/1713/1526 216/1732/1544
f 222/1716/1528 223/1713/1526 215/1733/1545
f 216/1732/1544 223/1713/1526 217/1731/1543
f 217/1731/1543 223/1713/1526 224/1712/1525
f 217/1731/1543 224/1712/1525 218/1730/1542
f 218/1730/1542 224/1712/1525 225/1708/1521
f 218/1730/1542 2577/1707/1520 2585/1729/1541
f 218/1730/1542 225/1708/1521 2577/1707/1520
f 239/1727/1539 2141/1728/1540 244/1703/1517
f 2141/1728/1540 2149/1706/1519 244/1703/1517
f 240/1726/1538 239/1727/1539 716/1702/1516
f 239/1727/1539 244/1703/1517 716/1702/1516
f 240/1726/1538 716/1702/1516 241/1725/1537
f 241/1725/1537 716/1702/1516 717/1699/1513
f 241/1725/1537 718/1698/1512 715/1724/1536
f 717/1699/1513 718/1698/1512 241/1725/1537
f 291/1734/1546 2163/1735/1547 290/1736/1548
f 289/1737/1549 2163/1735/1547 291/1734/1546
f 289/1737/1549 2164/1738/1550 2163/1735/1547
f 288/1739/1551 2164/1738/1550 289/1737/1549
f 2586/1740/1552 287/1741/1553 290/1736/1548
f 2586/1740/1552 286/1742/1554 287/1741/1553
f 2587/1743/1550 285/1744/1555 286/1742/1554
f 2586/1740/1552 2587/1743/1550 286/1742/1554
f 290/1736/1548 284/1745/1556 291/1734/1546
f 291/1734/1546 284/1745/1556 283/1746/1557
f 287/1741/1553 282/1747/1558 284/1745/1556
f 290/1736/1548 287/1741/1553 284/1745/1556
f 284/1745/1556 281/1748/1559 283/1746/1557
f 283/1746/1557 281/1748/1559 280/1749/1560
f 282/1747/1558 279/1750/1561 281/1748/1559
f 282/1747/1558 281/1748/1559 284/1745/1556
f 264/1751/1562 2588/1752/1563 740/1753/1564
f 264/1751/1562 2589/1754/1565 2588/1752/1563
f 740/1753/1564 2588/1752/1563 739/1755/1566
f 739/1755/1566 2588/1752/1563 2590/1756/1567
f 739/1755/1566 2591/1757/1568 738/1758/1569
f 2590/1756/1567 2591/1757/1568 739/1755/1566
f 738/1758/1569 2591/1757/1568 263/1759/1570
f 2591/1757/1568 2592/1760/1571 263/1759/1570
f 263/1759/1570 2593/1761/1481 2157/1762/1572
f 2592/1760/1571 2593/1761/1481 263/1759/1570
f 2594/1763/1481 278/1764/1573 2595/1765/1572
f 2594/1763/1481 2596/1766/1574 278/1764/1573
f 278/1764/1573 2597/1767/1575 277/1768/1576
f 2596/1766/1574 2597/1767/1575 278/1764/1573
f 277/1768/1576 2597/1767/1575 276/1769/1577
f 2597/1767/1575 2598/1770/1578 276/1769/1577
f 276/1769/1577 2599/1771/1579 275/1772/1580
f 276/1769/1577 2598/1770/1578 2599/1771/1579
f 275/1772/1580 2600/1773/1581 274/1774/1582
f 275/1772/1580 2599/1771/1579 2600/1773/1581
f 262/1775/1583 274/1774/1582 2601/1776/1584
f 274/1774/1582 2600/1773/1581 2601/1776/1584
f 264/1751/1562 262/1775/1583 2589/1754/1565
f 262/1775/1583 2601/1776/1584 2589/1754/1565
f 279/1750/1561 273/1777/1585 281/1748/1559
f 279/1750/1561 272/1778/1586 273/1777/1585
f 281/1748/1559 273/1777/1585 280/1749/1560
f 280/1749/1560 273/1777/1585 261/1779/1587
f 283/1746/1557 280/1749/1560 737/1780/1588
f 280/1749/1560 261/1779/1587 737/1780/1588
f 291/1734/1546 283/1746/1557 260/1781/1589
f 283/1746/1557 737/1780/1588 260/1781/1589
f 291/1734/1546 260/1781/1589 289/1737/1549
f 260/1781/1589 259/1782/1590 289/1737/1549
f 259/1782/1590 288/1739/1551 289/1737/1549
f 259/1782/1590 258/1783/1591 288/1739/1551
f 288/1739/1551 2165/1784/1592 2164/1738/1550
f 258/1783/1591 2165/1784/1592 288/1739/1551
f 2587/1743/1550 2602/1785/1593 285/1744/1555
f 2602/1785/1593 271/1786/1594 285/1744/1555
f 285/1744/1555 270/1787/1595 286/1742/1554
f 285/1744/1555 271/1786/1594 270/1787/1595
f 286/1742/1554 269/1788/1596 287/1741/1553
f 286/1742/1554 270/1787/1595 269/1788/1596
f 287/1741/1553 269/1788/1596 282/1747/1558
f 269/1788/1596 268/1789/1597 282/1747/1558
f 282/1747/1558 268/1789/1597 279/1750/1561
f 268/1789/1597 272/1778/1586 279/1750/1561
f 737/1780/1588 264/1751/1562 740/1753/1564
f 261/1779/1587 264/1751/1562 737/1780/1588
f 261/1779/1587 273/1777/1585 264/1751/1562
f 273/1777/1585 262/1775/1583 264/1751/1562
f 272/1778/1586 262/1775/1583 273/1777/1585
f 272/1778/1586 274/1774/1582 262/1775/1583
f 272/1778/1586 275/1772/1580 274/1774/1582
f 268/1789/1597 275/1772/1580 272/1778/1586
f 268/1789/1597 276/1769/1577 275/1772/1580
f 269/1788/1596 276/1769/1577 268/1789/1597
f 270/1787/1595 276/1769/1577 269/1788/1596
f 277/1768/1576 276/1769/1577 270/1787/1595
f 271/1786/1594 277/1768/1576 270/1787/1595
f 278/1764/1573 277/1768/1576 271/1786/1594
f 2595/1765/1572 278/1764/1573 271/1786/1594
f 2602/1785/1593 2595/1765/1572 271/1786/1594
f 263/1759/1570 2157/1762/1572 2165/1784/1592
f 263/1759/1570 2165/1784/1592 258/1783/1591
f 738/1758/1569 263/1759/1570 258/1783/1591
f 738/1758/1569 258/1783/1591 259/1782/1590
f 260/1781/1589 738/1758/1569 259/1782/1590
f 739/1755/1566 738/1758/1569 260/1781/1589
f 260/1781/1589 740/1753/1564 739/1755/1566
f 737/1780/1588 740/1753/1564 260/1781/1589
f 1/1257/1035 2554/1256/1034 1561/1282/1060
f 1563/1506/1300 2559/1486/1280 2/1485/1279
f 197/758/745 2097/1790/1598 2401/770/757
f 197/758/745 2110/759/746 2097/1790/1598
f 2099/1791/1599 2107/763/750 201/762/749
f 2403/773/759 2099/1791/1599 201/762/749
f 2119/1792/1600 2127/915/750 213/916/795
f 2406/928/797 2119/1792/1600 213/916/795
f 205/919/745 2116/1793/1601 2408/929/798
f 205/919/745 2130/920/746 2116/1793/1601
f 2454/1794/1602 191/1034/890 2096/1795/1603
f 2451/1033/889 191/1034/890 2454/1794/1602
f 2096/1795/1603 191/1034/890 2455/1796/1600
f 2455/1796/1600 191/1034/890 2453/1036/892
f 2499/1797/1600 207/1138/890 2496/1139/892
f 2118/1798/1603 207/1138/890 2499/1797/1600
f 2500/1799/1602 207/1138/890 2118/1798/1603
f 2498/1141/889 207/1138/890 2500/1799/1602
f 1604/1145/928 1603/1144/927 1440/1800/1604
f 1603/1144/927 1202/1801/1605 1440/1800/1604
f 1228/1802/1606 2075/156/157 1931/145/146
f 1202/1801/1605 1216/1803/1607 1210/1804/1608
f 1201/1805/1609 1202/1801/1605 1200/1806/1610
f 1202/1801/1605 1210/1804/1608 1200/1806/1610
f 1440/1800/1604 1202/1801/1605 1201/1805/1609
f 1930/1807/1611 1932/1808/1612 1216/1803/1607
f 1932/1808/1612 1228/1802/1606 1216/1803/1607
f 1216/1803/1607 1218/1809/1613 1219/1810/1614
f 1216/1803/1607 1228/1802/1606 1218/1809/1613
f 2504/1164/946 2075/156/157 1932/1808/1612
f 1932/1808/1612 2075/156/157 1228/1802/1606
f 1210/1804/1608 1216/1803/1607 1209/1811/1615
f 1209/1811/1615 1216/1803/1607 1219/1810/1614
f 1928/1812/1616 1930/1807/1611 1216/1803/1607
f 1928/1812/1616 1216/1803/1607 1202/1801/1605
f 1203/1813/1617 1211/1814/1618 1913/1815/1619
f 1203/1813/1617 1913/1815/1619 1912/1816/1620
f 1199/1817/1621 1209/1811/1615 1203/1813/1617
f 1203/1813/1617 1209/1811/1615 1211/1814/1618
f 1200/1806/1610 1210/1804/1608 1199/1817/1621
f 1210/1804/1608 1209/1811/1615 1199/1817/1621
f 2505/1168/950 1928/1812/1616 1202/1801/1605
f 1603/1144/927 2505/1168/950 1202/1801/1605
f 1228/1802/1606 1931/145/146 1227/1818/1622
f 1227/1818/1622 1938/147/148 1935/1819/1623
f 1931/145/146 1938/147/148 1227/1818/1622
f 1228/1802/1606 1227/1818/1622 1218/1809/1613
f 1218/1809/1613 1227/1818/1622 1226/1820/1624
f 1227/1818/1622 1935/1819/1623 1226/1820/1624
f 1226/1820/1624 1935/1819/1623 1936/1821/1625
f 1560/1175/956 1249/1822/1626 1939/1176/957
f 1249/1822/1626 1256/1823/1627 1248/1824/1628
f 1249/1822/1626 1255/1825/1629 1256/1823/1627
f 1255/1825/1629 1268/1826/1630 1269/1827/1631
f 1255/1825/1629 1269/1827/1631 1256/1823/1627
f 1951/1828/1632 1950/1829/1633 1255/1825/1629
f 1951/1828/1632 1255/1825/1629 1249/1822/1626
f 1990/1830/1634 1268/1826/1630 1950/1829/1633
f 1950/1829/1633 1268/1826/1630 1255/1825/1629
f 1990/1830/1634 1584/1182/963 1268/1826/1630
f 2509/1181/962 1584/1182/963 1990/1830/1634
f 1560/1175/956 1951/1828/1632 1249/1822/1626
f 2510/1183/964 1951/1828/1632 1560/1175/956
f 1174/1831/1635 1181/1832/1636 1927/1833/1637
f 1174/1831/1635 1927/1833/1637 1925/1834/1638
f 1181/1832/1636 1187/1835/1639 1907/1836/1640
f 1181/1832/1636 1907/1836/1640 1927/1833/1637
f 1173/1837/1641 1180/1838/1642 1181/1832/1636
f 1173/1837/1641 1181/1832/1636 1174/1831/1635
f 1180/1838/1642 1186/1839/1643 1187/1835/1639
f 1180/1838/1642 1187/1835/1639 1181/1832/1636
f 1177/1840/1644 1179/1841/1645 1180/1838/1642
f 1177/1840/1644 1180/1838/1642 1173/1837/1641
f 1179/1841/1645 1185/1842/1646 1186/1839/1643
f 1179/1841/1645 1186/1839/1643 1180/1838/1642
f 1248/1824/1628 1256/1823/1627 1179/1841/1645
f 1248/1824/1628 1179/1841/1645 1177/1840/1644
f 1256/1823/1627 1269/1827/1631 1185/1842/1646
f 1256/1823/1627 1185/1842/1646 1179/1841/1645
f 1201/1805/1609 1200/1806/1610 1196/1843/1647
f 1195/1844/1648 1201/1805/1609 1196/1843/1647
f 1196/1843/1647 1199/1817/1621 1191/1845/1649
f 1196/1843/1647 1200/1806/1610 1199/1817/1621
f 1191/1845/1649 1203/1813/1617 1192/1846/1650
f 1191/1845/1649 1199/1817/1621 1203/1813/1617
f 1908/1847/1651 1203/1813/1617 1912/1816/1620
f 1192/1846/1650 1203/1813/1617 1908/1847/1651
f 1604/1145/928 1440/1800/1604 1363/1848/1652
f 1583/1193/974 1604/1145/928 1363/1848/1652
f 1363/1848/1652 1201/1805/1609 1195/1844/1648
f 1440/1800/1604 1201/1805/1609 1363/1848/1652
f 1269/1827/1631 1363/1848/1652 1195/1844/1648
f 1268/1826/1630 1363/1848/1652 1269/1827/1631
f 1269/1827/1631 1195/1844/1648 1196/1843/1647
f 1269/1827/1631 1196/1843/1647 1185/1842/1646
f 1185/1842/1646 1196/1843/1647 1191/1845/1649
f 1185/1842/1646 1191/1845/1649 1186/1839/1643
f 1186/1839/1643 1191/1845/1649 1192/1846/1650
f 1186/1839/1643 1192/1846/1650 1187/1835/1639
f 1187/1835/1639 1192/1846/1650 1908/1847/1651
f 1187/1835/1639 1908/1847/1651 1907/1836/1640
f 1583/1193/974 1363/1848/1652 1584/1182/963
f 1584/1182/963 1363/1848/1652 1268/1826/1630
f 1921/1849/1653 1174/1831/1635 1922/1850/1654
f 1921/1849/1653 1173/1837/1641 1174/1831/1635
f 1922/1850/1654 1174/1831/1635 1925/1834/1638
f 1922/1850/1654 1925/1834/1638 1926/1851/1655
f 1940/1852/1656 1177/1840/1644 1173/1837/1641
f 1940/1852/1656 1173/1837/1641 1921/1849/1653
f 1939/1176/957 1248/1824/1628 1941/1853/1657
f 1939/1176/957 1249/1822/1626 1248/1824/1628
f 1941/1853/1657 1248/1824/1628 1177/1840/1644
f 1941/1853/1657 1177/1840/1644 1940/1852/1656
f 1211/1814/1618 1217/1854/1658 1909/1855/1659
f 1909/1855/1659 1217/1854/1658 1915/1856/1660
f 1217/1854/1658 1226/1820/1624 1914/1857/1661
f 1217/1854/1658 1914/1857/1661 1915/1856/1660
f 1914/1857/1661 1936/1821/1625 1918/1858/1662
f 1226/1820/1624 1936/1821/1625 1914/1857/1661
f 1211/1814/1618 1909/1855/1659 1913/1815/1619
f 1913/1815/1619 1909/1855/1659 1911/1859/1663
f 1218/1809/1613 1226/1820/1624 1217/1854/1658
f 1219/1810/1614 1218/1809/1613 1217/1854/1658
f 1209/1811/1615 1219/1810/1614 1217/1854/1658
f 1209/1811/1615 1217/1854/1658 1211/1814/1618
f 1441/1860/1664 1605/1196/977 1606/1199/980
f 1441/1860/1664 1208/1861/1665 1605/1196/977
f 1933/151/152 2079/148/149 1231/1862/1666
f 1214/1863/1667 1224/1864/1668 1208/1861/1665
f 1206/1865/1669 1208/1861/1665 1207/1866/1670
f 1206/1865/1669 1214/1863/1667 1208/1861/1665
f 1207/1866/1670 1208/1861/1665 1441/1860/1664
f 1224/1864/1668 1934/1867/1671 1937/1868/1672
f 1224/1864/1668 1231/1862/1666 1934/1867/1671
f 1222/1869/1673 1231/1862/1666 1224/1864/1668
f 1221/1870/1674 1222/1869/1673 1224/1864/1668
f 1934/1867/1671 2079/148/149 2513/1215/996
f 1231/1862/1666 2079/148/149 1934/1867/1671
f 1213/1871/1675 1224/1864/1668 1214/1863/1667
f 1221/1870/1674 1224/1864/1668 1213/1871/1675
f 1208/1861/1665 1224/1864/1668 1929/1872/1676
f 1224/1864/1668 1937/1868/1672 1929/1872/1676
f 2521/1873/1677 1212/1874/1678 1204/1875/1679
f 2522/1876/1680 2521/1873/1677 1204/1875/1679
f 1212/1874/1678 1213/1871/1675 1204/1875/1679
f 1204/1875/1679 1213/1871/1675 1205/1877/1681
f 1205/1877/1681 1213/1871/1675 1214/1863/1667
f 1205/1877/1681 1214/1863/1667 1206/1865/1669
f 1208/1861/1665 2515/1218/998 1605/1196/977
f 1208/1861/1665 1929/1872/1676 2515/1218/998
f 1230/1878/1682 1933/151/152 1231/1862/1666
f 2524/1879/1683 2523/165/166 1230/1878/1682
f 1230/1878/1682 2523/165/166 1933/151/152
f 1222/1869/1673 1230/1878/1682 1231/1862/1666
f 1229/1880/1684 1230/1878/1682 1222/1869/1673
f 1229/1880/1684 2524/1879/1683 1230/1878/1682
f 2525/1881/1685 2524/1879/1683 1229/1880/1684
f 1944/1224/1003 1252/1882/1686 1562/1225/1004
f 1251/1883/1687 1258/1884/1688 1252/1882/1686
f 1258/1884/1688 1259/1885/1689 1252/1882/1686
f 1258/1884/1688 1272/1886/1690 1259/1885/1689
f 1272/1886/1690 1271/1887/1691 1259/1885/1689
f 1252/1882/1686 1259/1885/1689 1955/1888/1692
f 1259/1885/1689 1954/1889/1693 1955/1888/1692
f 1259/1885/1689 1271/1887/1691 1954/1889/1693
f 1954/1889/1693 1271/1887/1691 1994/1890/1694
f 1271/1887/1691 1586/1232/1011 1994/1890/1694
f 1994/1890/1694 1586/1232/1011 2519/1231/1010
f 1252/1882/1686 1955/1888/1692 1562/1225/1004
f 1562/1225/1004 1955/1888/1692 2520/1233/1012
f 2526/1891/1637 1183/1892/1695 1176/1893/1696
f 2527/1894/1697 2526/1891/1637 1176/1893/1696
f 2528/1895/1698 1189/1896/1699 1183/1892/1695
f 2526/1891/1637 2528/1895/1698 1183/1892/1695
f 1183/1892/1695 1182/1897/1700 1175/1898/1701
f 1176/1893/1696 1183/1892/1695 1175/1898/1701
f 1189/1896/1699 1188/1899/1702 1182/1897/1700
f 1183/1892/1695 1189/1896/1699 1182/1897/1700
f 1182/1897/1700 1184/1900/1703 1178/1901/1704
f 1175/1898/1701 1182/1897/1700 1178/1901/1704
f 1188/1899/1702 1190/1902/1705 1184/1900/1703
f 1182/1897/1700 1188/1899/1702 1184/1900/1703
f 1184/1900/1703 1258/1884/1688 1251/1883/1687
f 1178/1901/1704 1184/1900/1703 1251/1883/1687
f 1190/1902/1705 1272/1886/1690 1258/1884/1688
f 1184/1900/1703 1190/1902/1705 1258/1884/1688
f 1198/1903/1706 1207/1866/1670 1197/1904/1707
f 1198/1903/1706 1206/1865/1669 1207/1866/1670
f 1194/1905/1708 1205/1877/1681 1198/1903/1706
f 1205/1877/1681 1206/1865/1669 1198/1903/1706
f 1193/1906/1709 1204/1875/1679 1194/1905/1708
f 1204/1875/1679 1205/1877/1681 1194/1905/1708
f 2529/1907/1651 1204/1875/1679 1193/1906/1709
f 2522/1876/1680 1204/1875/1679 2529/1907/1651
f 1364/1908/1710 1606/1199/980 1585/1239/1018
f 1364/1908/1710 1441/1860/1664 1606/1199/980
f 1197/1904/1707 1207/1866/1670 1364/1908/1710
f 1364/1908/1710 1207/1866/1670 1441/1860/1664
f 1272/1886/1690 1364/1908/1710 1271/1887/1691
f 1197/1904/1707 1364/1908/1710 1272/1886/1690
f 1190/1902/1705 1198/1903/1706 1272/1886/1690
f 1198/1903/1706 1197/1904/1707 1272/1886/1690
f 1188/1899/1702 1194/1905/1708 1190/1902/1705
f 1194/1905/1708 1198/1903/1706 1190/1902/1705
f 1189/1896/1699 1193/1906/1709 1188/1899/1702
f 1193/1906/1709 1194/1905/1708 1188/1899/1702
f 2528/1895/1698 2529/1907/1651 1189/1896/1699
f 2529/1907/1651 1193/1906/1709 1189/1896/1699
f 1271/1887/1691 1364/1908/1710 1586/1232/1011
f 1586/1232/1011 1364/1908/1710 1585/1239/1018
f 1176/1893/1696 1175/1898/1701 1923/1909/1711
f 1924/1910/1712 1176/1893/1696 1923/1909/1711
f 2530/1911/1655 2527/1894/1697 1924/1910/1712
f 2527/1894/1697 1176/1893/1696 1924/1910/1712
f 1923/1909/1711 1175/1898/1701 1945/1912/1713
f 1175/1898/1701 1178/1901/1704 1945/1912/1713
f 1251/1883/1687 1252/1882/1686 1944/1224/1003
f 1946/1913/1714 1251/1883/1687 1944/1224/1003
f 1945/1912/1713 1178/1901/1704 1946/1913/1714
f 1178/1901/1704 1251/1883/1687 1946/1913/1714
f 1910/1914/1715 1220/1915/1716 1212/1874/1678
f 1917/1916/1717 1220/1915/1716 1910/1914/1715
f 1916/1917/1718 1229/1880/1684 1220/1915/1716
f 1917/1916/1717 1916/1917/1718 1220/1915/1716
f 2531/1918/1719 2525/1881/1685 1916/1917/1718
f 1916/1917/1718 2525/1881/1685 1229/1880/1684
f 2521/1873/1677 1910/1914/1715 1212/1874/1678
f 2532/1919/1720 1910/1914/1715 2521/1873/1677
f 1220/1915/1716 1229/1880/1684 1222/1869/1673
f 1220/1915/1716 1222/1869/1673 1221/1870/1674
f 1212/1874/1678 1220/1915/1716 1213/1871/1675
f 1220/1915/1716 1221/1870/1674 1213/1871/1675
f 1551/1263/1041 1561/1282/1060 1245/1920/1721
f 1561/1282/1060 2560/1921/1722 2561/1922/1723
f 1561/1282/1060 2561/1922/1723 1245/1920/1721
f 1237/1923/1724 1236/1924/1725 1244/1925/1726
f 1244/1925/1726 1236/1924/1725 1243/1926/1727
f 1235/1927/1728 1236/1924/1725 1237/1923/1724
f 1235/1927/1728 1234/1928/1729 1236/1924/1725
f 1233/1929/1730 1234/1928/1729 1235/1927/1728
f 1233/1929/1730 1245/1920/1721 1234/1928/1729
f 1552/1262/1040 1551/1263/1041 1233/1929/1730
f 1551/1263/1041 1245/1920/1721 1233/1929/1730
f 1554/1272/1050 1235/1927/1728 1553/1273/1051
f 1553/1273/1051 1235/1927/1728 1237/1923/1724
f 1234/1928/1729 2562/1930/1731 2563/1931/1732
f 1234/1928/1729 2563/1931/1732 1236/1924/1725
f 1557/1278/1056 1237/1923/1724 1244/1925/1726
f 1553/1273/1051 1237/1923/1724 1557/1278/1056
f 1236/1924/1725 2564/1932/1733 1243/1926/1727
f 1236/1924/1725 2563/1931/1732 2564/1932/1733
f 1245/1920/1721 2561/1922/1723 2562/1930/1731
f 1245/1920/1721 2562/1930/1731 1234/1928/1729
f 1554/1272/1050 1233/1929/1730 1235/1927/1728
f 1552/1262/1040 1233/1929/1730 1554/1272/1050
f 1246/1933/1734 1563/1506/1300 1559/1492/1286
f 1246/1933/1734 2565/1934/1735 1563/1506/1300
f 2565/1934/1735 2566/1935/1736 1563/1506/1300
f 1244/1925/1726 1241/1936/1737 1242/1937/1738
f 1243/1926/1727 1241/1936/1737 1244/1925/1726
f 1241/1936/1737 1239/1938/1739 1240/1939/1740
f 1242/1937/1738 1241/1936/1737 1240/1939/1740
f 1239/1938/1739 1246/1933/1734 1238/1940/1741
f 1240/1939/1740 1239/1938/1739 1238/1940/1741
f 1238/1940/1741 1559/1492/1286 1555/1491/1285
f 1238/1940/1741 1246/1933/1734 1559/1492/1286
f 1242/1937/1738 1240/1939/1740 1558/1501/1295
f 1558/1501/1295 1240/1939/1740 1556/1502/1296
f 2568/1941/1742 2567/1942/1743 1239/1938/1739
f 1241/1936/1737 2568/1941/1742 1239/1938/1739
f 1557/1278/1056 1242/1937/1738 1558/1501/1295
f 1244/1925/1726 1242/1937/1738 1557/1278/1056
f 1243/1926/1727 2564/1932/1733 1241/1936/1737
f 2564/1932/1733 2568/1941/1742 1241/1936/1737
f 1239/1938/1739 2567/1942/1743 1246/1933/1734
f 2567/1942/1743 2565/1934/1735 1246/1933/1734
f 1556/1502/1296 1238/1940/1741 1555/1491/1285
f 1240/1939/1740 1238/1940/1741 1556/1502/1296
f 1561/1282/1060 2554/1256/1034 2560/1921/1722
f 2566/1935/1736 2559/1486/1280 1563/1506/1300
f 1267/1943/1744 2245/1944/1745 2246/1945/1634
f 2247/1946/1746 2245/1944/1745 1267/1943/1744
f 1266/1947/1747 2248/1948/1748 1267/1943/1744
f 1267/1943/1744 2248/1948/1748 2247/1946/1746
f 1254/1949/1749 2246/1945/1634 2249/1950/1750
f 1267/1943/1744 2246/1945/1634 1254/1949/1749
f 1265/1951/1751 1267/1943/1744 1254/1949/1749
f 1265/1951/1751 1266/1947/1747 1267/1943/1744
f 1247/1952/1752 2249/1950/1750 2250/1953/1753
f 1247/1952/1752 1254/1949/1749 2249/1950/1750
f 1253/1954/1754 1254/1949/1749 1247/1952/1752
f 1253/1954/1754 1265/1951/1751 1254/1949/1749
f 1949/181/182 1567/180/181 2250/1953/1753
f 1567/180/181 1247/1952/1752 2250/1953/1753
f 1564/183/184 1253/1954/1754 1567/180/181
f 1567/180/181 1253/1954/1754 1247/1952/1752
f 1282/1955/1755 2251/1956/1756 2252/1957/1757
f 1283/1958/1758 2251/1956/1756 1282/1955/1755
f 1565/195/196 1263/1959/1759 1264/1960/1760
f 1566/196/197 1263/1959/1759 1565/195/196
f 1263/1959/1759 1261/1961/1761 1262/1962/1762
f 1263/1959/1759 1262/1962/1762 1264/1960/1760
f 1262/1962/1762 1283/1958/1758 1282/1955/1755
f 1261/1961/1761 1283/1958/1758 1262/1962/1762
f 1266/1947/1747 2252/1957/1757 2248/1948/1748
f 1282/1955/1755 2252/1957/1757 1266/1947/1747
f 1564/183/184 1264/1960/1760 1253/1954/1754
f 1565/195/196 1264/1960/1760 1564/183/184
f 1264/1960/1760 1262/1962/1762 1265/1951/1751
f 1264/1960/1760 1265/1951/1751 1253/1954/1754
f 1262/1962/1762 1282/1955/1755 1266/1947/1747
f 1262/1962/1762 1266/1947/1747 1265/1951/1751
f 1969/1963/1763 2253/1964/1764 1283/1958/1758
f 1283/1958/1758 2253/1964/1764 2251/1956/1756
f 1970/1965/1765 1969/1963/1763 1261/1961/1761
f 1261/1961/1761 1969/1963/1763 1283/1958/1758
f 1971/1966/1766 1970/1965/1765 1261/1961/1761
f 1263/1959/1759 1971/1966/1766 1261/1961/1761
f 1957/201/202 1971/1966/1766 1263/1959/1759
f 1566/196/197 1957/201/202 1263/1959/1759
f 1270/1967/1767 2254/1968/1768 2255/1969/1769
f 2256/1970/1694 2254/1968/1768 1270/1967/1767
f 1270/1967/1767 2257/1971/1770 1278/1972/1771
f 2255/1969/1769 2257/1971/1770 1270/1967/1767
f 1257/1973/1772 2256/1970/1694 1270/1967/1767
f 2258/1974/1773 2256/1970/1694 1257/1973/1772
f 1270/1967/1767 1278/1972/1771 1277/1975/1774
f 1257/1973/1772 1270/1967/1767 1277/1975/1774
f 2258/1974/1773 1257/1973/1772 1250/1976/1775
f 2259/1977/1776 2258/1974/1773 1250/1976/1775
f 1257/1973/1772 1277/1975/1774 1260/1978/1777
f 1250/1976/1775 1257/1973/1772 1260/1978/1777
f 2259/1977/1776 1250/1976/1775 1568/208/209
f 2259/1977/1776 1568/208/209 1953/211/212
f 1568/208/209 1260/1978/1777 1569/212/213
f 1250/1976/1775 1260/1978/1777 1568/208/209
f 2261/1979/1778 2260/1980/1779 1285/1981/1780
f 1285/1981/1780 2260/1980/1779 1284/1982/1781
f 1276/1983/1782 1275/1984/1783 1570/225/226
f 1570/225/226 1275/1984/1783 1571/226/227
f 1276/1983/1782 1274/1985/1784 1275/1984/1783
f 1274/1985/1784 1273/1986/1785 1275/1984/1783
f 1285/1981/1780 1284/1982/1781 1274/1985/1784
f 1274/1985/1784 1284/1982/1781 1273/1986/1785
f 2257/1971/1770 2261/1979/1778 1278/1972/1771
f 1278/1972/1771 2261/1979/1778 1285/1981/1780
f 1260/1978/1777 1276/1983/1782 1569/212/213
f 1569/212/213 1276/1983/1782 1570/225/226
f 1260/1978/1777 1277/1975/1774 1276/1983/1782
f 1277/1975/1774 1274/1985/1784 1276/1983/1782
f 1277/1975/1774 1278/1972/1771 1274/1985/1784
f 1278/1972/1771 1285/1981/1780 1274/1985/1784
f 2260/1980/1779 2262/1987/1786 1284/1982/1781
f 1284/1982/1781 2262/1987/1786 2011/1988/1787
f 1284/1982/1781 2011/1988/1787 1273/1986/1785
f 1273/1986/1785 2011/1988/1787 2012/1989/1788
f 1273/1986/1785 2012/1989/1788 2013/1990/1789
f 1273/1986/1785 2013/1990/1789 1275/1984/1783
f 1275/1984/1783 1999/231/232 1571/226/227
f 1275/1984/1783 2013/1990/1789 1999/231/232
f 1614/522/516 1445/1991/1790 1443/1992/1791
f 1602/523/517 1614/522/516 1443/1992/1791
f 1445/1991/1790 1225/1993/1792 1215/1994/1793
f 1443/1992/1791 1445/1991/1790 1215/1994/1793
f 1225/1993/1792 1450/1995/1794 1449/1996/1795
f 1225/1993/1792 1449/1996/1795 1215/1994/1793
f 1450/1995/1794 2369/1997/1796 2370/1998/1797
f 1450/1995/1794 2370/1998/1797 1449/1996/1795
f 1450/1995/1794 1461/1999/1798 2369/1997/1796
f 1461/1999/1798 2371/2000/1799 2369/1997/1796
f 1225/1993/1792 1448/2001/1800 1450/1995/1794
f 1448/2001/1800 1461/1999/1798 1450/1995/1794
f 1445/1991/1790 1447/2002/1801 1225/1993/1792
f 1447/2002/1801 1448/2001/1800 1225/1993/1792
f 1614/522/516 1612/531/525 1445/1991/1790
f 1612/531/525 1447/2002/1801 1445/1991/1790
f 1449/1996/1795 2372/2003/1802 2373/2004/1803
f 1449/1996/1795 2370/1998/1797 2372/2003/1802
f 1215/1994/1793 2373/2004/1803 2374/2005/1804
f 1215/1994/1793 1449/1996/1795 2373/2004/1803
f 1443/1992/1791 2374/2005/1804 2375/2006/1805
f 1443/1992/1791 1215/1994/1793 2374/2005/1804
f 2050/536/530 1602/523/517 2375/2006/1805
f 1602/523/517 1443/1992/1791 2375/2006/1805
f 1479/2007/1806 1480/2008/1807 2376/2009/539
f 1479/2007/1806 2376/2009/539 2377/2010/538
f 1477/2011/1808 1478/2012/1809 1480/2008/1807
f 1477/2011/1808 1480/2008/1807 1479/2007/1806
f 1475/2013/1810 1476/2014/1811 1477/2011/1808
f 1476/2014/1811 1478/2012/1809 1477/2011/1808
f 1622/546/540 1623/547/541 1475/2013/1810
f 1623/547/541 1476/2014/1811 1475/2013/1810
f 1460/2015/1812 1471/2016/1813 2378/2017/1814
f 1471/2016/1813 2379/2018/1815 2378/2017/1814
f 1471/2016/1813 1479/2007/1806 2379/2018/1815
f 2379/2018/1815 1479/2007/1806 2377/2010/538
f 1459/2019/1816 1470/2020/1817 1460/2015/1812
f 1470/2020/1817 1471/2016/1813 1460/2015/1812
f 1470/2020/1817 1477/2011/1808 1479/2007/1806
f 1470/2020/1817 1479/2007/1806 1471/2016/1813
f 1458/2021/1818 1469/2022/1819 1459/2019/1816
f 1459/2019/1816 1469/2022/1819 1470/2020/1817
f 1469/2022/1819 1475/2013/1810 1470/2020/1817
f 1475/2013/1810 1477/2011/1808 1470/2020/1817
f 1618/556/550 1619/557/551 1469/2022/1819
f 1618/556/550 1469/2022/1819 1458/2021/1818
f 1622/546/540 1475/2013/1810 1619/557/551
f 1619/557/551 1475/2013/1810 1469/2022/1819
f 1458/2021/1818 1459/2019/1816 1457/2023/1820
f 1456/2024/1821 1458/2021/1818 1457/2023/1820
f 1459/2019/1816 1460/2015/1812 1455/2025/1822
f 1457/2023/1820 1459/2019/1816 1455/2025/1822
f 1460/2015/1812 2378/2017/1814 2380/2026/1823
f 1455/2025/1822 1460/2015/1812 2380/2026/1823
f 1618/556/550 1458/2021/1818 1456/2024/1821
f 1613/562/556 1618/556/550 1456/2024/1821
f 1456/2024/1821 1457/2023/1820 1448/2001/1800
f 1447/2002/1801 1456/2024/1821 1448/2001/1800
f 1457/2023/1820 1455/2025/1822 1461/1999/1798
f 1448/2001/1800 1457/2023/1820 1461/1999/1798
f 1455/2025/1822 2380/2026/1823 2371/2000/1799
f 1461/1999/1798 1455/2025/1822 2371/2000/1799
f 1613/562/556 1456/2024/1821 1447/2002/1801
f 1612/531/525 1613/562/556 1447/2002/1801
f 1476/2014/1811 2381/2027/1598 1478/2012/1809
f 2381/2027/1598 2382/2028/1824 1478/2012/1809
f 1478/2012/1809 2383/2029/1599 1480/2008/1807
f 1478/2012/1809 2382/2028/1824 2383/2029/1599
f 1623/547/541 2098/564/558 1476/2014/1811
f 2098/564/558 2381/2027/1598 1476/2014/1811
f 1480/2008/1807 2384/2030/560 2376/2009/539
f 1480/2008/1807 2383/2029/1599 2384/2030/560
f 1444/2031/1825 1446/2032/1826 1617/573/567
f 1444/2031/1825 1617/573/567 1607/572/566
f 1223/2033/1827 1232/2034/1828 1446/2032/1826
f 1223/2033/1827 1446/2032/1826 1444/2031/1825
f 1453/2035/1829 1454/2036/1830 1232/2034/1828
f 1223/2033/1827 1453/2035/1829 1232/2034/1828
f 2386/2037/1831 2385/2038/1832 1454/2036/1830
f 1453/2035/1829 2386/2037/1831 1454/2036/1830
f 2385/2038/1832 2387/2039/1833 1468/2040/1834
f 2385/2038/1832 1468/2040/1834 1454/2036/1830
f 1454/2036/1830 1468/2040/1834 1452/2041/1835
f 1454/2036/1830 1452/2041/1835 1232/2034/1828
f 1232/2034/1828 1452/2041/1835 1451/2042/1836
f 1232/2034/1828 1451/2042/1836 1446/2032/1826
f 1446/2032/1826 1451/2042/1836 1615/580/574
f 1446/2032/1826 1615/580/574 1617/573/567
f 2388/2043/1837 2386/2037/1831 1453/2035/1829
f 2389/2044/1838 2388/2043/1837 1453/2035/1829
f 2389/2044/1838 1453/2035/1829 1223/2033/1827
f 2390/2045/1839 2389/2044/1838 1223/2033/1827
f 2390/2045/1839 1223/2033/1827 1444/2031/1825
f 2391/2046/1840 2390/2045/1839 1444/2031/1825
f 2391/2046/1840 1444/2031/1825 1607/572/566
f 2391/2046/1840 1607/572/566 2051/586/580
f 2392/2047/585 1486/2048/1811 1485/2049/1841
f 2393/2050/586 2392/2047/585 1485/2049/1841
f 1486/2048/1811 1484/2051/1809 1483/2052/1842
f 1485/2049/1841 1486/2048/1811 1483/2052/1842
f 1483/2052/1842 1484/2051/1809 1482/2053/1807
f 1483/2052/1842 1482/2053/1807 1481/2054/1843
f 1481/2054/1843 1482/2053/1807 1624/597/588
f 1481/2054/1843 1624/597/588 1625/596/587
f 2395/2055/595 2394/2056/1844 1474/2057/1845
f 2395/2055/595 1474/2057/1845 1467/2058/1846
f 2393/2050/586 1485/2049/1841 2394/2056/1844
f 2394/2056/1844 1485/2049/1841 1474/2057/1845
f 1467/2058/1846 1474/2057/1845 1473/2059/1847
f 1467/2058/1846 1473/2059/1847 1466/2060/1848
f 1485/2049/1841 1483/2052/1842 1473/2059/1847
f 1474/2057/1845 1485/2049/1841 1473/2059/1847
f 1473/2059/1847 1472/2061/1849 1466/2060/1848
f 1466/2060/1848 1472/2061/1849 1465/2062/1850
f 1473/2059/1847 1483/2052/1842 1481/2054/1843
f 1473/2059/1847 1481/2054/1843 1472/2061/1849
f 1472/2061/1849 1620/606/597 1621/607/598
f 1465/2062/1850 1472/2061/1849 1621/607/598
f 1620/606/597 1481/2054/1843 1625/596/587
f 1472/2061/1849 1481/2054/1843 1620/606/597
f 1464/2063/1851 1465/2062/1850 1463/2064/1852
f 1464/2063/1851 1466/2060/1848 1465/2062/1850
f 1462/2065/1853 1466/2060/1848 1464/2063/1851
f 1462/2065/1853 1467/2058/1846 1466/2060/1848
f 2396/2066/1854 1467/2058/1846 1462/2065/1853
f 2396/2066/1854 2395/2055/595 1467/2058/1846
f 1463/2064/1852 1621/607/598 1616/612/603
f 1463/2064/1852 1465/2062/1850 1621/607/598
f 1452/2041/1835 1463/2064/1852 1451/2042/1836
f 1452/2041/1835 1464/2063/1851 1463/2064/1852
f 1468/2040/1834 1464/2063/1851 1452/2041/1835
f 1468/2040/1834 1462/2065/1853 1464/2063/1851
f 2387/2039/1833 1462/2065/1853 1468/2040/1834
f 2387/2039/1833 2396/2066/1854 1462/2065/1853
f 1451/2042/1836 1616/612/603 1615/580/574
f 1451/2042/1836 1463/2064/1852 1616/612/603
f 1484/2051/1809 2397/2067/1599 1482/2053/1807
f 1484/2051/1809 2398/2068/1824 2397/2067/1599
f 1486/2048/1811 2399/2069/1598 1484/2051/1809
f 2399/2069/1598 2398/2068/1824 1484/2051/1809
f 1482/2053/1807 2120/614/604 1624/597/588
f 1482/2053/1807 2397/2067/1599 2120/614/604
f 2392/2047/585 2400/2070/605 1486/2048/1811
f 2400/2070/605 2399/2069/1598 1486/2048/1811
f 2264/235/202 1582/234/235 2267/2071/1766
f 1582/234/235 1281/2072/1855 2267/2071/1766
f 1582/234/235 1574/237/237 1281/2072/1855
f 1574/237/237 1280/2073/1856 1281/2072/1855
f 1279/2074/1857 1959/2075/1858 2268/2076/1859
f 2268/2076/1859 1959/2075/1858 2269/2077/1763
f 1362/2078/1860 1959/2075/1858 1279/2074/1857
f 1362/2078/1860 1960/2079/1861 1959/2075/1858
f 1281/2072/1855 2268/2076/1859 2267/2071/1766
f 1281/2072/1855 1279/2074/1857 2268/2076/1859
f 1280/2073/1856 1279/2074/1857 1281/2072/1855
f 1280/2073/1856 1362/2078/1860 1279/2074/1857
f 1359/2080/1862 1360/2081/1863 1361/2082/1864
f 1359/2080/1862 1361/2082/1864 1358/2083/1865
f 1356/2084/1866 1359/2080/1862 1358/2083/1865
f 1356/2084/1866 1357/2085/1867 1359/2080/1862
f 1358/2083/1865 1354/2086/1868 1355/2087/1869
f 1358/2083/1865 1361/2082/1864 1354/2086/1868
f 1355/2087/1869 1356/2084/1866 1358/2083/1865
f 1356/2084/1866 1353/2088/1870 1357/2085/1867
f 1353/2088/1870 1352/2089/1871 1357/2085/1867
f 1353/2088/1870 1351/2090/1872 1352/2089/1871
f 1351/2090/1872 1350/2091/1873 1352/2089/1871
f 1351/2090/1872 1349/2092/1874 1350/2091/1873
f 1349/2092/1874 1961/2093/1875 1350/2091/1873
f 1349/2092/1874 1962/2094/1876 1961/2093/1875
f 1361/2082/1864 1964/2095/1877 1354/2086/1868
f 1354/2086/1868 1964/2095/1877 1963/2096/1878
f 1357/2085/1867 1352/2089/1871 1348/2097/1879
f 1350/2091/1873 1961/2093/1875 1347/2098/1880
f 1961/2093/1875 2028/2099/1881 1347/2098/1880
f 1352/2089/1871 1350/2091/1873 1346/2100/1882
f 1350/2091/1873 1347/2098/1880 1346/2100/1882
f 1360/2081/1863 1965/2101/1883 1361/2082/1864
f 1361/2082/1864 1965/2101/1883 1964/2095/1877
f 2028/2099/1881 2029/2102/1884 1345/2103/1885
f 1347/2098/1880 2028/2099/1881 1345/2103/1885
f 1345/2103/1885 2029/2102/1884 2030/2104/1886
f 1345/2103/1885 2030/2104/1886 1344/2105/1887
f 1344/2105/1887 2030/2104/1886 1966/2106/1888
f 1344/2105/1887 1966/2106/1888 1343/2107/1889
f 1343/2107/1889 1966/2106/1888 1967/2108/1890
f 1343/2107/1889 1967/2108/1890 1342/2109/1891
f 1342/2109/1891 1967/2108/1890 1968/2110/1892
f 1342/2109/1891 1968/2110/1892 1341/2111/1893
f 1341/2111/1893 1968/2110/1892 1965/2101/1883
f 1341/2111/1893 1965/2101/1883 1360/2081/1863
f 1340/2112/1894 1345/2103/1885 1344/2105/1887
f 1340/2112/1894 1344/2105/1887 1339/2113/1895
f 1339/2113/1895 1344/2105/1887 1343/2107/1889
f 1339/2113/1895 1343/2107/1889 1338/2114/1896
f 1357/2085/1867 1337/2115/1897 1359/2080/1862
f 1357/2085/1867 1348/2097/1879 1337/2115/1897
f 1336/2116/1898 1338/2114/1896 1335/2117/1899
f 1336/2116/1898 1339/2113/1895 1338/2114/1896
f 1337/2115/1897 1336/2116/1898 1335/2117/1899
f 1348/2097/1879 1336/2116/1898 1337/2115/1897
f 1352/2089/1871 1336/2116/1898 1348/2097/1879
f 1352/2089/1871 1346/2100/1882 1336/2116/1898
f 1346/2100/1882 1339/2113/1895 1336/2116/1898
f 1346/2100/1882 1340/2112/1894 1339/2113/1895
f 1346/2100/1882 1347/2098/1880 1340/2112/1894
f 1347/2098/1880 1345/2103/1885 1340/2112/1894
f 1335/2117/1899 1342/2109/1891 1341/2111/1893
f 1337/2115/1897 1335/2117/1899 1341/2111/1893
f 1338/2114/1896 1343/2107/1889 1342/2109/1891
f 1335/2117/1899 1338/2114/1896 1342/2109/1891
f 1337/2115/1897 1341/2111/1893 1359/2080/1862
f 1359/2080/1862 1341/2111/1893 1360/2081/1863
f 1334/2118/1900 2031/2119/1901 1349/2092/1874
f 1349/2092/1874 2031/2119/1901 1962/2094/1876
f 1333/2120/1902 1334/2118/1900 1351/2090/1872
f 1351/2090/1872 1334/2118/1900 1349/2092/1874
f 1332/2121/1903 1333/2120/1902 1351/2090/1872
f 1331/2122/1904 1333/2120/1902 1332/2121/1903
f 1332/2121/1903 1330/2123/1905 1331/2122/1904
f 1330/2123/1905 1329/2124/1906 1331/2122/1904
f 1328/2125/1907 2033/2126/1908 1327/2127/1909
f 2033/2126/1908 2032/2128/1910 1327/2127/1909
f 1330/2123/1905 1328/2125/1907 1329/2124/1906
f 1328/2125/1907 1327/2127/1909 1329/2124/1906
f 2032/2128/1910 2034/2129/1911 1326/2130/1912
f 1327/2127/1909 2032/2128/1910 1326/2130/1912
f 2034/2129/1911 2035/2131/1913 1325/2132/1914
f 1326/2130/1912 2034/2129/1911 1325/2132/1914
f 1325/2132/1914 2035/2131/1913 1324/2133/1915
f 2035/2131/1913 2036/2134/1916 1324/2133/1915
f 1324/2133/1915 2036/2134/1916 2037/2135/1917
f 1324/2133/1915 2037/2135/1917 1323/2136/1918
f 1323/2136/1918 2037/2135/1917 2038/2137/1919
f 1323/2136/1918 2038/2137/1919 1322/2138/1920
f 1322/2138/1920 2038/2137/1919 2031/2119/1901
f 1322/2138/1920 2031/2119/1901 1334/2118/1900
f 1325/2132/1914 1324/2133/1915 1321/2139/1921
f 1321/2139/1921 1324/2133/1915 1320/2140/1922
f 1320/2140/1922 1324/2133/1915 1323/2136/1918
f 1320/2140/1922 1323/2136/1918 1319/2141/1923
f 1318/2142/1924 1319/2141/1923 1317/2143/1925
f 1318/2142/1924 1320/2140/1922 1319/2141/1923
f 1318/2142/1924 1317/2143/1925 1333/2120/1902
f 1331/2122/1904 1318/2142/1924 1333/2120/1902
f 1329/2124/1906 1318/2142/1924 1331/2122/1904
f 1329/2124/1906 1316/2144/1926 1318/2142/1924
f 1316/2144/1926 1320/2140/1922 1318/2142/1924
f 1316/2144/1926 1321/2139/1921 1320/2140/1922
f 1316/2144/1926 1326/2130/1912 1321/2139/1921
f 1326/2130/1912 1325/2132/1914 1321/2139/1921
f 1329/2124/1906 1327/2127/1909 1316/2144/1926
f 1327/2127/1909 1326/2130/1912 1316/2144/1926
f 1317/2143/1925 1322/2138/1920 1334/2118/1900
f 1333/2120/1902 1317/2143/1925 1334/2118/1900
f 1319/2141/1923 1323/2136/1918 1322/2138/1920
f 1317/2143/1925 1319/2141/1923 1322/2138/1920
f 1315/2145/1927 1332/2121/1903 1351/2090/1872
f 1315/2145/1927 1351/2090/1872 1353/2088/1870
f 1575/310/309 1576/311/310 1328/2125/1907
f 1575/310/309 1328/2125/1907 1330/2123/1905
f 1575/310/309 1330/2123/1905 1315/2145/1927
f 1315/2145/1927 1330/2123/1905 1332/2121/1903
f 1576/311/310 2027/312/311 2033/2126/1908
f 1576/311/310 2033/2126/1908 1328/2125/1907
f 1577/313/312 1355/2087/1869 1280/2073/1856
f 1574/237/237 1577/313/312 1280/2073/1856
f 1578/314/313 1356/2084/1866 1355/2087/1869
f 1577/313/312 1578/314/313 1355/2087/1869
f 1579/315/314 1353/2088/1870 1356/2084/1866
f 1578/314/313 1579/315/314 1356/2084/1866
f 1579/315/314 1315/2145/1927 1353/2088/1870
f 1579/315/314 1575/310/309 1315/2145/1927
f 1355/2087/1869 1354/2086/1868 1362/2078/1860
f 1280/2073/1856 1355/2087/1869 1362/2078/1860
f 1362/2078/1860 1963/2096/1878 1960/2079/1861
f 1354/2086/1868 1963/2096/1878 1362/2078/1860
f 2274/2146/1789 1288/2147/1928 1597/316/315
f 2274/2146/1789 1597/316/315 2271/319/317
f 1288/2147/1928 1287/2148/1929 1587/320/318
f 1288/2147/1928 1587/320/318 1597/316/315
f 2275/2149/1788 2001/2150/1930 1286/2151/1931
f 2276/2152/1932 2001/2150/1930 2275/2149/1788
f 2001/2150/1930 2002/2153/1933 1438/2154/1934
f 1286/2151/1931 2001/2150/1930 1438/2154/1934
f 2275/2149/1788 1286/2151/1931 1288/2147/1928
f 2274/2146/1789 2275/2149/1788 1288/2147/1928
f 1286/2151/1931 1438/2154/1934 1287/2148/1929
f 1288/2147/1928 1286/2151/1931 1287/2148/1929
f 1436/2155/1935 1437/2156/1936 1435/2157/1937
f 1437/2156/1936 1434/2158/1938 1435/2157/1937
f 1436/2155/1935 1435/2157/1937 1433/2159/1939
f 1435/2157/1937 1432/2160/1940 1433/2159/1939
f 1431/2161/1941 1437/2156/1936 1436/2155/1935
f 1430/2162/1942 1431/2161/1941 1436/2155/1935
f 1436/2155/1935 1433/2159/1939 1430/2162/1942
f 1432/2160/1940 1428/2163/1943 1429/2164/1944
f 1432/2160/1940 1429/2164/1944 1433/2159/1939
f 1428/2163/1943 1427/2165/1945 1429/2164/1944
f 1425/2166/1946 1426/2167/1947 1427/2165/1945
f 1428/2163/1943 1425/2166/1946 1427/2165/1945
f 2004/2168/1948 2003/2169/1949 1426/2167/1947
f 1425/2166/1946 2004/2168/1948 1426/2167/1947
f 1431/2161/1941 2005/2170/1950 1437/2156/1936
f 2006/2171/1951 2005/2170/1950 1431/2161/1941
f 1424/2172/1952 1428/2163/1943 1432/2160/1940
f 1423/2173/1953 2004/2168/1948 1425/2166/1946
f 1423/2173/1953 2053/2174/1954 2004/2168/1948
f 1422/2175/1955 1425/2166/1946 1428/2163/1943
f 1422/2175/1955 1423/2173/1953 1425/2166/1946
f 2005/2170/1950 2007/2176/1956 1437/2156/1936
f 1437/2156/1936 2007/2176/1956 1434/2158/1938
f 1421/2177/1957 2054/2178/1958 2053/2174/1954
f 1421/2177/1957 2053/2174/1954 1423/2173/1953
f 1420/2179/1959 2055/2180/1960 1421/2177/1957
f 2055/2180/1960 2054/2178/1958 1421/2177/1957
f 1419/2181/1961 2008/2182/1962 1420/2179/1959
f 2008/2182/1962 2055/2180/1960 1420/2179/1959
f 1418/2183/1963 2009/2184/1964 1419/2181/1961
f 2009/2184/1964 2008/2182/1962 1419/2181/1961
f 1417/2185/1965 2010/2186/1966 1418/2183/1963
f 2010/2186/1966 2009/2184/1964 1418/2183/1963
f 1434/2158/1938 2007/2176/1956 1417/2185/1965
f 2007/2176/1956 2010/2186/1966 1417/2185/1965
f 1416/2187/1967 1420/2179/1959 1415/2188/1968
f 1420/2179/1959 1421/2177/1957 1415/2188/1968
f 1419/2181/1961 1420/2179/1959 1416/2187/1967
f 1414/2189/1969 1419/2181/1961 1416/2187/1967
f 1435/2157/1937 1413/2190/1970 1432/2160/1940
f 1413/2190/1970 1424/2172/1952 1432/2160/1940
f 1414/2189/1969 1416/2187/1967 1412/2191/1971
f 1411/2192/1972 1414/2189/1969 1412/2191/1971
f 1413/2190/1970 1412/2191/1971 1424/2172/1952
f 1411/2192/1972 1412/2191/1971 1413/2190/1970
f 1424/2172/1952 1412/2191/1971 1428/2163/1943
f 1412/2191/1971 1422/2175/1955 1428/2163/1943
f 1412/2191/1971 1416/2187/1967 1422/2175/1955
f 1416/2187/1967 1415/2188/1968 1422/2175/1955
f 1415/2188/1968 1421/2177/1957 1423/2173/1953
f 1415/2188/1968 1423/2173/1953 1422/2175/1955
f 1417/2185/1965 1411/2192/1972 1413/2190/1970
f 1417/2185/1965 1418/2183/1963 1411/2192/1972
f 1418/2183/1963 1414/2189/1969 1411/2192/1972
f 1418/2183/1963 1419/2181/1961 1414/2189/1969
f 1434/2158/1938 1417/2185/1965 1435/2157/1937
f 1435/2157/1937 1417/2185/1965 1413/2190/1970
f 1426/2167/1947 2056/2193/1973 1410/2194/1974
f 2003/2169/1949 2056/2193/1973 1426/2167/1947
f 1427/2165/1945 1410/2194/1974 1409/2195/1975
f 1426/2167/1947 1410/2194/1974 1427/2165/1945
f 1408/2196/1976 1409/2195/1975 1407/2197/1977
f 1427/2165/1945 1409/2195/1975 1408/2196/1976
f 1407/2197/1977 1405/2198/1978 1406/2199/1979
f 1407/2197/1977 1406/2199/1979 1408/2196/1976
f 1403/2200/1980 2057/2201/1981 1404/2202/1982
f 1403/2200/1980 2058/2203/1983 2057/2201/1981
f 1405/2198/1978 1404/2202/1982 1406/2199/1979
f 1405/2198/1978 1403/2200/1980 1404/2202/1982
f 1402/2204/1984 2059/2205/1985 2058/2203/1983
f 1402/2204/1984 2058/2203/1983 1403/2200/1980
f 1401/2206/1986 2060/2207/1987 2059/2205/1985
f 1401/2206/1986 2059/2205/1985 1402/2204/1984
f 1400/2208/1988 2061/2209/1989 2060/2207/1987
f 1400/2208/1988 2060/2207/1987 1401/2206/1986
f 1399/2210/1990 2062/2211/1991 1400/2208/1988
f 2062/2211/1991 2061/2209/1989 1400/2208/1988
f 1398/2212/1992 2063/2213/1993 1399/2210/1990
f 2063/2213/1993 2062/2211/1991 1399/2210/1990
f 1410/2194/1974 2056/2193/1973 1398/2212/1992
f 2056/2193/1973 2063/2213/1993 1398/2212/1992
f 1397/2214/1994 1400/2208/1988 1396/2215/1995
f 1396/2215/1995 1400/2208/1988 1401/2206/1986
f 1399/2210/1990 1400/2208/1988 1397/2214/1994
f 1395/2216/1996 1399/2210/1990 1397/2214/1994
f 1395/2216/1996 1397/2214/1994 1394/2217/1997
f 1393/2218/1998 1395/2216/1996 1394/2217/1997
f 1409/2195/1975 1394/2217/1997 1407/2197/1977
f 1409/2195/1975 1393/2218/1998 1394/2217/1997
f 1394/2217/1997 1392/2219/1999 1405/2198/1978
f 1407/2197/1977 1394/2217/1997 1405/2198/1978
f 1394/2217/1997 1397/2214/1994 1392/2219/1999
f 1397/2214/1994 1396/2215/1995 1392/2219/1999
f 1396/2215/1995 1401/2206/1986 1402/2204/1984
f 1396/2215/1995 1402/2204/1984 1392/2219/1999
f 1392/2219/1999 1402/2204/1984 1403/2200/1980
f 1392/2219/1999 1403/2200/1980 1405/2198/1978
f 1410/2194/1974 1393/2218/1998 1409/2195/1975
f 1410/2194/1974 1398/2212/1992 1393/2218/1998
f 1398/2212/1992 1395/2216/1996 1393/2218/1998
f 1398/2212/1992 1399/2210/1990 1395/2216/1996
f 1427/2165/1945 1408/2196/1976 1391/2220/2000
f 1429/2164/1944 1427/2165/1945 1391/2220/2000
f 1406/2199/1979 1404/2202/1982 1589/394/392
f 1404/2202/1982 1588/395/393 1589/394/392
f 1408/2196/1976 1406/2199/1979 1391/2220/2000
f 1391/2220/2000 1406/2199/1979 1589/394/392
f 2057/2201/1981 2052/396/394 1588/395/393
f 1404/2202/1982 2057/2201/1981 1588/395/393
f 1287/2148/1929 1590/397/395 1587/320/318
f 1287/2148/1929 1430/2162/1942 1590/397/395
f 1430/2162/1942 1433/2159/1939 1591/398/396
f 1430/2162/1942 1591/398/396 1590/397/395
f 1433/2159/1939 1592/399/397 1591/398/396
f 1433/2159/1939 1429/2164/1944 1592/399/397
f 1429/2164/1944 1391/2220/2000 1592/399/397
f 1391/2220/2000 1589/394/392 1592/399/397
f 1438/2154/1934 1430/2162/1942 1287/2148/1929
f 1438/2154/1934 1431/2161/1941 1430/2162/1942
f 2002/2153/1933 2006/2171/1951 1438/2154/1934
f 1438/2154/1934 2006/2171/1951 1431/2161/1941
f 2301/2221/1858 1572/401/399 2302/2222/1763
f 2302/2222/1763 1572/401/399 2277/400/398
f 2303/2223/1861 1573/404/401 2301/2221/1858
f 2301/2221/1858 1573/404/401 1572/401/399
f 1314/2224/2001 1599/409/405 1598/406/402
f 1313/2225/2002 1314/2224/2001 1598/406/402
f 1312/2226/2003 1314/2224/2001 1313/2225/2002
f 1311/2227/2004 1600/412/408 1599/409/405
f 1314/2224/2001 1311/2227/2004 1599/409/405
f 2282/414/410 1600/412/408 2304/2228/2005
f 2304/2228/2005 1600/412/408 1311/2227/2004
f 2305/2229/2006 1310/2230/2007 2306/2231/2008
f 1310/2230/2007 1309/2232/2009 2306/2231/2008
f 1307/2233/2010 1309/2232/2009 1310/2230/2007
f 1308/2234/2011 1309/2232/2009 1307/2233/2010
f 2307/2235/2012 1313/2225/2002 1306/2236/2013
f 1306/2236/2013 1313/2225/2002 1305/2237/2014
f 1305/2237/2014 1598/406/402 1601/424/420
f 1313/2225/2002 1598/406/402 1305/2237/2014
f 2307/2235/2012 1304/2238/2015 2308/2239/2016
f 1306/2236/2013 1304/2238/2015 2307/2235/2012
f 1302/2240/2017 1303/2241/2018 1308/2234/2011
f 1302/2240/2017 1308/2234/2011 1307/2233/2010
f 1303/2241/2018 1306/2236/2013 1308/2234/2011
f 2309/2242/2019 1307/2233/2010 1310/2230/2007
f 2309/2242/2019 1310/2230/2007 2305/2229/2006
f 2310/2243/2020 1300/2244/2021 2311/2245/2022
f 2311/2245/2022 1300/2244/2021 1301/2246/2023
f 2310/2243/2020 1299/2247/2024 1300/2244/2021
f 2312/2248/2025 1299/2247/2024 2310/2243/2020
f 1298/2249/2026 1299/2247/2024 1304/2238/2015
f 1300/2244/2021 1299/2247/2024 1298/2249/2026
f 1298/2249/2026 1304/2238/2015 1306/2236/2013
f 1303/2241/2018 1298/2249/2026 1306/2236/2013
f 1297/2250/2027 1298/2249/2026 1303/2241/2018
f 1302/2240/2017 1297/2250/2027 1303/2241/2018
f 1301/2246/2023 1300/2244/2021 1298/2249/2026
f 1301/2246/2023 1298/2249/2026 1297/2250/2027
f 2308/2239/2016 1299/2247/2024 2312/2248/2025
f 1304/2238/2015 1299/2247/2024 2308/2239/2016
f 2313/2251/2028 1302/2240/2017 1307/2233/2010
f 2309/2242/2019 2313/2251/2028 1307/2233/2010
f 2314/2252/2029 2311/2245/2022 1297/2250/2027
f 2311/2245/2022 1301/2246/2023 1297/2250/2027
f 2313/2251/2028 2314/2252/2029 1302/2240/2017
f 2314/2252/2029 1297/2250/2027 1302/2240/2017
f 1306/2236/2013 1305/2237/2014 1308/2234/2011
f 1308/2234/2011 1305/2237/2014 1309/2232/2009
f 2315/2253/2030 1296/2254/2031 1312/2226/2003
f 2315/2253/2030 1312/2226/2003 2316/2255/2032
f 1296/2254/2031 1295/2256/2033 1312/2226/2003
f 1312/2226/2003 1295/2256/2033 1314/2224/2001
f 1295/2256/2033 1294/2257/2034 1311/2227/2004
f 1314/2224/2001 1295/2256/2033 1311/2227/2004
f 2304/2228/2005 1294/2257/2034 2317/2258/2035
f 1311/2227/2004 1294/2257/2034 2304/2228/2005
f 2318/2259/2036 1439/2260/2037 2319/2261/2038
f 2319/2261/2038 1439/2260/2037 1293/2262/2039
f 1292/2263/2040 1439/2260/2037 2318/2259/2036
f 2320/2264/2041 1292/2263/2040 2318/2259/2036
f 1291/2265/2042 1292/2263/2040 1290/2266/2043
f 1291/2265/2042 1439/2260/2037 1292/2263/2040
f 1295/2256/2033 1291/2265/2042 1294/2257/2034
f 1294/2257/2034 1291/2265/2042 1290/2266/2043
f 1289/2267/2044 1291/2265/2042 1295/2256/2033
f 1296/2254/2031 1289/2267/2044 1295/2256/2033
f 1293/2262/2039 1439/2260/2037 1291/2265/2042
f 1289/2267/2044 1293/2262/2039 1291/2265/2042
f 2317/2258/2035 1290/2266/2043 2321/2268/2045
f 1294/2257/2034 1290/2266/2043 2317/2258/2035
f 2321/2268/2045 1292/2263/2040 2320/2264/2041
f 1290/2266/2043 1292/2263/2040 2321/2268/2045
f 2322/2269/2046 1293/2262/2039 1289/2267/2044
f 2319/2261/2038 1293/2262/2039 2322/2269/2046
f 2315/2253/2030 2322/2269/2046 1296/2254/2031
f 2322/2269/2046 1289/2267/2044 1296/2254/2031
f 2316/2255/2032 1312/2226/2003 1313/2225/2002
f 2316/2255/2032 1313/2225/2002 2307/2235/2012
f 1305/2237/2014 1601/424/420 1309/2232/2009
f 1309/2232/2009 1601/424/420 1580/457/453
f 2306/2231/2008 1309/2232/2009 1581/458/454
f 1309/2232/2009 1580/457/453 1581/458/454
f 2306/2231/2008 1581/458/454 2303/2223/1861
f 2303/2223/1861 1581/458/454 1573/404/401
f 2347/2270/1932 1595/460/455 2348/2271/1930
f 2325/462/457 1595/460/455 2347/2270/1932
f 2348/2271/1930 1596/464/458 2349/2272/2047
f 1595/460/455 1596/464/458 2348/2271/1930
f 1608/467/461 1389/2273/2048 1390/2274/2049
f 1608/467/461 1609/466/460 1389/2273/2048
f 1390/2274/2049 1389/2273/2048 1388/2275/2050
f 1609/466/460 1387/2276/2051 1389/2273/2048
f 1609/466/460 1610/471/465 1387/2276/2051
f 1387/2276/2051 1610/471/465 2350/2277/2052
f 2350/2277/2052 1610/471/465 2327/472/466
f 2351/2278/2053 1386/2279/2054 2352/2280/2055
f 2351/2278/2053 1385/2281/2056 1386/2279/2054
f 1386/2279/2054 1385/2281/2056 1384/2282/2057
f 1384/2282/2057 1385/2281/2056 1383/2283/2058
f 1382/2284/2059 1390/2274/2049 1381/2285/2060
f 1381/2285/2060 1390/2274/2049 2353/2286/2061
f 1611/483/477 1608/467/461 1382/2284/2059
f 1382/2284/2059 1608/467/461 1390/2274/2049
f 2353/2286/2061 1380/2287/2062 1381/2285/2060
f 2354/2288/2063 1380/2287/2062 2353/2286/2061
f 1383/2283/2058 1379/2289/2064 1378/2290/2065
f 1384/2282/2057 1383/2283/2058 1378/2290/2065
f 1383/2283/2058 1381/2285/2060 1379/2289/2064
f 2352/2280/2055 1386/2279/2054 2355/2291/2066
f 1386/2279/2054 1384/2282/2057 2355/2291/2066
f 2356/2292/2067 1377/2293/2068 2357/2294/2069
f 1376/2295/2070 1377/2293/2068 2356/2292/2067
f 2357/2294/2069 1375/2296/2071 2358/2297/2072
f 1377/2293/2068 1375/2296/2071 2357/2294/2069
f 1374/2298/2073 1375/2296/2071 1377/2293/2068
f 1380/2287/2062 1375/2296/2071 1374/2298/2073
f 1381/2285/2060 1380/2287/2062 1374/2298/2073
f 1381/2285/2060 1374/2298/2073 1379/2289/2064
f 1379/2289/2064 1373/2299/2074 1378/2290/2065
f 1379/2289/2064 1374/2298/2073 1373/2299/2074
f 1373/2299/2074 1374/2298/2073 1376/2295/2070
f 1374/2298/2073 1377/2293/2068 1376/2295/2070
f 2354/2288/2063 1375/2296/2071 1380/2287/2062
f 2358/2297/2072 1375/2296/2071 2354/2288/2063
f 1384/2282/2057 1378/2290/2065 2359/2300/2075
f 1384/2282/2057 2359/2300/2075 2355/2291/2066
f 1373/2299/2074 2356/2292/2067 2360/2301/1964
f 1373/2299/2074 1376/2295/2070 2356/2292/2067
f 1378/2290/2065 2360/2301/1964 2359/2300/2075
f 1378/2290/2065 1373/2299/2074 2360/2301/1964
f 1383/2283/2058 1382/2284/2059 1381/2285/2060
f 1385/2281/2056 1382/2284/2059 1383/2283/2058
f 1388/2275/2050 1372/2302/2076 2361/2303/2077
f 2362/2304/2078 1388/2275/2050 2361/2303/2077
f 1389/2273/2048 1371/2305/2079 1388/2275/2050
f 1388/2275/2050 1371/2305/2079 1372/2302/2076
f 1387/2276/2051 1371/2305/2079 1389/2273/2048
f 1387/2276/2051 1370/2306/2080 1371/2305/2079
f 2350/2277/2052 1370/2306/2080 1387/2276/2051
f 2363/2307/2081 1370/2306/2080 2350/2277/2052
f 2364/2308/2082 1442/2309/2083 2365/2310/2084
f 1369/2311/2085 1442/2309/2083 2364/2308/2082
f 2365/2310/2084 1368/2312/2086 2366/2313/2087
f 2365/2310/2084 1442/2309/2083 1368/2312/2086
f 1368/2312/2086 1442/2309/2083 1367/2314/2088
f 1366/2315/2089 1368/2312/2086 1367/2314/2088
f 1370/2306/2080 1367/2314/2088 1371/2305/2079
f 1366/2315/2089 1367/2314/2088 1370/2306/2080
f 1371/2305/2079 1365/2316/2090 1372/2302/2076
f 1371/2305/2079 1367/2314/2088 1365/2316/2090
f 1367/2314/2088 1369/2311/2085 1365/2316/2090
f 1367/2314/2088 1442/2309/2083 1369/2311/2085
f 2363/2307/2081 1366/2315/2089 1370/2306/2080
f 2367/2317/2091 1366/2315/2089 2363/2307/2081
f 2367/2317/2091 1368/2312/2086 1366/2315/2089
f 2366/2313/2087 1368/2312/2086 2367/2317/2091
f 2368/2318/2092 1369/2311/2085 2364/2308/2082
f 1365/2316/2090 1369/2311/2085 2368/2318/2092
f 1372/2302/2076 2368/2318/2092 2361/2303/2077
f 1372/2302/2076 1365/2316/2090 2368/2318/2092
f 2353/2286/2061 1390/2274/2049 2362/2304/2078
f 1390/2274/2049 1388/2275/2050 2362/2304/2078
f 1385/2281/2056 1611/483/477 1382/2284/2059
f 1593/516/510 1611/483/477 1385/2281/2056
f 1594/517/511 1593/516/510 1385/2281/2056
f 1594/517/511 1385/2281/2056 2351/2278/2053
f 2349/2272/2047 1594/517/511 2351/2278/2053
f 1596/464/458 1594/517/511 2349/2272/2047
f 1535/2319/2093 1542/2320/2094 1488/2321/2095
f 1488/2321/2095 1542/2320/2094 1499/2322/2096
f 1487/2323/2097 1488/2321/2095 1500/2324/2098
f 1500/2324/2098 1488/2321/2095 1499/2322/2096
f 1487/2323/2097 1536/2325/2099 1488/2321/2095
f 1488/2321/2095 1536/2325/2099 1535/2319/2093
f 1487/2323/2097 1534/2326/2100 1536/2325/2099
f 1489/2327/2101 1534/2326/2100 1487/2323/2097
f 1489/2327/2101 1533/2328/2100 1534/2326/2100
f 1490/2329/2101 1533/2328/2100 1489/2327/2101
f 1490/2329/2101 1532/2330/2100 1533/2328/2100
f 1491/2331/2102 1532/2330/2100 1490/2329/2101
f 1491/2331/2102 1546/2332/2100 1532/2330/2100
f 1492/2333/2101 1546/2332/2100 1491/2331/2102
f 1492/2333/2101 1545/2334/2100 1546/2332/2100
f 1493/2335/2101 1545/2334/2100 1492/2333/2101
f 1493/2335/2101 1544/2336/2103 1545/2334/2100
f 1494/2337/2104 1544/2336/2103 1493/2335/2101
f 1489/2327/2101 1487/2323/2097 1498/2338/2105
f 1498/2338/2105 1487/2323/2097 1500/2324/2098
f 1490/2329/2101 1489/2327/2101 1497/2339/2105
f 1497/2339/2105 1489/2327/2101 1498/2338/2105
f 1491/2331/2102 1490/2329/2101 1496/2340/2105
f 1496/2340/2105 1490/2329/2101 1497/2339/2105
f 1492/2333/2101 1491/2331/2102 1504/2341/2105
f 1504/2341/2105 1491/2331/2102 1496/2340/2105
f 1493/2335/2101 1492/2333/2101 1503/2342/2105
f 1503/2342/2105 1492/2333/2101 1504/2341/2105
f 1494/2337/2104 1493/2335/2101 1502/2343/2106
f 1502/2343/2106 1493/2335/2101 1503/2342/2105
f 1495/2344/2107 1543/2345/2108 1544/2336/2103
f 1495/2344/2107 1544/2336/2103 1494/2337/2104
f 1495/2344/2107 2603/2346/2109 1543/2345/2108
f 2604/2347/1659 2603/2346/2109 1495/2344/2107
f 1495/2344/2107 1494/2337/2104 1501/2348/2110
f 1501/2348/2110 1494/2337/2104 1502/2343/2106
f 2604/2347/1659 1495/2344/2107 2605/2349/2111
f 2605/2349/2111 1495/2344/2107 1501/2348/2110
f 1499/2322/2096 1542/2320/2094 1506/2350/2112
f 1506/2350/2112 1542/2320/2094 1540/2351/2113
f 1500/2324/2098 1506/2350/2112 1505/2352/2114
f 1499/2322/2096 1506/2350/2112 1500/2324/2098
f 1506/2350/2112 1541/2353/2115 1505/2352/2114
f 1540/2351/2113 1541/2353/2115 1506/2350/2112
f 1541/2353/2115 1539/2354/2116 1505/2352/2114
f 1505/2352/2114 1539/2354/2116 1507/2355/2117
f 1539/2354/2116 1538/2356/2116 1507/2355/2117
f 1507/2355/2117 1538/2356/2116 1508/2357/2118
f 1538/2356/2116 1537/2358/2116 1508/2357/2118
f 1508/2357/2118 1537/2358/2116 1509/2359/2118
f 1537/2358/2116 1550/2360/2116 1509/2359/2118
f 1509/2359/2118 1550/2360/2116 1510/2361/2117
f 1550/2360/2116 1549/2362/2116 1510/2361/2117
f 1510/2361/2117 1549/2362/2116 1511/2363/2118
f 1549/2362/2116 1548/2364/2119 1511/2363/2118
f 1511/2363/2118 1548/2364/2119 1512/2365/2120
f 1500/2324/2098 1505/2352/2114 1498/2338/2105
f 1498/2338/2105 1505/2352/2114 1507/2355/2117
f 1498/2338/2105 1507/2355/2117 1497/2339/2105
f 1497/2339/2105 1507/2355/2117 1508/2357/2118
f 1497/2339/2105 1508/2357/2118 1496/2340/2105
f 1496/2340/2105 1508/2357/2118 1509/2359/2118
f 1496/2340/2105 1509/2359/2118 1504/2341/2105
f 1504/2341/2105 1509/2359/2118 1510/2361/2117
f 1504/2341/2105 1510/2361/2117 1503/2342/2105
f 1503/2342/2105 1510/2361/2117 1511/2363/2118
f 1503/2342/2105 1511/2363/2118 1502/2343/2106
f 1502/2343/2106 1511/2363/2118 1512/2365/2120
f 1512/2365/2120 1548/2364/2119 1513/2366/2121
f 1548/2364/2119 1547/2367/2122 1513/2366/2121
f 1547/2367/2122 2606/2368/2123 1513/2366/2121
f 1513/2366/2121 2606/2368/2123 2607/2369/2124
f 1502/2343/2106 1512/2365/2120 1501/2348/2110
f 1501/2348/2110 1512/2365/2120 1513/2366/2121
f 1501/2348/2110 1513/2366/2121 2605/2349/2111
f 2605/2349/2111 1513/2366/2121 2607/2369/2124
f 1515/2370/2125 1901/2371/2126 1542/2320/2094
f 1535/2319/2093 1515/2370/2125 1542/2320/2094
f 1536/2325/2099 1515/2370/2125 1535/2319/2093
f 1536/2325/2099 1514/2372/2127 1515/2370/2125
f 1514/2372/2127 1900/2373/2128 1515/2370/2125
f 1515/2370/2125 1900/2373/2128 1901/2371/2126
f 1534/2326/2100 1516/2374/2129 1514/2372/2127
f 1534/2326/2100 1514/2372/2127 1536/2325/2099
f 1533/2328/2100 1517/2375/2129 1516/2374/2129
f 1533/2328/2100 1516/2374/2129 1534/2326/2100
f 1532/2330/2100 1518/2376/2129 1517/2375/2129
f 1532/2330/2100 1517/2375/2129 1533/2328/2100
f 1546/2332/2100 1519/2377/2129 1518/2376/2129
f 1546/2332/2100 1518/2376/2129 1532/2330/2100
f 1545/2334/2100 1520/2378/2129 1519/2377/2129
f 1545/2334/2100 1519/2377/2129 1546/2332/2100
f 1544/2336/2103 1521/2379/2130 1520/2378/2129
f 1544/2336/2103 1520/2378/2129 1545/2334/2100
f 1514/2372/2127 1902/2380/2131 1900/2373/2128
f 1516/2374/2129 1902/2380/2131 1514/2372/2127
f 1516/2374/2129 1903/2381/2132 1902/2380/2131
f 1517/2375/2129 1903/2381/2132 1516/2374/2129
f 1517/2375/2129 1904/2382/2132 1903/2381/2132
f 1518/2376/2129 1904/2382/2132 1517/2375/2129
f 1518/2376/2129 1905/2383/2131 1904/2382/2132
f 1519/2377/2129 1905/2383/2131 1518/2376/2129
f 1519/2377/2129 1906/2384/2132 1905/2383/2131
f 1520/2378/2129 1906/2384/2132 1519/2377/2129
f 1520/2378/2129 1919/2385/2133 1906/2384/2132
f 1521/2379/2130 1919/2385/2133 1520/2378/2129
f 1543/2345/2108 1522/2386/2134 1521/2379/2130
f 1543/2345/2108 1521/2379/2130 1544/2336/2103
f 2603/2346/2109 2608/2387/2135 1522/2386/2134
f 2603/2346/2109 1522/2386/2134 1543/2345/2108
f 1521/2379/2130 1920/2388/2136 1919/2385/2133
f 1522/2386/2134 1920/2388/2136 1521/2379/2130
f 1522/2386/2134 2609/2389/2137 1920/2388/2136
f 2608/2387/2135 2609/2389/2137 1522/2386/2134
f 1542/2320/2094 1524/2390/2138 1540/2351/2113
f 1542/2320/2094 2610/2391/2139 1524/2390/2138
f 1524/2390/2138 1523/2392/2140 1541/2353/2115
f 1540/2351/2113 1524/2390/2138 1541/2353/2115
f 1524/2390/2138 2611/2393/2141 1523/2392/2140
f 2610/2391/2139 2611/2393/2141 1524/2390/2138
f 1541/2353/2115 1523/2392/2140 1539/2354/2116
f 1523/2392/2140 1525/2394/2142 1539/2354/2116
f 1539/2354/2116 1525/2394/2142 1538/2356/2116
f 1525/2394/2142 1526/2395/2142 1538/2356/2116
f 1538/2356/2116 1526/2395/2142 1537/2358/2116
f 1526/2395/2142 1527/2396/2142 1537/2358/2116
f 1537/2358/2116 1527/2396/2142 1550/2360/2116
f 1527/2396/2142 1528/2397/2142 1550/2360/2116
f 1550/2360/2116 1528/2397/2142 1549/2362/2116
f 1528/2397/2142 1529/2398/2142 1549/2362/2116
f 1549/2362/2116 1529/2398/2142 1548/2364/2119
f 1529/2398/2142 1530/2399/2143 1548/2364/2119
f 2611/2393/2141 2612/2400/2144 1523/2392/2140
f 1523/2392/2140 2612/2400/2144 1525/2394/2142
f 2612/2400/2144 2613/2401/2145 1525/2394/2142
f 1525/2394/2142 2613/2401/2145 1526/2395/2142
f 2613/2401/2145 2614/2402/2146 1526/2395/2142
f 1526/2395/2142 2614/2402/2146 1527/2396/2142
f 2614/2402/2146 2615/2403/2144 1527/2396/2142
f 1527/2396/2142 2615/2403/2144 1528/2397/2142
f 2615/2403/2144 2616/2404/2144 1528/2397/2142
f 1528/2397/2142 2616/2404/2144 1529/2398/2142
f 2616/2404/2144 2617/2405/2147 1529/2398/2142
f 1529/2398/2142 2617/2405/2147 1530/2399/2143
f 1548/2364/2119 1530/2399/2143 1547/2367/2122
f 1530/2399/2143 1531/2406/2148 1547/2367/2122
f 1547/2367/2122 1531/2406/2148 2606/2368/2123
f 1531/2406/2148 2618/2407/2149 2606/2368/2123
f 2617/2405/2147 2619/2408/2150 1530/2399/2143
f 1530/2399/2143 2619/2408/2150 1531/2406/2148
f 2619/2408/2150 2620/2409/1719 1531/2406/2148
f 1531/2406/2148 2620/2409/1719 2618/2407/2149
f 1874/2410/2151 1791/2411/2152 1873/2412/2153
f 1795/2413/2154 1791/2411/2152 1874/2410/2151
f 1873/2412/2153 1789/2414/2155 1871/2415/2156
f 1791/2411/2152 1789/2414/2155 1873/2412/2153
f 1871/2415/2156 1789/2414/2155 1870/2416/2157
f 1870/2416/2157 1789/2414/2155 1788/2417/2158
f 1870/2416/2157 1788/2417/2158 1867/2418/2159
f 1867/2418/2159 1788/2417/2158 1785/2419/2160
f 1827/2420/2161 1822/2421/2162 1754/2422/2163
f 1754/2422/2163 1822/2421/2162 1753/2423/2164
f 1826/2424/2165 1827/2420/2161 1825/2425/2166
f 1825/2425/2166 1827/2420/2161 1754/2422/2163
f 1831/2426/2167 1832/2427/2168 1826/2424/2165
f 1831/2426/2167 1826/2424/2165 1825/2425/2166
f 1831/2426/2167 1830/2428/2169 1832/2427/2168
f 1829/2429/2170 1830/2428/2169 1831/2426/2167
f 1795/2413/2154 1790/2430/2171 1791/2411/2152
f 1794/2431/2172 1790/2430/2171 1795/2413/2154
f 1791/2411/2152 1787/2432/2173 1789/2414/2155
f 1790/2430/2171 1787/2432/2173 1791/2411/2152
f 1789/2414/2155 1787/2432/2173 1788/2417/2158
f 1788/2417/2158 1787/2432/2173 1786/2433/2174
f 1788/2417/2158 1786/2433/2174 1785/2419/2160
f 1785/2419/2160 1786/2433/2174 1784/2434/2175
f 1754/2422/2163 1753/2423/2164 1752/2435/2176
f 1752/2435/2176 1753/2423/2164 1751/2436/2177
f 1869/2437/2178 1870/2416/2157 1868/2438/2179
f 1869/2437/2178 1871/2415/2156 1870/2416/2157
f 1868/2438/2179 1867/2418/2159 1854/2439/2180
f 1868/2438/2179 1870/2416/2157 1867/2418/2159
f 1854/2439/2180 1867/2418/2159 1783/2440/2181
f 1867/2418/2159 1785/2419/2160 1783/2440/2181
f 1783/2440/2181 1785/2419/2160 1782/2441/2182
f 1785/2419/2160 1784/2434/2175 1782/2441/2182
f 1872/2442/2183 1873/2412/2153 1869/2437/2178
f 1873/2412/2153 1871/2415/2156 1869/2437/2178
f 1875/2443/2184 1874/2410/2151 1872/2442/2183
f 1874/2410/2151 1873/2412/2153 1872/2442/2183
f 1793/2444/2185 1874/2410/2151 1875/2443/2184
f 1793/2444/2185 1795/2413/2154 1874/2410/2151
f 1792/2445/2186 1795/2413/2154 1793/2444/2185
f 1792/2445/2186 1794/2431/2172 1795/2413/2154
f 1856/2446/2187 1869/2437/2178 1868/2438/2179
f 1856/2446/2187 1868/2438/2179 1855/2447/2188
f 1872/2442/2183 1869/2437/2178 1856/2446/2187
f 1857/2448/2189 1872/2442/2183 1856/2446/2187
f 1875/2443/2184 1872/2442/2183 1857/2448/2189
f 1859/2449/2190 1875/2443/2184 1857/2448/2189
f 1858/2450/2191 1793/2444/2185 1875/2443/2184
f 1858/2450/2191 1875/2443/2184 1859/2449/2190
f 1855/2447/2188 1868/2438/2179 1854/2439/2180
f 1855/2447/2188 1854/2439/2180 1853/2451/2192
f 1854/2439/2180 1783/2440/2181 1765/2452/2193
f 1853/2451/2192 1854/2439/2180 1765/2452/2193
f 1783/2440/2181 1782/2441/2182 1764/2453/2194
f 1765/2452/2193 1783/2440/2181 1764/2453/2194
f 1823/2454/2195 1856/2446/2187 1855/2447/2188
f 1824/2455/2196 1856/2446/2187 1823/2454/2195
f 1828/2456/2197 1857/2448/2189 1856/2446/2187
f 1828/2456/2197 1856/2446/2187 1824/2455/2196
f 1836/2457/2198 1859/2449/2190 1857/2448/2189
f 1836/2457/2198 1857/2448/2189 1828/2456/2197
f 1858/2450/2191 1859/2449/2190 1836/2457/2198
f 1835/2458/2199 1858/2450/2191 1836/2457/2198
f 1821/2459/2200 1855/2447/2188 1853/2451/2192
f 1823/2454/2195 1855/2447/2188 1821/2459/2200
f 1821/2459/2200 1853/2451/2192 1765/2452/2193
f 1821/2459/2200 1765/2452/2193 1750/2460/2201
f 1750/2460/2201 1765/2452/2193 1764/2453/2194
f 1750/2460/2201 1764/2453/2194 1749/2461/2202
f 1824/2455/2196 1823/2454/2195 1827/2420/2161
f 1826/2424/2165 1824/2455/2196 1827/2420/2161
f 1832/2427/2168 1828/2456/2197 1824/2455/2196
f 1832/2427/2168 1824/2455/2196 1826/2424/2165
f 1830/2428/2169 1836/2457/2198 1828/2456/2197
f 1830/2428/2169 1828/2456/2197 1832/2427/2168
f 1835/2458/2199 1836/2457/2198 1830/2428/2169
f 1829/2429/2170 1835/2458/2199 1830/2428/2169
f 1823/2454/2195 1821/2459/2200 1822/2421/2162
f 1827/2420/2161 1823/2454/2195 1822/2421/2162
f 1822/2421/2162 1821/2459/2200 1750/2460/2201
f 1822/2421/2162 1750/2460/2201 1753/2423/2164
f 1753/2423/2164 1750/2460/2201 1749/2461/2202
f 1753/2423/2164 1749/2461/2202 1751/2436/2177
f 1743/2462/2203 1754/2422/2163 1752/2435/2176
f 1743/2462/2203 1752/2435/2176 1740/2463/2204
f 1825/2425/2166 1754/2422/2163 1743/2462/2203
f 1810/2464/2205 1825/2425/2166 1743/2462/2203
f 1810/2464/2205 1831/2426/2167 1825/2425/2166
f 1813/2465/2206 1831/2426/2167 1810/2464/2205
f 1834/2466/2207 1829/2429/2170 1831/2426/2167
f 1834/2466/2207 1831/2426/2167 1813/2465/2206
f 1833/2467/2208 1835/2458/2199 1829/2429/2170
f 1834/2466/2207 1833/2467/2208 1829/2429/2170
f 1771/2468/2209 1858/2450/2191 1835/2458/2199
f 1833/2467/2208 1771/2468/2209 1835/2458/2199
f 1770/2469/2210 1793/2444/2185 1858/2450/2191
f 1771/2468/2209 1770/2469/2210 1858/2450/2191
f 1769/2470/2211 1792/2445/2186 1793/2444/2185
f 1769/2470/2211 1793/2444/2185 1770/2469/2210
f 1744/2471/2212 1755/2472/2213 2621/2473/2214
f 2622/2474/2215 1744/2471/2212 2621/2473/2214
f 1757/2475/2216 1768/2476/2217 1755/2472/2213
f 1744/2471/2212 1757/2475/2216 1755/2472/2213
f 1779/2477/2218 1767/2478/2219 1768/2476/2217
f 1757/2475/2216 1779/2477/2218 1768/2476/2217
f 1779/2477/2218 1766/2479/2220 1767/2478/2219
f 1778/2480/2221 1766/2479/2220 1779/2477/2218
f 1743/2462/2203 1740/2463/2204 2623/2481/2222
f 2623/2481/2222 1740/2463/2204 2624/2482/2223
f 2623/2481/2222 1810/2464/2205 1743/2462/2203
f 2625/2483/2224 1810/2464/2205 2623/2481/2222
f 2625/2483/2224 1813/2465/2206 1810/2464/2205
f 2626/2484/2225 1813/2465/2206 2625/2483/2224
f 2626/2484/2225 1834/2466/2207 1813/2465/2206
f 2621/2473/2214 1834/2466/2207 2626/2484/2225
f 1755/2472/2213 1833/2467/2208 1834/2466/2207
f 2621/2473/2214 1755/2472/2213 1834/2466/2207
f 1768/2476/2217 1771/2468/2209 1833/2467/2208
f 1755/2472/2213 1768/2476/2217 1833/2467/2208
f 1767/2478/2219 1770/2469/2210 1771/2468/2209
f 1768/2476/2217 1767/2478/2219 1771/2468/2209
f 1766/2479/2220 1769/2470/2211 1770/2469/2210
f 1766/2479/2220 1770/2469/2210 1767/2478/2219
f 1879/2485/2226 1801/2486/2227 1799/2487/2228
f 1878/2488/2229 1801/2486/2227 1879/2485/2226
f 1878/2488/2229 1805/2489/2230 1801/2486/2227
f 1883/2490/2231 1805/2489/2230 1878/2488/2229
f 1882/2491/2232 1805/2489/2230 1883/2490/2231
f 1804/2492/2233 1805/2489/2230 1882/2491/2232
f 1884/2493/2234 1804/2492/2233 1882/2491/2232
f 1809/2494/2235 1804/2492/2233 1884/2493/2234
f 1763/2495/2236 1852/2496/2237 1758/2497/2238
f 1758/2497/2238 1852/2496/2237 1850/2498/2239
f 1758/2497/2238 1850/2498/2239 1849/2499/2240
f 1849/2499/2240 1850/2498/2239 1848/2500/2241
f 1849/2499/2240 1848/2500/2241 1845/2501/2242
f 1848/2500/2241 1844/2502/2243 1845/2501/2242
f 1844/2502/2243 1842/2503/2244 1845/2501/2242
f 1845/2501/2242 1842/2503/2244 1843/2504/2245
f 1799/2487/2228 1800/2505/2246 1798/2506/2247
f 1801/2486/2227 1800/2505/2246 1799/2487/2228
f 1801/2486/2227 1803/2507/2248 1800/2505/2246
f 1805/2489/2230 1803/2507/2248 1801/2486/2227
f 1804/2492/2233 1803/2507/2248 1805/2489/2230
f 1802/2508/2249 1803/2507/2248 1804/2492/2233
f 1809/2494/2235 1802/2508/2249 1804/2492/2233
f 1808/2509/2250 1802/2508/2249 1809/2494/2235
f 1762/2510/2251 1763/2495/2236 1761/2511/2252
f 1761/2511/2252 1763/2495/2236 1758/2497/2238
f 1882/2491/2232 1883/2490/2231 1881/2512/2253
f 1880/2513/2254 1882/2491/2232 1881/2512/2253
f 1884/2493/2234 1882/2491/2232 1880/2513/2254
f 1866/2514/2255 1884/2493/2234 1880/2513/2254
f 1807/2515/2256 1884/2493/2234 1866/2514/2255
f 1807/2515/2256 1809/2494/2235 1884/2493/2234
f 1806/2516/2257 1809/2494/2235 1807/2515/2256
f 1806/2516/2257 1808/2509/2250 1809/2494/2235
f 1881/2512/2253 1878/2488/2229 1877/2517/2258
f 1881/2512/2253 1883/2490/2231 1878/2488/2229
f 1877/2517/2258 1879/2485/2226 1876/2518/2259
f 1877/2517/2258 1878/2488/2229 1879/2485/2226
f 1879/2485/2226 1799/2487/2228 1797/2519/2260
f 1876/2518/2259 1879/2485/2226 1797/2519/2260
f 1799/2487/2228 1798/2506/2247 1796/2520/2261
f 1797/2519/2260 1799/2487/2228 1796/2520/2261
f 1864/2521/2262 1880/2513/2254 1863/2522/2263
f 1880/2513/2254 1881/2512/2253 1863/2522/2263
f 1863/2522/2263 1881/2512/2253 1877/2517/2258
f 1863/2522/2263 1877/2517/2258 1862/2523/2264
f 1862/2523/2264 1877/2517/2258 1876/2518/2259
f 1862/2523/2264 1876/2518/2259 1861/2524/2265
f 1861/2524/2265 1876/2518/2259 1860/2525/2266
f 1876/2518/2259 1797/2519/2260 1860/2525/2266
f 1865/2526/2267 1866/2514/2255 1864/2521/2262
f 1866/2514/2255 1880/2513/2254 1864/2521/2262
f 1781/2527/2268 1807/2515/2256 1866/2514/2255
f 1781/2527/2268 1866/2514/2255 1865/2526/2267
f 1780/2528/2269 1806/2516/2257 1807/2515/2256
f 1780/2528/2269 1807/2515/2256 1781/2527/2268
f 1864/2521/2262 1863/2522/2263 1847/2529/2270
f 1847/2529/2270 1863/2522/2263 1846/2530/2271
f 1846/2530/2271 1863/2522/2263 1841/2531/2272
f 1863/2522/2263 1862/2523/2264 1841/2531/2272
f 1841/2531/2272 1862/2523/2264 1840/2532/2273
f 1862/2523/2264 1861/2524/2265 1840/2532/2273
f 1840/2532/2273 1861/2524/2265 1860/2525/2266
f 1840/2532/2273 1860/2525/2266 1839/2533/2274
f 1865/2526/2267 1864/2521/2262 1851/2534/2275
f 1851/2534/2275 1864/2521/2262 1847/2529/2270
f 1760/2535/2276 1781/2527/2268 1851/2534/2275
f 1781/2527/2268 1865/2526/2267 1851/2534/2275
f 1759/2536/2277 1780/2528/2269 1760/2535/2276
f 1780/2528/2269 1781/2527/2268 1760/2535/2276
f 1850/2498/2239 1847/2529/2270 1846/2530/2271
f 1850/2498/2239 1846/2530/2271 1848/2500/2241
f 1848/2500/2241 1846/2530/2271 1844/2502/2243
f 1846/2530/2271 1841/2531/2272 1844/2502/2243
f 1844/2502/2243 1841/2531/2272 1842/2503/2244
f 1841/2531/2272 1840/2532/2273 1842/2503/2244
f 1842/2503/2244 1840/2532/2273 1839/2533/2274
f 1842/2503/2244 1839/2533/2274 1843/2504/2245
f 1852/2496/2237 1851/2534/2275 1847/2529/2270
f 1852/2496/2237 1847/2529/2270 1850/2498/2239
f 1763/2495/2236 1760/2535/2276 1852/2496/2237
f 1760/2535/2276 1851/2534/2275 1852/2496/2237
f 1762/2510/2251 1759/2536/2277 1763/2495/2236
f 1759/2536/2277 1760/2535/2276 1763/2495/2236
f 1748/2537/2278 1761/2511/2252 1747/2538/2279
f 1761/2511/2252 1758/2497/2238 1747/2538/2279
f 1747/2538/2279 1758/2497/2238 1849/2499/2240
f 1747/2538/2279 1849/2499/2240 1820/2539/2280
f 1849/2499/2240 1845/2501/2242 1820/2539/2280
f 1820/2539/2280 1845/2501/2242 1819/2540/2281
f 1819/2540/2281 1845/2501/2242 1838/2541/2282
f 1845/2501/2242 1843/2504/2245 1838/2541/2282
f 1843/2504/2245 1837/2542/2283 1838/2541/2282
f 1843/2504/2245 1839/2533/2274 1837/2542/2283
f 1839/2533/2274 1777/2543/2284 1837/2542/2283
f 1839/2533/2274 1860/2525/2266 1777/2543/2284
f 1860/2525/2266 1776/2544/2285 1777/2543/2284
f 1860/2525/2266 1797/2519/2260 1776/2544/2285
f 1776/2544/2285 1797/2519/2260 1775/2545/2286
f 1797/2519/2260 1796/2520/2261 1775/2545/2286
f 2627/2546/2287 1744/2471/2212 2622/2474/2215
f 2627/2546/2287 1756/2547/2288 1744/2471/2212
f 1756/2547/2288 1757/2475/2216 1744/2471/2212
f 1756/2547/2288 1774/2548/2289 1757/2475/2216
f 1774/2548/2289 1779/2477/2218 1757/2475/2216
f 1774/2548/2289 1773/2549/2290 1779/2477/2218
f 1773/2549/2290 1772/2550/2291 1779/2477/2218
f 1779/2477/2218 1772/2550/2291 1778/2480/2221
f 2628/2551/2292 1748/2537/2278 2629/2552/2293
f 2629/2552/2293 1748/2537/2278 1747/2538/2279
f 1747/2538/2279 1820/2539/2280 2629/2552/2293
f 2629/2552/2293 1820/2539/2280 2630/2553/2294
f 1820/2539/2280 1819/2540/2281 2630/2553/2294
f 2630/2553/2294 1819/2540/2281 2631/2554/2295
f 1819/2540/2281 1838/2541/2282 2631/2554/2295
f 2631/2554/2295 1838/2541/2282 2627/2546/2287
f 1838/2541/2282 1756/2547/2288 2627/2546/2287
f 1838/2541/2282 1837/2542/2283 1756/2547/2288
f 1837/2542/2283 1774/2548/2289 1756/2547/2288
f 1837/2542/2283 1777/2543/2284 1774/2548/2289
f 1777/2543/2284 1773/2549/2290 1774/2548/2289
f 1777/2543/2284 1776/2544/2285 1773/2549/2290
f 1773/2549/2290 1776/2544/2285 1772/2550/2291
f 1776/2544/2285 1775/2545/2286 1772/2550/2291
f 1690/2410/2296 1730/2411/2297 1732/2413/2298
f 1689/2412/2299 1730/2411/2297 1690/2410/2296
f 1689/2412/2299 1729/2414/2300 1730/2411/2297
f 1687/2415/2301 1729/2414/2300 1689/2412/2299
f 1686/2416/2302 1729/2414/2300 1687/2415/2301
f 1728/2417/2303 1729/2414/2300 1686/2416/2302
f 1683/2418/2304 1728/2417/2303 1686/2416/2302
f 1727/2419/2305 1728/2417/2303 1683/2418/2304
f 1707/2423/2306 1638/2421/2307 1708/2422/2308
f 1708/2422/2308 1638/2421/2307 1643/2420/2309
f 1708/2422/2308 1643/2420/2309 1642/2425/2310
f 1642/2425/2310 1643/2420/2309 1641/2424/2311
f 1642/2425/2310 1641/2424/2311 1648/2426/2312
f 1641/2424/2311 1647/2427/2313 1648/2426/2312
f 1647/2427/2313 1645/2428/2314 1648/2426/2312
f 1648/2426/2312 1645/2428/2314 1646/2429/2315
f 1732/2413/2298 1790/2430/2171 1794/2431/2172
f 1730/2411/2297 1790/2430/2171 1732/2413/2298
f 1730/2411/2297 1787/2432/2173 1790/2430/2171
f 1729/2414/2300 1787/2432/2173 1730/2411/2297
f 1728/2417/2303 1787/2432/2173 1729/2414/2300
f 1786/2433/2174 1787/2432/2173 1728/2417/2303
f 1727/2419/2305 1786/2433/2174 1728/2417/2303
f 1784/2434/2175 1786/2433/2174 1727/2419/2305
f 1751/2436/2177 1707/2423/2306 1752/2435/2176
f 1752/2435/2176 1707/2423/2306 1708/2422/2308
f 1686/2416/2302 1687/2415/2301 1685/2437/2316
f 1684/2438/2317 1686/2416/2302 1685/2437/2316
f 1683/2418/2304 1686/2416/2302 1684/2438/2317
f 1670/2439/2318 1683/2418/2304 1684/2438/2317
f 1726/2440/2319 1683/2418/2304 1670/2439/2318
f 1726/2440/2319 1727/2419/2305 1683/2418/2304
f 1782/2441/2182 1727/2419/2305 1726/2440/2319
f 1782/2441/2182 1784/2434/2175 1727/2419/2305
f 1685/2437/2316 1689/2412/2299 1688/2442/2320
f 1685/2437/2316 1687/2415/2301 1689/2412/2299
f 1688/2442/2320 1690/2410/2296 1691/2443/2321
f 1688/2442/2320 1689/2412/2299 1690/2410/2296
f 1690/2410/2296 1732/2413/2298 1731/2444/2322
f 1691/2443/2321 1690/2410/2296 1731/2444/2322
f 1732/2413/2298 1794/2431/2172 1792/2445/2186
f 1731/2444/2322 1732/2413/2298 1792/2445/2186
f 1672/2447/2323 1684/2438/2317 1671/2446/2324
f 1684/2438/2317 1685/2437/2316 1671/2446/2324
f 1671/2446/2324 1685/2437/2316 1688/2442/2320
f 1671/2446/2324 1688/2442/2320 1673/2448/2325
f 1673/2448/2325 1688/2442/2320 1691/2443/2321
f 1673/2448/2325 1691/2443/2321 1675/2449/2326
f 1675/2449/2326 1691/2443/2321 1674/2450/2327
f 1691/2443/2321 1731/2444/2322 1674/2450/2327
f 1669/2451/2328 1670/2439/2318 1672/2447/2323
f 1670/2439/2318 1684/2438/2317 1672/2447/2323
f 1715/2452/2329 1726/2440/2319 1670/2439/2318
f 1715/2452/2329 1670/2439/2318 1669/2451/2328
f 1764/2453/2194 1782/2441/2182 1726/2440/2319
f 1764/2453/2194 1726/2440/2319 1715/2452/2329
f 1640/2454/2330 1672/2447/2323 1671/2446/2324
f 1640/2454/2330 1671/2446/2324 1639/2455/2331
f 1639/2455/2331 1671/2446/2324 1644/2456/2332
f 1671/2446/2324 1673/2448/2325 1644/2456/2332
f 1644/2456/2332 1673/2448/2325 1652/2457/2333
f 1673/2448/2325 1675/2449/2326 1652/2457/2333
f 1652/2457/2333 1675/2449/2326 1674/2450/2327
f 1652/2457/2333 1674/2450/2327 1651/2458/2334
f 1637/2459/2335 1669/2451/2328 1672/2447/2323
f 1637/2459/2335 1672/2447/2323 1640/2454/2330
f 1706/2460/2336 1715/2452/2329 1637/2459/2335
f 1637/2459/2335 1715/2452/2329 1669/2451/2328
f 1749/2461/2202 1764/2453/2194 1706/2460/2336
f 1706/2460/2336 1764/2453/2194 1715/2452/2329
f 1643/2420/2309 1640/2454/2330 1639/2455/2331
f 1643/2420/2309 1639/2455/2331 1641/2424/2311
f 1641/2424/2311 1639/2455/2331 1647/2427/2313
f 1639/2455/2331 1644/2456/2332 1647/2427/2313
f 1647/2427/2313 1644/2456/2332 1645/2428/2314
f 1644/2456/2332 1652/2457/2333 1645/2428/2314
f 1645/2428/2314 1652/2457/2333 1651/2458/2334
f 1645/2428/2314 1651/2458/2334 1646/2429/2315
f 1638/2421/2307 1637/2459/2335 1640/2454/2330
f 1638/2421/2307 1640/2454/2330 1643/2420/2309
f 1707/2423/2306 1706/2460/2336 1638/2421/2307
f 1706/2460/2336 1637/2459/2335 1638/2421/2307
f 1751/2436/2177 1749/2461/2202 1707/2423/2306
f 1749/2461/2202 1706/2460/2336 1707/2423/2306
f 1740/2463/2204 1752/2435/2176 1702/2462/2337
f 1752/2435/2176 1708/2422/2308 1702/2462/2337
f 1702/2462/2337 1708/2422/2308 1642/2425/2310
f 1702/2462/2337 1642/2425/2310 1626/2464/2338
f 1642/2425/2310 1648/2426/2312 1626/2464/2338
f 1626/2464/2338 1648/2426/2312 1629/2465/2339
f 1629/2465/2339 1648/2426/2312 1650/2466/2340
f 1648/2426/2312 1646/2429/2315 1650/2466/2340
f 1646/2429/2315 1649/2467/2341 1650/2466/2340
f 1646/2429/2315 1651/2458/2334 1649/2467/2341
f 1651/2458/2334 1719/2468/2342 1649/2467/2341
f 1651/2458/2334 1674/2450/2327 1719/2468/2342
f 1674/2450/2327 1718/2469/2343 1719/2468/2342
f 1674/2450/2327 1731/2444/2322 1718/2469/2343
f 1718/2469/2343 1731/2444/2322 1769/2470/2211
f 1731/2444/2322 1792/2445/2186 1769/2470/2211
f 2632/2473/2344 1703/2471/2345 2633/2474/2346
f 2632/2473/2344 1709/2472/2347 1703/2471/2345
f 1709/2472/2347 1711/2475/2348 1703/2471/2345
f 1709/2472/2347 1717/2476/2349 1711/2475/2348
f 1717/2476/2349 1724/2477/2350 1711/2475/2348
f 1717/2476/2349 1716/2478/2351 1724/2477/2350
f 1716/2478/2351 1766/2479/2220 1724/2477/2350
f 1724/2477/2350 1766/2479/2220 1778/2480/2221
f 2624/2482/2223 1740/2463/2204 2634/2481/2352
f 2634/2481/2352 1740/2463/2204 1702/2462/2337
f 1702/2462/2337 1626/2464/2338 2634/2481/2352
f 2634/2481/2352 1626/2464/2338 2635/2483/2353
f 1626/2464/2338 1629/2465/2339 2635/2483/2353
f 2635/2483/2353 1629/2465/2339 2636/2484/2354
f 1629/2465/2339 1650/2466/2340 2636/2484/2354
f 2636/2484/2354 1650/2466/2340 2632/2473/2344
f 1650/2466/2340 1709/2472/2347 2632/2473/2344
f 1650/2466/2340 1649/2467/2341 1709/2472/2347
f 1649/2467/2341 1717/2476/2349 1709/2472/2347
f 1649/2467/2341 1719/2468/2342 1717/2476/2349
f 1719/2468/2342 1716/2478/2351 1717/2476/2349
f 1719/2468/2342 1718/2469/2343 1716/2478/2351
f 1716/2478/2351 1718/2469/2343 1766/2479/2220
f 1718/2469/2343 1769/2470/2211 1766/2479/2220
f 1695/2485/2355 1735/2486/2356 1694/2488/2357
f 1734/2487/2358 1735/2486/2356 1695/2485/2355
f 1694/2488/2357 1737/2489/2359 1699/2490/2360
f 1735/2486/2356 1737/2489/2359 1694/2488/2357
f 1699/2490/2360 1737/2489/2359 1698/2491/2361
f 1698/2491/2361 1737/2489/2359 1736/2492/2362
f 1698/2491/2361 1736/2492/2362 1700/2493/2363
f 1700/2493/2363 1736/2492/2362 1739/2494/2364
f 1666/2498/2365 1668/2496/2366 1712/2497/2367
f 1712/2497/2367 1668/2496/2366 1714/2495/2368
f 1665/2500/2369 1666/2498/2365 1664/2499/2370
f 1664/2499/2370 1666/2498/2365 1712/2497/2367
f 1660/2501/2371 1661/2502/2372 1665/2500/2369
f 1660/2501/2371 1665/2500/2369 1664/2499/2370
f 1660/2501/2371 1659/2503/2373 1661/2502/2372
f 1658/2504/2374 1659/2503/2373 1660/2501/2371
f 1734/2487/2358 1800/2505/2246 1735/2486/2356
f 1798/2506/2247 1800/2505/2246 1734/2487/2358
f 1735/2486/2356 1803/2507/2248 1737/2489/2359
f 1800/2505/2246 1803/2507/2248 1735/2486/2356
f 1737/2489/2359 1803/2507/2248 1736/2492/2362
f 1736/2492/2362 1803/2507/2248 1802/2508/2249
f 1736/2492/2362 1802/2508/2249 1739/2494/2364
f 1739/2494/2364 1802/2508/2249 1808/2509/2250
f 1712/2497/2367 1714/2495/2368 1761/2511/2252
f 1761/2511/2252 1714/2495/2368 1762/2510/2251
f 1697/2512/2375 1698/2491/2361 1696/2513/2376
f 1697/2512/2375 1699/2490/2360 1698/2491/2361
f 1696/2513/2376 1700/2493/2363 1682/2514/2377
f 1696/2513/2376 1698/2491/2361 1700/2493/2363
f 1682/2514/2377 1700/2493/2363 1738/2515/2378
f 1700/2493/2363 1739/2494/2364 1738/2515/2378
f 1738/2515/2378 1739/2494/2364 1806/2516/2257
f 1739/2494/2364 1808/2509/2250 1806/2516/2257
f 1693/2517/2379 1694/2488/2357 1697/2512/2375
f 1694/2488/2357 1699/2490/2360 1697/2512/2375
f 1692/2518/2380 1695/2485/2355 1693/2517/2379
f 1695/2485/2355 1694/2488/2357 1693/2517/2379
f 1733/2519/2381 1695/2485/2355 1692/2518/2380
f 1733/2519/2381 1734/2487/2358 1695/2485/2355
f 1796/2520/2261 1734/2487/2358 1733/2519/2381
f 1796/2520/2261 1798/2506/2247 1734/2487/2358
f 1680/2522/2382 1697/2512/2375 1696/2513/2376
f 1680/2522/2382 1696/2513/2376 1679/2521/2383
f 1693/2517/2379 1697/2512/2375 1680/2522/2382
f 1678/2523/2384 1693/2517/2379 1680/2522/2382
f 1692/2518/2380 1693/2517/2379 1678/2523/2384
f 1677/2524/2385 1692/2518/2380 1678/2523/2384
f 1676/2525/2386 1733/2519/2381 1692/2518/2380
f 1676/2525/2386 1692/2518/2380 1677/2524/2385
f 1679/2521/2383 1696/2513/2376 1682/2514/2377
f 1679/2521/2383 1682/2514/2377 1681/2526/2387
f 1682/2514/2377 1738/2515/2378 1725/2527/2388
f 1681/2526/2387 1682/2514/2377 1725/2527/2388
f 1738/2515/2378 1806/2516/2257 1780/2528/2269
f 1725/2527/2388 1738/2515/2378 1780/2528/2269
f 1680/2522/2382 1679/2521/2383 1662/2529/2389
f 1663/2530/2390 1680/2522/2382 1662/2529/2389
f 1657/2531/2391 1678/2523/2384 1680/2522/2382
f 1657/2531/2391 1680/2522/2382 1663/2530/2390
f 1656/2532/2392 1677/2524/2385 1678/2523/2384
f 1656/2532/2392 1678/2523/2384 1657/2531/2391
f 1676/2525/2386 1677/2524/2385 1656/2532/2392
f 1655/2533/2393 1676/2525/2386 1656/2532/2392
f 1679/2521/2383 1681/2526/2387 1667/2534/2394
f 1662/2529/2389 1679/2521/2383 1667/2534/2394
f 1681/2526/2387 1725/2527/2388 1667/2534/2394
f 1667/2534/2394 1725/2527/2388 1713/2535/2395
f 1725/2527/2388 1780/2528/2269 1713/2535/2395
f 1713/2535/2395 1780/2528/2269 1759/2536/2277
f 1663/2530/2390 1662/2529/2389 1666/2498/2365
f 1665/2500/2369 1663/2530/2390 1666/2498/2365
f 1661/2502/2372 1657/2531/2391 1663/2530/2390
f 1661/2502/2372 1663/2530/2390 1665/2500/2369
f 1659/2503/2373 1656/2532/2392 1657/2531/2391
f 1659/2503/2373 1657/2531/2391 1661/2502/2372
f 1655/2533/2393 1656/2532/2392 1659/2503/2373
f 1658/2504/2374 1655/2533/2393 1659/2503/2373
f 1662/2529/2389 1667/2534/2394 1668/2496/2366
f 1666/2498/2365 1662/2529/2389 1668/2496/2366
f 1668/2496/2366 1667/2534/2394 1713/2535/2395
f 1668/2496/2366 1713/2535/2395 1714/2495/2368
f 1714/2495/2368 1713/2535/2395 1759/2536/2277
f 1714/2495/2368 1759/2536/2277 1762/2510/2251
f 1705/2538/2396 1712/2497/2367 1761/2511/2252
f 1705/2538/2396 1761/2511/2252 1748/2537/2278
f 1664/2499/2370 1712/2497/2367 1705/2538/2396
f 1636/2539/2397 1664/2499/2370 1705/2538/2396
f 1636/2539/2397 1660/2501/2371 1664/2499/2370
f 1635/2540/2398 1660/2501/2371 1636/2539/2397
f 1654/2541/2399 1658/2504/2374 1660/2501/2371
f 1654/2541/2399 1660/2501/2371 1635/2540/2398
f 1653/2542/2400 1655/2533/2393 1658/2504/2374
f 1654/2541/2399 1653/2542/2400 1658/2504/2374
f 1723/2543/2401 1676/2525/2386 1655/2533/2393
f 1653/2542/2400 1723/2543/2401 1655/2533/2393
f 1722/2544/2402 1733/2519/2381 1676/2525/2386
f 1723/2543/2401 1722/2544/2402 1676/2525/2386
f 1775/2545/2286 1796/2520/2261 1733/2519/2381
f 1775/2545/2286 1733/2519/2381 1722/2544/2402
f 2633/2474/2346 1703/2471/2345 2637/2546/172
f 1703/2471/2345 1710/2547/2403 2637/2546/172
f 1711/2475/2348 1721/2548/2404 1710/2547/2403
f 1703/2471/2345 1711/2475/2348 1710/2547/2403
f 1724/2477/2350 1720/2549/2405 1721/2548/2404
f 1711/2475/2348 1724/2477/2350 1721/2548/2404
f 1724/2477/2350 1772/2550/2291 1720/2549/2405
f 1778/2480/2221 1772/2550/2291 1724/2477/2350
f 1705/2538/2396 1748/2537/2278 2638/2552/2406
f 2638/2552/2406 1748/2537/2278 2628/2551/2292
f 2638/2552/2406 1636/2539/2397 1705/2538/2396
f 2639/2553/2407 1636/2539/2397 2638/2552/2406
f 2639/2553/2407 1635/2540/2398 1636/2539/2397
f 2640/2554/2408 1635/2540/2398 2639/2553/2407
f 2640/2554/2408 1654/2541/2399 1635/2540/2398
f 2637/2546/172 1654/2541/2399 2640/2554/2408
f 1710/2547/2403 1653/2542/2400 1654/2541/2399
f 2637/2546/172 1710/2547/2403 1654/2541/2399
f 1721/2548/2404 1723/2543/2401 1653/2542/2400
f 1710/2547/2403 1721/2548/2404 1653/2542/2400
f 1720/2549/2405 1722/2544/2402 1723/2543/2401
f 1721/2548/2404 1720/2549/2405 1723/2543/2401
f 1772/2550/2291 1775/2545/2286 1722/2544/2402
f 1772/2550/2291 1722/2544/2402 1720/2549/2405
f 1745/2555/2409 1818/2556/2294 1899/2557/2410
f 1899/2557/2410 1818/2556/2294 1897/2558/2411
f 1818/2556/2294 1817/2559/2295 1897/2558/2411
f 1897/2558/2411 1815/171/2287 1898/2560/2412
f 1817/2559/2295 1815/171/2287 1897/2558/2411
f 1891/2561/2413 1745/2555/2409 1899/2557/2410
f 1746/2562/2292 1745/2555/2409 1891/2561/2413
f 1893/2563/154 1634/2556/2414 1704/2555/2406
f 1893/2563/154 1704/2555/2406 1892/2564/2415
f 1892/2564/2415 1746/2562/2292 1891/2561/2413
f 1892/2564/2415 1704/2555/2406 1746/2562/2292
f 1890/2565/2416 1634/2556/2414 1893/2563/154
f 1890/2565/2416 1633/2559/2417 1634/2556/2414
f 1890/2565/2416 1631/171/172 1633/2559/2417
f 1885/169/170 1631/171/172 1890/2565/2416
f 1889/2566/2418 1630/2567/2419 1885/169/170
f 1627/2568/2354 1630/2567/2419 1889/2566/2418
f 1888/2569/2420 1628/2570/2421 1889/2566/2418
f 1628/2570/2421 1627/2568/2354 1889/2566/2418
f 1887/2571/2422 1701/2572/2423 1888/2569/2420
f 1701/2572/2423 1628/2570/2421 1888/2569/2420
f 1886/2573/2424 1741/2574/2425 1887/2571/2422
f 1741/2574/2425 1701/2572/2423 1887/2571/2422
f 1895/2575/2426 1741/2574/2425 1886/2573/2424
f 1895/2575/2426 1742/2572/2427 1741/2574/2425
f 1896/2576/2428 1812/2570/2224 1894/2577/2429
f 1896/2576/2428 1811/2568/2225 1812/2570/2224
f 1894/2577/2429 1812/2570/2224 1742/2572/2427
f 1894/2577/2429 1742/2572/2427 1895/2575/2426
f 1896/2576/2428 1814/2567/2430 1811/2568/2225
f 1898/2560/2412 1814/2567/2430 1896/2576/2428
f 1815/171/2287 1816/170/2215 1898/2560/2412
f 1898/2560/2412 1816/170/2215 1814/2567/2430
f 1630/2567/2419 1632/170/171 1885/169/170
f 1000/115/115 975/120/120 1003/1329/1109
f 1003/1329/1109 975/120/120 976/1450/1239
f 1010/1656/1461 1008/128/128 1037/1535/1330
f 1037/1535/1330 1008/128/128 1033/124/124
f 974/119/119 979/1447/1236 975/120/120
f 975/120/120 979/1447/1236 976/1450/1239
f 1008/128/128 1013/1654/1459 1009/127/127
f 1010/1656/1461 1013/1654/1459 1008/128/128
